Block,Pos,Weight,Measured_by,Date,Entered_by,Missing,Bag
E1,1,,Maya,Aug/3/21,Maya ,0,0
E1,2,27.35,Maya,Aug/3/21,Maya ,0,0
E1,3,29.92,Maya,Aug/3/21,Maya ,0,0
E1,4,46.22,Maya,Aug/3/21,Maya ,0,0
E1,5,38.08,Maya,Aug/3/21,Maya ,0,0
E1,6,29.88,Maya,Aug/3/21,Maya ,0,0
E1,7,33.69,Maya,Aug/3/21,Maya ,0,0
E1,8,27.65,Maya,Aug/3/21,Maya ,0,0
E1,9,29.95,Maya,Aug/3/21,Maya ,0,0
E1,10,29.1,Maya,Aug/3/21,Maya ,0,0
E1,11,41.07,Maya,Aug/3/21,Maya ,0,0
E1,12,30.39,Maya,Aug/3/21,Maya ,0,0
E1,13,36.64,Maya,Aug/3/21,Maya ,0,0
E1,14,23.13,Maya,Aug/3/21,Maya ,1,0
E1,15,31.05,Maya,Aug/3/21,Maya ,0,0
E1,16,30.76,Maya,Aug/3/21,Maya ,0,0
E1,17,31.41,Maya,Aug/3/21,Maya ,0,0
E1,18,42.9,Maya,Aug/3/21,Maya ,0,0
E1,19,27.94,Maya,Aug/3/21,Maya ,0,0
E1,20,28.05,Maya,Aug/3/21,Maya ,0,0
E1,21,34.68,Maya,Aug/3/21,Maya ,0,0
E1,22,29.81,Maya,Aug/3/21,Maya ,0,0
E1,23,43.32,Maya,Aug/3/21,Maya ,0,0
E1,24,32.12,Maya,Aug/3/21,Maya ,0,0
E1,25,29.85,Maya,Aug/3/21,Maya ,0,0
E1,26,41.89,Maya,Aug/3/21,Maya ,0,0
E1,27,31.36,Maya,Aug/3/21,Maya ,0,0
E1,28,38.78,Maya,Aug/3/21,Maya ,0,0
E1,29,29.2,Maya,Aug/3/21,Maya ,0,0
E1,30,30.45,Maya,Aug/3/21,Maya ,0,0
E1,31,29.61,Maya,Aug/3/21,Maya ,0,0
E1,32,31.44,Maya,Aug/3/21,Maya ,0,0
E1,33,31.31,Maya,Aug/3/21,Maya ,0,0
E1,34,28.29,Maya,Aug/3/21,Maya ,0,0
E1,35,31.37,Maya,Aug/3/21,Maya ,0,0
E1,36,34.8,Maya,Aug/3/21,Maya ,0,0
E1,37,35.33,Maya,Aug/3/21,Maya ,0,0
E1,38,39.4,Maya,Aug/3/21,Maya ,0,0
E1,39,29.2,Maya,Aug/3/21,Maya ,0,0
E1,40,33.51,Maya,Aug/3/21,Maya ,0,0
E1,41,46.1,Maya,Aug/3/21,Maya ,0,0
E1,42,27.3,Maya,Aug/3/21,Maya ,0,0
E1,43,41,Maya,Aug/3/21,Maya ,0,0
E1,44,25.43,Maya,Aug/3/21,Maya ,0,0
E1,45,35.2,Maya,Aug/3/21,Maya ,0,0
E1,46,31.92,Maya,Aug/3/21,Maya ,0,0
E1,47,26.89,Maya,Aug/3/21,Maya ,0,0
E1,48,43.52,Maya,Aug/3/21,Maya ,0,0
E1,49,39.2,Maya,Aug/3/21,Maya ,0,0
E1,50,26.4,Maya,Aug/3/21,Maya ,0,0
E1,51,42.36,Maya,Aug/3/21,Maya ,0,0
E1,52,26.4,Maya,Aug/3/21,Maya ,0,0
E1,53,42.76,Maya,Aug/3/21,Maya ,0,0
E1,54,27.77,Maya,Aug/3/21,Maya ,0,0
E1,55,31.91,Maya,Aug/3/21,Maya ,0,0
E1,56,31.01,Maya,Aug/3/21,Maya ,0,0
E1,57,28.59,Maya,Aug/3/21,Maya ,0,0
E1,58,32.93,Maya,Aug/3/21,Maya ,0,0
E1,59,25.34,Maya,Aug/3/21,Maya ,0,0
E1,60,38.6,Maya,Aug/3/21,Maya ,0,0
E1,61,51.3,Maya,Aug/3/21,Maya ,0,0
E1,62,36.56,Maya,Aug/3/21,Maya ,0,0
E1,63,24.02,Maya,Aug/3/21,Maya ,1,0
E1,64,30.21,Maya,Aug/3/21,Maya ,0,0
E1,65,33.34,Maya,Aug/3/21,Maya ,0,0
E1,66,32.43,Maya,Aug/3/21,Maya ,0,0
E1,67,27.4,Maya,Aug/3/21,Maya ,0,0
E1,68,39.45,Maya,Aug/3/21,Maya ,0,0
E1,69,31.88,Maya,Aug/3/21,Maya ,0,0
E1,70,36.87,Maya,Aug/3/21,Maya ,0,0
E1,71,43.36,Maya,Aug/3/21,Maya ,0,0
E1,72,34.06,Maya,Aug/3/21,Maya ,0,0
E1,73,37.43,Maya,Aug/3/21,Maya ,0,0
E1,74,25.18,Maya,Aug/3/21,Maya ,0,0
E1,75,38.51,Maya,Aug/3/21,Maya ,0,0
E1,76,35.67,Maya,Aug/3/21,Maya ,0,0
E1,77,28.79,Maya,Aug/3/21,Maya ,0,0
E1,78,33.23,Maya,Aug/3/21,Maya ,0,0
E1,79,33.31,Maya,Aug/3/21,Maya ,0,0
E1,80,32.12,Maya,Aug/3/21,Maya ,0,0
E1,81,35.41,Maya,Aug/3/21,Maya ,0,0
E1,82,32.15,Maya,Aug/3/21,Maya ,0,0
E1,83,32.62,Maya,Aug/3/21,Maya ,0,0
E1,84,28.13,Maya,Aug/3/21,Maya ,0,0
E1,85,28.46,Maya,Aug/3/21,Maya ,0,0
E1,86,31.95,Maya,Aug/3/21,Maya ,0,0
E1,87,33.33,Maya,Aug/3/21,Maya ,0,0
E1,88,44.67,Maya,Aug/3/21,Maya ,0,0
E1,89,28.39,Maya,Aug/3/21,Maya ,0,0
E1,90,39.39,Maya,Aug/3/21,Maya ,0,0
E1,91,24.06,Maya,Aug/3/21,Maya ,1,0
E1,92,30.06,Maya,Aug/3/21,Maya ,0,0
E1,93,43.67,Maya,Aug/4/21,Maya ,0,0
E1,94,39.57,Maya,Aug/4/21,Maya ,0,0
E1,95,26.14,Maya,Aug/4/21,Maya ,0,0
E1,96,30.44,Maya,Aug/4/21,Maya ,0,0
E1,97,32.69,Maya,Aug/4/21,Maya ,0,0
E1,98,53.44,Maya,Aug/4/21,Maya ,0,0
E1,99,43.45,Maya,Aug/4/21,Maya ,0,0
E1,100,83.76,Maya,Aug/4/21,Maya ,0,0
E1,101,91.73,Diego,Jul/28/21,Maya ,0,0
E1,102,54.95,Diego,Jul/28/21,Maya ,0,0
E1,103,59.82,Diego,Jul/28/21,Maya ,0,0
E1,104,34.51,Diego,Jul/28/21,Maya ,0,0
E1,105,36.28,Diego,Jul/28/21,Maya ,0,0
E1,106,25.63,Diego,Jul/28/21,Maya ,0,0
E1,107,41.61,Diego,Jul/28/21,Maya ,0,0
E1,108,43.47,Diego,Jul/28/21,Maya ,0,0
E1,109,40.29,Diego,Jul/28/21,Maya ,0,0
E1,110,40.94,Diego,Jul/28/21,Maya ,0,0
E1,111,42.38,Diego,Jul/28/21,Maya ,0,0
E1,112,34.42,Diego,Jul/28/21,Maya ,0,0
E1,113,52.59,Diego,Jul/28/21,Maya ,0,0
E1,114,27.81,Diego,Jul/28/21,Maya ,0,0
E1,115,31.24,Diego,Jul/28/21,Maya ,0,0
E1,116,28.22,Diego,Jul/28/21,Maya ,0,0
E1,117,32.33,Diego,Jul/28/21,Maya ,0,0
E1,118,47.25,Diego,Jul/28/21,Maya ,0,0
E1,119,24.43,Diego,Jul/28/21,Maya ,0,0
E1,120,32.92,Diego,Jul/28/21,Maya ,0,0
E1,121,26.19,Diego,Jul/28/21,Maya ,0,0
E1,122,25.41,Diego,Jul/28/21,Maya ,0,0
E1,123,34.61,Diego,Jul/28/21,Maya ,0,0
E1,124,25.35,Diego,Jul/28/21,Maya ,0,0
E1,125,32.92,Diego,Jul/28/21,Maya ,0,0
E1,126,31.71,Diego,Jul/28/21,Maya ,0,0
E1,127,30.46,Diego,Jul/28/21,Maya ,0,0
E1,128,38.67,Diego,Jul/28/21,Maya ,0,0
E1,129,25.56,Diego,Jul/28/21,Maya ,0,0
E1,130,30.58,Diego,Jul/28/21,Maya ,0,0
E1,131,30.47,Diego,Jul/28/21,Maya ,0,0
E1,132,26.28,Diego,Jul/28/21,Maya ,0,0
E1,133,26.6,Diego,Jul/28/21,Maya ,0,0
E1,134,32.37,Diego,Jul/28/21,Maya ,0,0
E1,135,30.22,Diego,Jul/28/21,Maya ,0,0
E1,136,33.02,Diego,Jul/28/21,Maya ,0,0
E1,137,26.37,Diego,Jul/28/21,Maya ,0,0
E1,138,39.38,Diego,Jul/28/21,Maya ,0,0
E1,139,33.57,Diego,Jul/28/21,Maya ,0,0
E1,140,37.47,Diego,Jul/28/21,Maya ,0,0
E1,141,34.11,Diego,Jul/28/21,Maya ,0,0
E1,142,35.75,Diego,Jul/28/21,Maya ,0,0
E1,143,34.8,Diego,Jul/28/21,Maya ,0,0
E1,144,37.99,Diego,Jul/28/21,Maya ,0,0
E1,145,41.92,Diego,Jul/28/21,Maya ,0,0
E1,146,33.02,Diego,Jul/28/21,Maya ,0,0
E1,147,25.69,Diego,Jul/28/21,Maya ,0,0
E1,148,46.25,Diego,Jul/28/21,Maya ,0,0
E1,149,38.82,Diego,Jul/28/21,Maya ,0,0
E1,150,24.81,Diego,Jul/28/21,Maya ,0,0
E1,151,27.03,Maya,Aug/3/21,Maya ,0,0
E1,152,35.71,Maya,Aug/3/21,Maya ,0,0
E1,153,32.23,Maya,Aug/3/21,Maya ,0,0
E1,154,26,Maya,Aug/3/21,Maya ,0,0
E1,155,42.48,Maya,Aug/3/21,Maya ,0,0
E1,156,24.62,Maya,Aug/3/21,Maya ,1,0
E1,157,27.38,Maya,Aug/3/21,Maya ,0,0
E1,158,43.86,Maya,Aug/3/21,Maya ,0,0
E1,159,35.6,Maya,Aug/3/21,Maya ,0,0
E1,160,33.21,Maya,Aug/3/21,Maya ,0,0
E1,161,24,Maya,Aug/3/21,Maya ,0,0
E1,162,24.08,Maya,Aug/3/21,Maya ,0,0
E1,163,31.98,Maya,Aug/3/21,Maya ,0,0
E1,164,24.22,Maya,Aug/3/21,Maya ,0,0
E1,165,33.07,Maya,Aug/3/21,Maya ,0,0
E1,166,27.85,Maya,Aug/3/21,Maya ,0,0
E1,167,23.05,Maya,Aug/3/21,Maya ,1,0
E1,168,49.65,Maya,Aug/3/21,Maya ,0,0
E1,169,31.38,Maya,Aug/3/21,Maya ,0,0
E1,170,35.97,Maya,Aug/3/21,Maya ,0,0
E1,171,23.62,Maya,Aug/3/21,Maya ,0,0
E1,172,39.05,Maya,Aug/3/21,Maya ,0,0
E1,173,47.41,Maya,Aug/3/21,Maya ,0,0
E1,174,28.13,Maya,Aug/3/21,Maya ,0,0
E1,175,25.62,Maya,Aug/3/21,Maya ,0,0
E1,176,31.78,Maya,Aug/3/21,Maya ,0,0
E1,177,33.78,Maya,Aug/3/21,Maya ,0,0
E1,178,37.6,Maya,Aug/3/21,Maya ,0,0
E1,179,30.25,Maya,Aug/3/21,Maya ,0,0
E1,180,36.08,Maya,Aug/3/21,Maya ,0,0
E1,181,28.15,Maya,Aug/3/21,Maya ,0,0
E1,182,24.96,Maya,Aug/3/21,Maya ,0,0
E1,183,32.85,Maya,Aug/3/21,Maya ,0,0
E1,184,27.48,Maya,Aug/3/21,Maya ,0,0
E1,185,38.59,Maya,Aug/3/21,Maya ,0,0
E1,186,29.51,Maya,Aug/3/21,Maya ,0,0
E1,187,25.59,Maya,Aug/3/21,Maya ,0,0
E1,188,46.78,Maya,Aug/3/21,Maya ,0,0
E1,189,25.41,Maya,Aug/3/21,Maya ,0,0
E1,190,31.8,Maya,Aug/3/21,Maya ,0,0
E1,191,24.31,Maya,Aug/3/21,Maya ,0,0
E1,192,26.83,Maya,Aug/3/21,Maya ,0,0
E1,193,49.56,Maya,Aug/3/21,Maya ,0,0
E1,194,25.56,Maya,Aug/3/21,Maya ,0,0
E1,195,30.75,Maya,Aug/3/21,Maya ,0,0
E1,196,34.92,Maya,Aug/3/21,Maya ,0,0
E1,197,27.96,Maya,Aug/3/21,Maya ,0,0
E1,198,36.64,Maya,Aug/3/21,Maya ,0,0
E1,199,34.09,Maya,Aug/3/21,Maya ,0,0
E1,200,39.05,Maya,Aug/3/21,Maya ,0,0
E2,1,38.09,Diego,Aug/3/21,Maya ,0,0
E2,2,39.47,Diego,Aug/3/21,Maya ,0,0
E2,3,142.66,Diego,Aug/3/21,Maya ,0,0
E2,4,27.25,Diego,Aug/3/21,Maya ,0,0
E2,5,28.35,Diego,Aug/3/21,Maya ,0,0
E2,6,42.89,Diego,Aug/3/21,Maya ,0,0
E2,7,28.59,Diego,Aug/3/21,Maya ,0,0
E2,8,33.77,Diego,Aug/3/21,Maya ,0,0
E2,9,31.89,Diego,Aug/3/21,Maya ,0,0
E2,10,25.08,Diego,Aug/3/21,Maya ,0,0
E2,11,32.4,Diego,Aug/3/21,Maya ,0,0
E2,12,26.41,Diego,Aug/3/21,Maya ,0,0
E2,13,31.22,Diego,Aug/3/21,Maya ,0,0
E2,14,30.67,Diego,Aug/3/21,Maya ,0,0
E2,15,29.29,Diego,Aug/3/21,Maya ,0,0
E2,16,49.12,Diego,Aug/3/21,Maya ,0,0
E2,17,33.32,Diego,Aug/3/21,Maya ,0,0
E2,18,26.17,Diego,Aug/3/21,Maya ,0,0
E2,19,32.8,Diego,Aug/3/21,Maya ,0,0
E2,20,28.93,Diego,Aug/3/21,Maya ,0,0
E2,21,37.96,Diego,Aug/3/21,Maya ,0,0
E2,22,39.45,Diego,Aug/3/21,Maya ,0,0
E2,23,31.72,Diego,Aug/3/21,Maya ,0,0
E2,24,38.99,Diego,Aug/3/21,Maya ,0,0
E2,25,34.25,Diego,Aug/3/21,Maya ,0,0
E2,26,31.24,Diego,Aug/3/21,Maya ,0,0
E2,27,27.72,Diego,Aug/3/21,Maya ,0,0
E2,28,41.78,Diego,Aug/3/21,Maya ,0,0
E2,29,33.1,Diego,Aug/3/21,Maya ,0,0
E2,30,25.22,Diego,Aug/3/21,Maya ,0,0
E2,31,47.36,Diego,Aug/3/21,Maya ,0,0
E2,32,30.14,Diego,Aug/3/21,Maya ,0,0
E2,33,28.89,Diego,Aug/3/21,Maya ,0,0
E2,34,34.25,Diego,Aug/3/21,Maya ,0,0
E2,35,27.28,Diego,Aug/3/21,Maya ,0,0
E2,36,24.22,Diego,Aug/3/21,Maya ,1,0
E2,37,24.27,Diego,Aug/3/21,Maya ,0,0
E2,38,32.39,Diego,Aug/3/21,Maya ,0,0
E2,39,37.48,Diego,Aug/3/21,Maya ,0,0
E2,40,23.7,Diego,Aug/3/21,Maya ,1,0
E2,41,37.91,Diego,Aug/3/21,Maya ,0,0
E2,42,25.42,Diego,Aug/3/21,Maya ,0,0
E2,43,34.91,Diego,Aug/3/21,Maya ,0,0
E2,44,31.75,Diego,Aug/3/21,Maya ,0,0
E2,45,28.29,Diego,Aug/3/21,Maya ,0,0
E2,46,29.17,Diego,Aug/3/21,Maya ,0,0
E2,47,24.62,Diego,Aug/3/21,Maya ,0,0
E2,48,25.85,Diego,Aug/3/21,Maya ,0,0
E2,49,24.77,Diego,Aug/3/21,Maya ,0,0
E2,50,27.45,Diego,Aug/3/21,Maya ,0,0
E2,51,44.44,Diego,Aug/3/21,Maya ,0,0
E2,52,26.01,Diego,Aug/3/21,Maya ,0,0
E2,53,43.06,Diego,Aug/3/21,Maya ,0,0
E2,54,29.56,Diego,Aug/3/21,Maya ,0,0
E2,55,24.53,Diego,Aug/3/21,Maya ,0,0
E2,56,42.2,Diego,Aug/3/21,Maya ,0,0
E2,57,32.42,Diego,Aug/3/21,Maya ,0,0
E2,58,27.3,Diego,Aug/3/21,Maya ,0,0
E2,59,27.25,Diego,Aug/3/21,Maya ,0,0
E2,60,24.77,Diego,Aug/3/21,Maya ,0,0
E2,61,44.93,Diego,Aug/3/21,Maya ,0,0
E2,62,25.35,Diego,Aug/3/21,Maya ,0,0
E2,63,27.32,Diego,Aug/3/21,Maya ,0,0
E2,64,26.31,Diego,Aug/3/21,Maya ,0,0
E2,65,24.41,Diego,Aug/3/21,Maya ,0,0
E2,66,24.31,Diego,Aug/3/21,Maya ,1,0
E2,67,23.59,Diego,Aug/3/21,Maya ,1,0
E2,68,38.28,Diego,Aug/3/21,Maya ,0,0
E2,69,33.06,Diego,Aug/3/21,Maya ,0,0
E2,70,25.86,Diego,Aug/3/21,Maya ,0,0
E2,71,34.96,Diego,Aug/3/21,Maya ,0,0
E2,72,26.33,Diego,Aug/3/21,Maya ,0,0
E2,73,39,Diego,Aug/3/21,Maya ,0,0
E2,74,27.25,Diego,Aug/3/21,Maya ,0,0
E2,75,31.54,Diego,Aug/3/21,Maya ,0,0
E2,76,33.59,Diego,Aug/3/21,Maya ,0,0
E2,77,23.62,Diego,Aug/3/21,Maya ,0,0
E2,78,32.38,Diego,Aug/3/21,Maya ,0,0
E2,79,40.84,Diego,Aug/3/21,Maya ,0,0
E2,80,25.29,Diego,Aug/3/21,Maya ,0,0
E2,81,55.8,Diego,Aug/3/21,Maya ,0,0
E2,82,36.29,Diego,Aug/3/21,Maya ,0,0
E2,83,50.06,Diego,Aug/3/21,Maya ,0,0
E2,84,24.21,Diego,Aug/3/21,Maya ,0,0
E2,85,26.3,Diego,Aug/3/21,Maya ,0,0
E2,86,39.69,Diego,Aug/3/21,Maya ,0,0
E2,87,35.04,Diego,Aug/3/21,Maya ,0,0
E2,88,25.27,Diego,Aug/3/21,Maya ,0,0
E2,89,23.71,Diego,Aug/3/21,Maya ,1,0
E2,90,33.79,Diego,Aug/3/21,Maya ,0,0
E2,91,64.7,Diego,Aug/3/21,Maya ,0,0
E2,92,38.77,Diego,Aug/3/21,Maya ,0,0
E2,93,32.81,Diego,Aug/3/21,Maya ,0,0
E2,94,25.28,Diego,Aug/3/21,Maya ,0,0
E2,95,32.98,Diego,Aug/3/21,Maya ,0,0
E2,96,23.89,Diego,Aug/3/21,Maya ,0,0
E2,97,33.32,Diego,Aug/3/21,Maya ,0,0
E2,98,65.54,Diego,Aug/3/21,Maya ,0,0
E2,99,55.38,Diego,Aug/3/21,Maya ,0,0
E2,100,106.84,Diego,Aug/3/21,Maya ,0,0
E2,101,24.32,Diego,Aug/3/21,Maya ,1,0
E2,102,24.05,Diego,Aug/3/21,Maya ,1,0
E2,103,82.34,Diego,Aug/3/21,Maya ,0,0
E2,104,24.7,Diego,Aug/3/21,Maya ,1,0
E2,105,23.62,Diego,Aug/3/21,Maya ,1,0
E2,106,25.06,Diego,Aug/3/21,Maya ,1,0
E2,107,23.42,Diego,Aug/3/21,Maya ,1,0
E2,108,74.51,Diego,Aug/3/21,Maya ,0,0
E2,109,54.02,Diego,Aug/3/21,Maya ,0,0
E2,110,24.44,Diego,Aug/3/21,Maya ,1,0
E2,111,28.17,Diego,Aug/3/21,Maya ,0,0
E2,112,26.86,Diego,Aug/3/21,Maya ,0,0
E2,113,45.74,Diego,Aug/3/21,Maya ,0,0
E2,114,34.04,Diego,Aug/3/21,Maya ,0,0
E2,115,24.65,Diego,Aug/3/21,Maya ,0,0
E2,116,50.99,Diego,Aug/3/21,Maya ,0,0
E2,117,29.64,Diego,Aug/3/21,Maya ,0,0
E2,118,25.56,Diego,Aug/3/21,Maya ,0,0
E2,119,23.42,Diego,Aug/3/21,Maya ,1,0
E2,120,27.62,Diego,Aug/3/21,Maya ,0,0
E2,121,38.14,Diego,Aug/3/21,Maya ,0,0
E2,122,25.56,Diego,Aug/3/21,Maya ,0,0
E2,123,67.55,Diego,Aug/3/21,Maya ,0,0
E2,124,31.53,Diego,Aug/3/21,Maya ,0,0
E2,125,62.11,Diego,Aug/3/21,Maya ,0,0
E2,126,27.61,Diego,Aug/3/21,Maya ,0,0
E2,127,27.47,Diego,Aug/3/21,Maya ,0,0
E2,128,66.23,Diego,Aug/3/21,Maya ,0,0
E2,129,27.55,Diego,Aug/3/21,Maya ,0,0
E2,130,37.89,Diego,Aug/3/21,Maya ,0,0
E2,131,43.32,Diego,Aug/3/21,Maya ,0,0
E2,132,29.26,Diego,Aug/3/21,Maya ,0,0
E2,133,26.49,Diego,Aug/3/21,Maya ,0,0
E2,134,26.71,Diego,Aug/3/21,Maya ,0,0
E2,135,42.6,Diego,Aug/3/21,Maya ,0,0
E2,136,30.08,Diego,Aug/3/21,Maya ,0,0
E2,137,24.91,Diego,Aug/3/21,Maya ,0,0
E2,138,45.1,Diego,Aug/3/21,Maya ,0,0
E2,139,23.93,Diego,Aug/3/21,Maya ,0,0
E2,140,34.73,Diego,Aug/3/21,Maya ,0,0
E2,141,23.95,Diego,Aug/3/21,Maya ,1,0
E2,142,37.54,Diego,Aug/3/21,Maya ,0,0
E2,143,53.86,Diego,Aug/3/21,Maya ,0,0
E2,144,31.62,Diego,Aug/3/21,Maya ,0,0
E2,145,54.01,Diego,Aug/3/21,Maya ,0,0
E2,146,33.29,Diego,Aug/3/21,Maya ,0,0
E2,147,25.72,Diego,Aug/3/21,Maya ,0,0
E2,148,64.53,Diego,Aug/3/21,Maya ,0,0
E2,149,32.51,Diego,Aug/3/21,Maya ,0,0
E2,150,23.63,Diego,Aug/3/21,Maya ,1,0
E2,151,27.92,Diego,Aug/3/21,Maya ,0,0
E2,152,31.74,Diego,Aug/3/21,Maya ,0,0
E2,153,39.68,Diego,Aug/3/21,Maya ,0,0
E2,154,27.41,Diego,Aug/3/21,Maya ,0,0
E2,155,45.12,Diego,Aug/3/21,Maya ,0,0
E2,156,33.22,Diego,Aug/3/21,Maya ,0,0
E2,157,25.08,Diego,Aug/3/21,Maya ,0,0
E2,158,39.32,Diego,Aug/3/21,Maya ,0,0
E2,159,24.86,Diego,Aug/3/21,Maya ,0,0
E2,160,29.65,Diego,Aug/3/21,Maya ,0,0
E2,161,31.58,Diego,Aug/3/21,Maya ,0,0
E2,162,26.46,Diego,Aug/3/21,Maya ,0,0
E2,163,39.01,Diego,Aug/3/21,Maya ,0,0
E2,164,24.73,Diego,Aug/3/21,Maya ,0,0
E2,165,46.7,Diego,Aug/3/21,Maya ,0,0
E2,166,24.49,Diego,Aug/3/21,Maya ,0,0
E2,167,29.17,Diego,Aug/3/21,Maya ,0,0
E2,168,46.5,Diego,Aug/3/21,Maya ,0,0
E2,169,30.08,Diego,Aug/3/21,Maya ,0,0
E2,170,28.61,Diego,Aug/3/21,Maya ,0,0
E2,171,33.51,Diego,Aug/3/21,Maya ,0,0
E2,172,27.96,Diego,Aug/3/21,Maya ,0,0
E2,173,41.73,Diego,Aug/3/21,Maya ,0,0
E2,174,24.16,Diego,Aug/3/21,Maya ,0,0
E2,175,31.47,Diego,Aug/3/21,Maya ,0,0
E2,176,36.51,Diego,Aug/3/21,Maya ,0,0
E2,177,28.11,Diego,Aug/3/21,Maya ,0,0
E2,178,43.97,Diego,Aug/3/21,Maya ,0,0
E2,179,25.02,Diego,Aug/3/21,Maya ,0,0
E2,180,31.78,Diego,Aug/3/21,Maya ,0,0
E2,181,31.06,Diego,Aug/3/21,Maya ,0,0
E2,182,28.76,Diego,Aug/3/21,Maya ,0,0
E2,183,36.05,Diego,Aug/3/21,Maya ,0,0
E2,184,24.92,Diego,Aug/3/21,Maya ,0,0
E2,185,29.62,Diego,Aug/3/21,Maya ,0,0
E2,186,25.23,Diego,Aug/3/21,Maya ,0,0
E2,187,24.56,Diego,Aug/3/21,Maya ,0,0
E2,188,40.94,Diego,Aug/3/21,Maya ,0,0
E2,189,31.79,Diego,Aug/3/21,Maya ,0,0
E2,190,34.22,Diego,Aug/3/21,Maya ,0,0
E2,191,62.77,Diego,Aug/3/21,Maya ,0,0
E2,192,28.9,Diego,Aug/3/21,Maya ,0,0
E2,193,28.54,Diego,Aug/3/21,Maya ,0,0
E2,194,27.4,Diego,Aug/3/21,Maya ,0,0
E2,195,28.5,Diego,Aug/3/21,Maya ,0,0
E2,196,27.54,Diego,Aug/3/21,Maya ,0,0
E2,197,37.65,Diego,Aug/3/21,Maya ,0,0
E2,198,40,Diego,Aug/3/21,Maya ,0,0
E2,199,56.41,Diego,Aug/3/21,Maya ,0,0
E2,200,24.25,Diego,Aug/3/21,Maya ,1,0
E2,201,31.17,Diego,Aug/3/21,Maya ,0,0
E2,202,25.42,Diego,Aug/3/21,Maya ,0,0
E2,203,28.46,Diego,Aug/3/21,Maya ,0,0
E2,204,25.3,Diego,Aug/3/21,Maya ,0,0
E2,205,60.87,Diego,Aug/3/21,Maya ,0,0
E3,1,101.81,Diego,Aug/3/21,Maya ,0,0
E3,2,108.52,Diego,Aug/3/21,Maya ,0,0
E3,3,86.4,Diego,Aug/3/21,Maya ,0,0
E3,4,70.82,Diego,Aug/3/21,Maya ,0,0
E3,5,83.94,Diego,Aug/3/21,Maya ,0,0
E3,6,37.85,Diego,Aug/3/21,Maya ,0,0
E3,7,32.42,Diego,Aug/3/21,Maya ,0,0
E3,8,27.77,Diego,Aug/3/21,Maya ,0,0
E3,9,36.24,Diego,Aug/3/21,Maya ,0,0
E3,10,26.79,Diego,Aug/3/21,Maya ,0,0
E3,11,36.55,Diego,Aug/3/21,Maya ,0,0
E3,12,54.11,Diego,Aug/3/21,Maya ,0,0
E3,13,27.74,Diego,Aug/3/21,Maya ,0,0
E3,14,37.8,Diego,Aug/3/21,Maya ,0,0
E3,15,33.43,Diego,Aug/3/21,Maya ,0,0
E3,16,70.27,Diego,Aug/3/21,Maya ,0,0
E3,17,42.14,Diego,Aug/3/21,Maya ,0,0
E3,18,29.71,Diego,Aug/3/21,Maya ,0,0
E3,19,28.93,Diego,Aug/3/21,Maya ,0,0
E3,20,30.56,Diego,Aug/3/21,Maya ,0,0
E3,21,63.77,Diego,Aug/3/21,Maya ,0,0
E3,22,27.72,Diego,Aug/3/21,Maya ,0,0
E3,23,34.67,Diego,Aug/3/21,Maya ,0,0
E3,24,36.31,Diego,Aug/3/21,Maya ,0,0
E3,25,29.47,Diego,Aug/3/21,Maya ,0,0
E3,26,29.56,Diego,Aug/3/21,Maya ,0,0
E3,27,39.3,Diego,Aug/3/21,Maya ,0,0
E3,28,32.2,Diego,Aug/3/21,Maya ,0,0
E3,29,32.92,Diego,Aug/3/21,Maya ,0,0
E3,30,39.68,Diego,Aug/3/21,Maya ,0,0
E3,31,25.65,Diego,Aug/3/21,Maya ,0,0
E3,32,27.14,Diego,Aug/3/21,Maya ,0,0
E3,33,60.46,Diego,Aug/3/21,Maya ,0,0
E3,34,29.24,Diego,Aug/3/21,Maya ,0,0
E3,35,37.76,Diego,Aug/3/21,Maya ,0,0
E3,36,40.14,Diego,Aug/3/21,Maya ,0,0
E3,37,24.4,Diego,Aug/3/21,Maya ,0,0
E3,38,23.44,Diego,Aug/3/21,Maya ,1,0
E3,39,24.74,Diego,Aug/3/21,Maya ,0,0
E3,40,36.79,Diego,Aug/3/21,Maya ,0,0
E3,41,24.08,Diego,Aug/3/21,Maya ,0,0
E3,42,29.16,Diego,Aug/3/21,Maya ,0,0
E3,43,26.68,Diego,Aug/3/21,Maya ,0,0
E3,44,37.74,Diego,Aug/3/21,Maya ,0,0
E3,45,52.34,Diego,Aug/3/21,Maya ,0,0
E3,46,23.89,Diego,Aug/3/21,Maya ,0,0
E3,47,28.6,Diego,Aug/3/21,Maya ,0,0
E3,48,52.5,Diego,Aug/3/21,Maya ,0,0
E3,49,24.27,Diego,Aug/3/21,Maya ,0,0
E3,50,28.97,Diego,Aug/3/21,Maya ,0,0
E3,51,26.85,Diego,Jul/28/21,Maya ,0,0
E3,52,40.91,Diego,Jul/28/21,Maya ,0,0
E3,53,52.92,Diego,Jul/28/21,Maya ,0,0
E3,54,29.35,Diego,Jul/28/21,Maya ,0,0
E3,55,39.02,Diego,Jul/28/21,Maya ,0,0
E3,56,27.31,Diego,Jul/28/21,Maya ,0,0
E3,57,30.25,Diego,Jul/28/21,Maya ,0,0
E3,58,30.83,Diego,Jul/28/21,Maya ,0,0
E3,59,26.12,Diego,Jul/28/21,Maya ,0,0
E3,60,33.14,Diego,Jul/28/21,Maya ,0,0
E3,61,33.54,Diego,Jul/28/21,Maya ,0,0
E3,62,46.48,Diego,Jul/28/21,Maya ,0,0
E3,63,28.46,Diego,Jul/28/21,Maya ,0,0
E3,64,37.7,Diego,Jul/28/21,Maya ,0,0
E3,65,29.57,Diego,Jul/28/21,Maya ,0,0
E3,66,30.45,Diego,Jul/28/21,Maya ,0,0
E3,67,30.58,Diego,Jul/28/21,Maya ,0,0
E3,68,25.44,Diego,Jul/28/21,Maya ,0,0
E3,69,32.67,Diego,Jul/28/21,Maya ,0,0
E3,70,39.84,Diego,Jul/28/21,Maya ,0,0
E3,71,34.79,Diego,Jul/28/21,Maya ,0,0
E3,72,23.57,Diego,Jul/28/21,Maya ,1,0
E3,73,41.85,Diego,Jul/28/21,Maya ,0,0
E3,74,26.45,Diego,Jul/28/21,Maya ,0,0
E3,75,36.15,Diego,Jul/28/21,Maya ,0,0
E3,76,39.45,Diego,Jul/30/21,Maya ,0,0
E3,77,29.02,Diego,Jul/30/21,Maya ,0,0
E3,78,36.6,Diego,Jul/30/21,Maya ,0,0
E3,79,26.51,Diego,Jul/30/21,Maya ,0,0
E3,80,40.39,Diego,Aug/3/21,Maya ,0,0
E3,81,29.61,Diego,Aug/3/21,Maya ,0,0
E3,82,29.24,Diego,Aug/3/21,Maya ,0,0
E3,83,46.6,Diego,Aug/3/21,Maya ,0,0
E3,84,30.34,Diego,Aug/3/21,Maya ,0,0
E3,85,41.39,Diego,Aug/3/21,Maya ,0,0
E3,86,30.84,Diego,Aug/3/21,Maya ,0,0
E3,87,31.5,Diego,Aug/3/21,Maya ,0,0
E3,88,34.03,Diego,Aug/3/21,Maya ,0,0
E3,89,26.29,Diego,Aug/3/21,Maya ,0,0
E3,90,46.95,Diego,Aug/3/21,Maya ,0,0
E3,91,25.77,Diego,Aug/3/21,Maya ,0,0
E3,92,35.08,Diego,Aug/3/21,Maya ,0,0
E3,93,34.1,Diego,Aug/3/21,Maya ,0,0
E3,94,23.82,Diego,Aug/3/21,Maya ,1,0
E3,95,38.45,Diego,Aug/3/21,Maya ,0,0
E3,96,44,Diego,Aug/3/21,Maya ,0,0
E3,97,42.79,Diego,Aug/3/21,Maya ,0,0
E3,98,61.25,Diego,Aug/3/21,Maya ,0,0
E3,99,25.72,Diego,Aug/3/21,Maya ,0,0
E3,100,63.64,Diego,Aug/3/21,Maya ,0,0
E3,101,68.29,Diego,Aug/3/21,Maya ,0,0
E3,102,23.58,Diego,Aug/3/21,Maya ,1,0
E3,103,81.36,Diego,Aug/3/21,Maya ,0,0
E3,104,40.35,Diego,Aug/3/21,Maya ,0,0
E3,105,33.03,Diego,Aug/3/21,Maya ,0,0
E3,106,44.4,Diego,Aug/3/21,Maya ,0,0
E3,107,28,Diego,Aug/3/21,Maya ,0,0
E3,108,30.26,Diego,Aug/3/21,Maya ,0,0
E3,109,37.91,Diego,Aug/3/21,Maya ,0,0
E3,110,32.04,Diego,Aug/3/21,Maya ,0,0
E3,111,67.55,Diego,Aug/3/21,Maya ,0,0
E3,112,35.94,Diego,Aug/3/21,Maya ,0,0
E3,113,35.23,Diego,Aug/3/21,Maya ,0,0
E3,114,30.68,Diego,Aug/3/21,Maya ,0,0
E3,115,42.29,Diego,Aug/3/21,Maya ,0,0
E3,116,37.29,Diego,Aug/3/21,Maya ,0,0
E3,117,31.84,Diego,Aug/3/21,Maya ,0,0
E3,118,23.15,Diego,Aug/3/21,Maya ,0,0
E3,119,35.65,Diego,Aug/3/21,Maya ,0,0
E3,120,34.72,Diego,Aug/3/21,Maya ,0,0
E3,121,30.25,Diego,Aug/3/21,Maya ,0,0
E3,122,24.17,Diego,Aug/3/21,Maya ,0,0
E3,123,33.19,Diego,Aug/3/21,Maya ,0,0
E3,124,32,Diego,Aug/3/21,Maya ,0,0
E3,125,31.98,Diego,Aug/3/21,Maya ,0,0
E3,126,38.49,Diego,Aug/3/21,Maya ,0,0
E3,127,31.55,Diego,Aug/3/21,Maya ,0,0
E3,128,38.61,Diego,Aug/3/21,Maya ,0,0
E3,129,30.72,Diego,Aug/3/21,Maya ,0,0
E3,130,26.34,Diego,Aug/3/21,Maya ,0,0
E3,131,35.08,Diego,Aug/3/21,Maya ,0,0
E3,132,30.25,Diego,Aug/3/21,Maya ,0,0
E3,133,29.98,Diego,Aug/3/21,Maya ,0,0
E3,134,31.71,Diego,Aug/3/21,Maya ,0,0
E3,135,33.58,Diego,Aug/3/21,Maya ,0,0
E3,136,33.79,Diego,Aug/3/21,Maya ,0,0
E3,137,30.95,Diego,Aug/3/21,Maya ,0,0
E3,138,35.01,Diego,Aug/3/21,Maya ,0,0
E3,139,28.95,Diego,Aug/3/21,Maya ,0,0
E3,140,24.41,Diego,Aug/3/21,Maya ,0,0
E3,141,35.16,Diego,Aug/3/21,Maya ,0,0
E3,142,27.24,Diego,Aug/3/21,Maya ,0,0
E3,143,45.5,Diego,Aug/3/21,Maya ,0,0
E3,144,31.45,Diego,Aug/3/21,Maya ,0,0
E3,145,37.19,Diego,Aug/3/21,Maya ,0,0
E3,146,37.79,Diego,Aug/3/21,Maya ,0,0
E3,147,23.53,Diego,Aug/3/21,Maya ,1,0
E3,148,46.21,Diego,Aug/3/21,Maya ,0,0
E3,149,29.17,Diego,Aug/3/21,Maya ,0,0
E3,150,38.87,Diego,Aug/3/21,Maya ,0,0
E3,151,34.35,Maya,Aug/4/21,Maya ,0,0
E3,152,25.76,Maya,Aug/4/21,Maya ,0,0
E3,153,28.57,Maya,Aug/4/21,Maya ,0,0
E3,154,29.87,Maya,Aug/4/21,Maya ,0,0
E3,155,23.4,Maya,Aug/4/21,Maya ,1,0
E3,156,39.4,Maya,Aug/4/21,Maya ,0,0
E3,157,29,Maya,Aug/4/21,Maya ,0,0
E3,158,39.18,Maya,Aug/4/21,Maya ,0,0
E3,159,31.71,Maya,Aug/4/21,Maya ,0,0
E3,160,29.95,Maya,Aug/4/21,Maya ,0,0
E3,161,34.24,Maya,Aug/4/21,Maya ,0,0
E3,162,26.83,Maya,Aug/4/21,Maya ,0,0
E3,163,47.06,Maya,Aug/4/21,Maya ,0,0
E3,164,31.51,Maya,Aug/4/21,Maya ,0,0
E3,165,35.34,Maya,Aug/4/21,Maya ,0,0
E3,166,34.31,Maya,Aug/4/21,Maya ,0,0
E3,167,23.23,Maya,Aug/4/21,Maya ,1,0
E3,168,30.85,Maya,Aug/4/21,Maya ,0,0
E3,169,31.16,Maya,Aug/4/21,Maya ,0,0
E3,170,29.62,Maya,Aug/4/21,Maya ,0,0
E3,171,46.93,Maya,Aug/4/21,Maya ,0,0
E3,172,31.12,Maya,Aug/4/21,Maya ,0,0
E3,173,43.52,Maya,Aug/4/21,Maya ,0,0
E3,174,25.62,Maya,Aug/4/21,Maya ,0,0
E3,175,26.83,Maya,Aug/4/21,Maya ,0,0
E3,176,37.01,Maya,Aug/4/21,Maya ,0,0
E3,177,31.22,Maya,Aug/4/21,Maya ,0,0
E3,178,37.85,Maya,Aug/4/21,Maya ,0,0
E3,179,30,Maya,Aug/4/21,Maya ,0,0
E3,180,27.15,Maya,Aug/4/21,Maya ,0,0
E3,181,40.65,Maya,Aug/4/21,Maya ,0,0
E3,182,33.12,Maya,Aug/4/21,Maya ,0,0
E3,183,25.94,Maya,Aug/4/21,Maya ,0,0
E3,184,31.29,Maya,Aug/4/21,Maya ,0,0
E3,185,30.55,Maya,Aug/4/21,Maya ,0,0
E3,186,39.95,Maya,Aug/4/21,Maya ,0,0
E3,187,31,Maya,Aug/4/21,Maya ,0,0
E3,188,24.99,Maya,Aug/4/21,Maya ,0,0
E3,189,35.62,Maya,Aug/4/21,Maya ,0,0
E3,190,32.39,Maya,Aug/4/21,Maya ,0,0
E3,191,24.41,Maya,Aug/4/21,Maya ,0,0
E3,192,29.8,Maya,Aug/4/21,Maya ,0,0
E3,193,45.54,Maya,Aug/4/21,Maya ,0,0
E3,194,47.17,Maya,Aug/4/21,Maya ,0,0
E3,195,40.49,Maya,Aug/4/21,Maya ,0,0
E3,196,71.13,Maya,Aug/4/21,Maya ,0,0
E3,197,29.26,Maya,Aug/4/21,Maya ,0,0
E3,198,55.32,Maya,Aug/4/21,Maya ,0,0
E3,199,78.2,Maya,Aug/4/21,Maya ,0,0
E3,200,70.25,Maya,Aug/4/21,Maya ,0,0
E4,1,23.44,Diego,Jul/28/21,Maya,1,0
E4,2,23.32,Diego,Jul/28/21,Maya,1,0
E4,3,62.08,Diego,Jul/28/21,Maya,0,0
E4,4,35.21,Diego,Jul/28/21,Maya,0,0
E4,5,26.23,Diego,Jul/28/21,Maya,0,0
E4,6,26.99,Diego,Jul/28/21,Maya,0,0
E4,7,37.27,Diego,Jul/28/21,Maya,0,0
E4,8,24.09,Diego,Jul/28/21,Maya,0,0
E4,9,35.02,Diego,Jul/28/21,Maya,0,0
E4,10,30.47,Diego,Jul/28/21,Maya,0,0
E4,11,51.2,Diego,Jul/28/21,Maya,0,0
E4,12,40.93,Diego,Jul/28/21,Maya,0,0
E4,13,27.4,Diego,Jul/28/21,Maya,0,0
E4,14,50.19,Diego,Jul/28/21,Maya,0,0
E4,15,23.63,Diego,Jul/28/21,Maya,0,0
E4,16,33.04,Diego,Jul/28/21,Maya,0,0
E4,17,42.45,Diego,Jul/28/21,Maya,0,0
E4,18,31.17,Diego,Jul/28/21,Maya,0,0
E4,19,33.98,Diego,Jul/28/21,Maya,0,0
E4,20,31.87,Diego,Jul/28/21,Maya,0,0
E4,21,28.15,Diego,Jul/28/21,Maya,0,0
E4,22,24.36,Diego,Jul/28/21,Maya,0,0
E4,23,28.17,Diego,Jul/28/21,Maya,0,0
E4,24,44.03,Diego,Jul/28/21,Maya,0,0
E4,25,43.81,Diego,Jul/28/21,Maya,0,0
E4,26,27.43,Diego,Jul/28/21,Maya,0,0
E4,27,35.49,Diego,Jul/28/21,Maya,0,0
E4,28,37.48,Diego,Jul/28/21,Maya,0,0
E4,29,28.24,Diego,Jul/28/21,Maya,0,0
E4,30,33.93,Diego,Jul/28/21,Maya,0,0
E4,31,28.04,Diego,Jul/28/21,Maya,0,0
E4,32,33.02,Diego,Jul/28/21,Maya,0,0
E4,33,39.41,Diego,Jul/28/21,Maya,0,0
E4,34,36.48,Diego,Jul/28/21,Maya,0,0
E4,35,31.72,Diego,Jul/28/21,Maya,0,0
E4,36,44.83,Diego,Jul/28/21,Maya,0,0
E4,37,27.11,Diego,Jul/28/21,Maya,0,0
E4,38,46.26,Diego,Jul/28/21,Maya,0,0
E4,39,27.09,Diego,Jul/28/21,Maya,0,0
E4,40,28.48,Diego,Jul/28/21,Maya,0,0
E4,41,52.15,Diego,Jul/28/21,Maya,0,0
E4,42,29.03,Diego,Jul/28/21,Maya,0,0
E4,43,58.4,Diego,Jul/28/21,Maya,0,0
E4,44,28.54,Diego,Jul/28/21,Maya,0,0
E4,45,33.5,Diego,Jul/28/21,Maya,0,0
E4,46,36.82,Diego,Jul/28/21,Maya,0,0
E4,47,23.3,Diego,Jul/28/21,Maya,0,0
E4,48,40.15,Diego,Jul/28/21,Maya,0,0
E4,49,24.34,Diego,Jul/28/21,Maya,0,0
E4,50,35.45,Diego,Jul/28/21,Maya,0,0
E4,51,30.57,Diego,Jul/28/21,Maya,0,0
E4,52,45.94,Diego,Jul/28/21,Maya,0,0
E4,53,46.19,Diego,Jul/28/21,Maya,0,0
E4,54,29.33,Diego,Jul/28/21,Maya,0,0
E4,55,36.19,Diego,Jul/28/21,Maya,0,0
E4,56,25.63,Diego,Jul/28/21,Maya,0,0
E4,57,32.84,Diego,Jul/28/21,Maya,0,0
E4,58,31.6,Diego,Jul/28/21,Maya,0,0
E4,59,28.2,Diego,Jul/28/21,Maya,0,0
E4,60,28.94,Diego,Jul/28/21,Maya,0,0
E4,61,40.12,Diego,Jul/28/21,Maya,0,0
E4,62,37.16,Diego,Jul/28/21,Maya,0,0
E4,63,46.83,Diego,Jul/28/21,Maya,0,0
E4,64,28.69,Diego,Jul/28/21,Maya,0,0
E4,65,38.58,Diego,Jul/28/21,Maya,0,0
E4,66,35.69,Diego,Jul/28/21,Maya,0,0
E4,67,25.33,Diego,Jul/28/21,Maya,0,0
E4,68,41.7,Diego,Jul/28/21,Maya,0,0
E4,69,35.4,Diego,Jul/28/21,Maya,0,0
E4,70,28.62,Diego,Jul/28/21,Maya,0,0
E4,71,38.71,Diego,Jul/28/21,Maya,0,0
E4,72,40.07,Diego,Jul/28/21,Maya,0,0
E4,73,31.35,Diego,Jul/28/21,Maya,0,0
E4,74,25.7,Diego,Jul/28/21,Maya,0,0
E4,75,29.95,Diego,Jul/28/21,Maya,0,0
E4,76,23.08,Diego,Jul/28/21,Maya,1,0
E4,77,27.6,Diego,Jul/28/21,Maya,0,0
E4,78,26.45,Diego,Jul/28/21,Maya,0,0
E4,79,42.46,Diego,Jul/28/21,Maya,0,0
E4,80,27.56,Diego,Jul/28/21,Maya,0,0
E4,81,54.61,Diego,Jul/28/21,Maya,0,0
E4,82,29.87,Diego,Jul/28/21,Maya,0,0
E4,83,48.42,Diego,Jul/28/21,Maya,0,0
E4,84,31.81,Diego,Jul/28/21,Maya,0,0
E4,85,22.94,Diego,Jul/28/21,Maya,1,0
E4,86,29.04,Diego,Jul/28/21,Maya,0,0
E4,87,42.85,Diego,Jul/28/21,Maya,0,0
E4,88,54.76,Diego,Jul/28/21,Maya,0,0
E4,89,44.46,Diego,Jul/28/21,Maya,0,0
E4,90,23.84,Diego,Jul/28/21,Maya,1,0
E4,91,72.49,Diego,Jul/28/21,Maya,0,0
E4,92,35.47,Diego,Jul/28/21,Maya,0,0
E4,93,38.99,Diego,Jul/28/21,Maya,0,0
E4,94,34.57,Diego,Jul/28/21,Maya,0,0
E4,95,33.61,Diego,Jul/28/21,Maya,0,0
E4,96,101.37,Diego,Jul/28/21,Maya,0,0
E4,97,49.55,Diego,Jul/28/21,Maya,0,0
E4,98,32.88,Diego,Jul/28/21,Maya,0,0
E4,99,62.28,Diego,Jul/28/21,Maya,0,0
E4,100,68.52,Diego,Jul/28/21,Maya,0,0
E4,101,66.68,Mabel,10-Mar-20,Diego,0,0
E4,102,50.88,Mabel,10-Mar-20,Diego,0,0
E4,103,37.83,Mabel,10-Mar-20,Diego,0,0
E4,104,41.78,Mabel,10-Mar-20,Diego,0,0
E4,105,53.65,Mabel,10-Mar-20,Diego,0,0
E4,106,24.16,Mabel,10-Mar-20,Diego,0,0
E4,107,42.85,Mabel,10-Mar-20,Diego,0,0
E4,108,71.42,Mabel,10-Mar-20,Diego,0,0
E4,109,28.32,Mabel,10-Mar-20,Diego,0,0
E4,110,28.06,Mabel,10-Mar-20,Diego,0,0
E4,111,49.64,Mabel,10-Mar-20,Diego,0,0
E4,112,24.56,Mabel,10-Mar-20,Diego,0,0
E4,113,35.29,Mabel,10-Mar-20,Diego,0,0
E4,114,34.03,Mabel,10-Mar-20,Diego,0,0
E4,115,38.15,Mabel,10-Mar-20,Diego,0,0
E4,116,23.41,Mabel,10-Mar-20,Diego,0,0
E4,117,28.81,Mabel,10-Mar-20,Diego,0,0
E4,118,48.72,Mabel,10-Mar-20,Diego,0,0
E4,119,38.15,Mabel,10-Mar-20,Diego,0,0
E4,120,34.7,Mabel,10-Mar-20,Diego,0,0
E4,121,37.43,Mabel,10-Mar-20,Diego,0,0
E4,122,22.77,Mabel,10-Mar-20,Diego,0,0
E4,123,31,Mabel,10-Mar-20,Diego,0,0
E4,124,24.84,Mabel,10-Mar-20,Diego,0,0
E4,125,28.94,Mabel,10-Mar-20,Diego,0,0
E4,126,44.28,Mabel,10-Mar-20,Diego,0,0
E4,127,31.94,Mabel,10-Mar-20,Diego,0,0
E4,128,69.75,Mabel,10-Mar-20,Diego,0,0
E4,129,26.49,Mabel,10-Mar-20,Diego,0,0
E4,130,32.66,Mabel,10-Mar-20,Diego,0,0
E4,131,49.75,Mabel,10-Mar-20,Diego,0,0
E4,132,32.03,Mabel,10-Mar-20,Diego,0,0
E4,133,23.67,Mabel,10-Mar-20,Diego,0,0
E4,134,29.42,Mabel,10-Mar-20,Diego,0,0
E4,135,36.7,Mabel,10-Mar-20,Diego,0,0
E4,136,43.93,Mabel,10-Mar-20,Diego,0,0
E4,137,24.6,Mabel,10-Mar-20,Diego,0,0
E4,138,47.61,Mabel,10-Mar-20,Diego,0,0
E4,139,28.92,Mabel,10-Mar-20,Diego,0,0
E4,140,34.97,Mabel,10-Mar-20,Diego,0,0
E4,141,26.91,Mabel,10-Mar-20,Diego,0,0
E4,142,60.64,Mabel,10-Mar-20,Diego,0,0
E4,143,47.27,Mabel,10-Mar-20,Diego,0,0
E4,144,22.75,Mabel,10-Mar-20,Diego,0,0
E4,145,25.25,Mabel,10-Mar-20,Diego,0,0
E4,146,36.7,Mabel,10-Mar-20,Diego,0,0
E4,147,28.48,Mabel,10-Mar-20,Diego,0,0
E4,148,62.37,Mabel,10-Mar-20,Diego,0,0
E4,149,26.4,Mabel,10-Mar-20,Diego,0,0
E4,150,42.43,Mabel,10-Mar-20,Diego,0,0
E4,151,37.91,Maya ,Aug/4/21,Maya ,0,0
E4,152,38.56,Maya ,Aug/4/21,Maya ,0,0
E4,153,34.9,Maya ,Aug/4/21,Maya ,0,0
E4,154,37.65,Maya ,Aug/4/21,Maya ,0,0
E4,155,76.02,Maya ,Aug/4/21,Maya ,0,0
E4,156,32.57,Maya ,Aug/4/21,Maya ,0,0
E4,157,45.76,Maya ,Aug/4/21,Maya ,0,0
E4,158,43.32,Maya ,Aug/4/21,Maya ,0,0
E4,159,26.15,Maya ,Aug/4/21,Maya ,0,0
E4,160,28.15,Maya ,Aug/4/21,Maya ,0,0
E4,161,39.1,Maya ,Aug/4/21,Maya ,0,0
E4,162,31.51,Maya ,Aug/4/21,Maya ,0,0
E4,163,54.68,Maya ,Aug/4/21,Maya ,0,0
E4,164,25.21,Maya ,Aug/4/21,Maya ,0,0
E4,165,26.26,Maya ,Aug/4/21,Maya ,0,0
E4,166,36.88,Maya ,Aug/4/21,Maya ,0,0
E4,167,31.66,Maya ,Aug/4/21,Maya ,0,0
E4,168,50.86,Maya ,Aug/4/21,Maya ,0,0
E4,169,39.35,Maya ,Aug/4/21,Maya ,0,0
E4,170,44.03,Maya ,Aug/4/21,Maya ,0,0
E4,171,30.57,Maya ,Aug/4/21,Maya ,0,0
E4,172,27.74,Maya ,Aug/4/21,Maya ,0,0
E4,173,42.59,Maya ,Aug/4/21,Maya ,0,0
E4,174,35.09,Maya ,Aug/4/21,Maya ,0,0
E4,175,73.66,Maya ,Aug/4/21,Maya ,0,0
E4,176,26.85,Maya ,Aug/4/21,Maya ,0,0
E4,177,37.87,Maya ,Aug/4/21,Maya ,0,0
E4,178,38.25,Maya ,Aug/4/21,Maya ,0,0
E4,179,37.89,Maya ,Aug/4/21,Maya ,0,0
E4,180,23.76,Maya ,Aug/4/21,Maya ,1,0
E4,181,42.31,Maya ,Aug/4/21,Maya ,0,0
E4,182,37.54,Maya ,Aug/4/21,Maya ,0,0
E4,183,80.45,Maya ,Aug/4/21,Maya ,0,0
E4,184,26.94,Maya ,Aug/4/21,Maya ,0,0
E4,185,47.58,Maya ,Aug/4/21,Maya ,0,0
E4,186,23.71,Maya ,Aug/4/21,Maya ,1,0
E4,187,50.01,Maya ,Aug/4/21,Maya ,0,0
E4,188,41.47,Maya ,Aug/4/21,Maya ,0,0
E4,189,24.91,Maya ,Aug/4/21,Maya ,0,0
E4,190,36.64,Maya ,Aug/4/21,Maya ,0,0
E4,191,25.43,Maya ,Aug/4/21,Maya ,0,0
E4,192,25.2,Maya ,Aug/4/21,Maya ,0,0
E4,193,28.49,Maya ,Aug/4/21,Maya ,0,0
E4,194,37.26,Maya ,Aug/4/21,Maya ,0,0
E4,195,32.82,Maya ,Aug/4/21,Maya ,0,0
E4,196,23.93,Maya ,Aug/4/21,Maya ,0,0
E4,197,32.34,Maya ,Aug/4/21,Maya ,0,0
E4,198,66.13,Maya ,Aug/4/21,Maya ,0,0
E4,199,39.42,Maya ,Aug/4/21,Maya ,0,0
E4,200,64.33,Maya ,Aug/4/21,Maya ,0,0
E4,201,61.32,Diego,Aug/4/21,Diego,0,0
E5,1,31.1,Maya ,Jul/28/21,Maya ,0,0
E5,2,24.72,Maya ,Jul/28/21,Maya ,0,0
E5,3,36.06,Maya ,Jul/28/21,Maya ,0,0
E5,4,27.42,Maya ,Jul/28/21,Maya ,0,0
E5,5,27.71,Maya ,Jul/28/21,Maya ,0,0
E5,6,26.06,Maya ,Jul/28/21,Maya ,0,0
E5,7,23.11,Maya ,Jul/28/21,Maya ,0,0
E5,8,25.08,Maya ,Jul/28/21,Maya ,0,0
E5,9,38.43,Maya ,Jul/28/21,Maya ,0,0
E5,10,25.77,Maya ,Jul/28/21,Maya ,0,0
E5,11,29.1,Maya ,Jul/28/21,Maya ,0,0
E5,12,35.9,Maya ,Jul/28/21,Maya ,0,0
E5,13,31.86,Maya ,Jul/28/21,Maya ,0,0
E5,14,23.92,Maya ,Jul/28/21,Maya ,0,0
E5,15,26.99,Maya ,Jul/28/21,Maya ,0,0
E5,16,23.87,Maya ,Jul/28/21,Maya ,0,0
E5,17,27.33,Maya ,Jul/28/21,Maya ,0,0
E5,18,24.11,Maya ,Jul/28/21,Maya ,0,0
E5,19,30.9,Maya ,Jul/28/21,Maya ,0,0
E5,20,24.79,Maya ,Jul/28/21,Maya ,0,0
E5,21,32.88,Maya ,Jul/28/21,Maya ,0,0
E5,22,26.21,Maya ,Jul/28/21,Maya ,0,0
E5,23,26.63,Maya ,Jul/28/21,Maya ,0,0
E5,24,24.13,Maya ,Jul/28/21,Maya ,0,0
E5,25,23.41,Maya ,Jul/28/21,Maya ,0,0
E5,26,31.56,Maya ,Jul/28/21,Maya ,0,0
E5,27,25.31,Maya ,Jul/28/21,Maya ,0,0
E5,28,25.66,Maya ,Jul/28/21,Maya ,0,0
E5,29,23.33,Maya ,Jul/28/21,Maya ,0,0
E5,30,26.26,Maya ,Jul/28/21,Maya ,0,0
E5,31,38.87,Maya ,Jul/28/21,Maya ,0,0
E5,32,22.89,Maya ,Jul/28/21,Maya ,0,0
E5,33,29.15,Maya ,Jul/28/21,Maya ,0,0
E5,34,35.18,Maya ,Jul/28/21,Maya ,0,0
E5,35,32.85,Maya ,Jul/28/21,Maya ,0,0
E5,36,27.69,Maya ,Jul/28/21,Maya ,0,0
E5,37,24.55,Maya ,Jul/28/21,Maya ,0,0
E5,38,24.51,Maya ,Jul/28/21,Maya ,0,0
E5,39,29.96,Maya ,Jul/28/21,Maya ,0,0
E5,40,25.06,Maya ,Jul/28/21,Maya ,0,0
E5,41,26.63,Maya ,Jul/28/21,Maya ,0,0
E5,42,30.06,Maya ,Jul/28/21,Maya ,0,0
E5,43,25.32,Maya ,Jul/28/21,Maya ,0,0
E5,44,27.88,Maya ,Jul/28/21,Maya ,0,0
E5,45,26.17,Maya ,Jul/28/21,Maya ,0,0
E5,46,31.27,Maya ,Jul/28/21,Maya ,0,0
E5,47,23.53,Maya ,Jul/28/21,Maya ,0,0
E5,48,39.73,Maya ,Jul/28/21,Maya ,0,0
E5,49,33.3,Maya ,Jul/28/21,Maya ,0,0
E5,50,29.75,Maya ,Jul/28/21,Maya ,0,0
E5,51,28.65,Maya ,Jul/28/21,Maya ,0,0
E5,52,32.28,Maya ,Jul/28/21,Maya ,0,0
E5,53,23.31,Maya ,Jul/28/21,Maya ,1,0
E5,54,24.86,Maya ,Jul/28/21,Maya ,0,0
E5,55,29.53,Maya ,Jul/28/21,Maya ,0,0
E5,56,36.78,Maya ,Jul/28/21,Maya ,0,0
E5,57,29.82,Maya ,Jul/28/21,Maya ,0,0
E5,58,24.63,Maya ,Jul/28/21,Maya ,0,0
E5,59,43.93,Maya ,Jul/28/21,Maya ,0,0
E5,60,30.99,Maya ,Jul/28/21,Maya ,0,0
E5,61,35.98,Maya ,Jul/28/21,Maya ,0,0
E5,62,34.59,Maya ,Jul/28/21,Maya ,0,0
E5,63,26.5,Maya ,Jul/28/21,Maya ,0,0
E5,64,33.39,Maya ,Jul/28/21,Maya ,0,0
E5,65,29.83,Maya ,Jul/28/21,Maya ,0,0
E5,66,34.34,Maya ,Jul/28/21,Maya ,0,0
E5,67,23.18,Maya ,Jul/28/21,Maya ,1,0
E5,68,25.14,Maya ,Jul/28/21,Maya ,0,0
E5,69,30.87,Maya ,Jul/28/21,Maya ,0,0
E5,70,24.35,Maya ,Jul/28/21,Maya ,0,0
E5,71,52.09,Maya ,Jul/28/21,Maya ,0,0
E5,72,32.2,Maya ,Jul/28/21,Maya ,0,0
E5,73,27.96,Maya ,Jul/28/21,Maya ,0,0
E5,74,26.65,Maya ,Jul/28/21,Maya ,0,0
E5,75,40.33,Maya ,Jul/28/21,Maya ,0,0
E5,76,25.13,Maya ,Jul/28/21,Maya ,0,0
E5,77,45.56,Maya ,Jul/28/21,Maya ,0,0
E5,78,23.7,Maya ,Jul/28/21,Maya ,1,0
E5,79,44,Maya ,Jul/28/21,Maya ,0,0
E5,80,29,Maya ,Jul/28/21,Maya ,0,0
E5,81,34.62,Maya ,Jul/28/21,Maya ,0,0
E5,82,23.28,Maya ,Jul/28/21,Maya ,0,0
E5,83,46.1,Maya ,Jul/28/21,Maya ,0,0
E5,84,23.35,Maya ,Jul/28/21,Maya ,1,0
E5,85,25.52,Maya ,Jul/28/21,Maya ,0,0
E5,86,37.02,Maya ,Jul/28/21,Maya ,0,0
E5,87,28.06,Maya ,Jul/28/21,Maya ,0,0
E5,88,49.97,Maya ,Jul/28/21,Maya ,0,0
E5,89,34.19,Maya ,Jul/28/21,Maya ,0,0
E5,90,25.59,Maya ,Jul/28/21,Maya ,0,0
E5,91,39.19,Maya ,Jul/28/21,Maya ,0,0
E5,92,25.86,Maya ,Jul/28/21,Maya ,0,0
E5,93,36.19,Maya ,Jul/28/21,Maya ,0,0
E5,94,29.3,Maya ,Jul/28/21,Maya ,0,0
E5,95,24.57,Maya ,Jul/28/21,Maya ,0,0
E5,96,23.74,Maya ,Jul/28/21,Maya ,1,0
E5,97,26.02,Maya ,Jul/28/21,Maya ,0,0
E5,98,36.55,Maya ,Jul/28/21,Maya ,0,0
E5,99,66.68,Maya ,Jul/28/21,Maya ,0,0
E5,100,69.68,Maya ,Jul/28/21,Maya ,0,0
E5,101,23.52,Maya ,Jul/28/21,Maya ,0,0
E5,102,88.79,Maya ,Jul/28/21,Maya ,0,0
E5,103,62.7,Maya ,Jul/28/21,Maya ,0,0
E5,104,23.83,Maya ,Jul/28/21,Maya ,1,0
E5,105,66.61,Maya ,Jul/28/21,Maya ,0,0
E5,106,23.8,Maya ,Jul/28/21,Maya ,1,0
E5,107,23.71,Maya ,Jul/28/21,Maya ,1,0
E5,108,23.04,Maya ,Jul/28/21,Maya ,1,0
E5,109,26.63,Maya ,Jul/28/21,Maya ,0,0
E5,110,23.07,Maya ,Jul/28/21,Maya ,1,0
E5,111,28.25,Maya ,Jul/28/21,Maya ,0,0
E5,112,29.94,Maya ,Jul/28/21,Maya ,0,0
E5,113,28.35,Maya ,Jul/28/21,Maya ,0,0
E5,114,37.77,Maya ,Jul/28/21,Maya ,0,0
E5,115,63.02,Maya ,Jul/28/21,Maya ,0,0
E5,116,44.62,Maya ,Jul/28/21,Maya ,0,0
E5,117,37.68,Maya ,Jul/28/21,Maya ,0,0
E5,118,79.99,Maya ,Jul/28/21,Maya ,0,0
E5,119,37.21,Maya ,Jul/28/21,Maya ,0,0
E5,120,45.41,Maya ,Jul/28/21,Maya ,0,0
E5,121,30.19,Maya ,Jul/28/21,Maya ,0,0
E5,122,31.62,Maya ,Jul/28/21,Maya ,0,0
E5,123,28.64,Maya ,Jul/28/21,Maya ,0,0
E5,124,30.69,Maya ,Jul/28/21,Maya ,0,0
E5,125,30.83,Maya ,Jul/28/21,Maya ,0,0
E5,126,34.77,Maya ,Jul/28/21,Maya ,0,0
E5,127,32.33,Maya ,Jul/28/21,Maya ,0,0
E5,128,54.37,Maya ,Jul/28/21,Maya ,0,0
E5,129,27.03,Maya ,Jul/28/21,Maya ,0,0
E5,130,27.46,Maya ,Jul/28/21,Maya ,0,0
E5,131,36.41,Maya ,Jul/28/21,Maya ,0,0
E5,132,35,Maya ,Jul/28/21,Maya ,0,0
E5,133,23.34,Maya ,Jul/28/21,Maya ,1,0
E5,134,30.49,Maya ,Jul/28/21,Maya ,0,0
E5,135,24.22,Maya ,Jul/28/21,Maya ,1,0
E5,136,72.76,Maya ,Jul/28/21,Maya ,0,0
E5,137,40.6,Maya ,Jul/28/21,Maya ,0,0
E5,138,34.18,Maya ,Jul/28/21,Maya ,0,0
E5,139,26.3,Maya ,Jul/28/21,Maya ,0,0
E5,140,23.26,Maya ,Jul/28/21,Maya ,1,0
E5,141,25.16,Maya ,Jul/28/21,Maya ,0,0
E5,142,30.52,Maya ,Jul/28/21,Maya ,0,0
E5,143,37.43,Maya ,Jul/28/21,Maya ,0,0
E5,144,30.24,Maya ,Jul/28/21,Maya ,0,0
E5,145,26.65,Maya ,Jul/28/21,Maya ,0,0
E5,146,23.55,Maya ,Jul/28/21,Maya ,0,0
E5,147,24.72,Maya ,Jul/28/21,Maya ,0,0
E5,148,47.15,Maya ,Jul/28/21,Maya ,0,0
E5,149,26.78,Maya ,Jul/28/21,Maya ,0,0
E5,150,23.76,Maya ,Jul/28/21,Maya ,1,0
E5,151,24.45,Maya ,Jul/28/21,Maya ,0,0
E5,152,26.07,Maya ,Jul/28/21,Maya ,0,0
E5,153,40.61,Maya ,Jul/28/21,Maya ,0,0
E5,154,23.87,Maya ,Jul/28/21,Maya ,0,0
E5,155,25.97,Maya ,Jul/28/21,Maya ,0,0
E5,156,24.12,Maya ,Jul/28/21,Maya ,0,0
E5,157,24.25,Maya ,Jul/28/21,Maya ,0,0
E5,158,26.48,Maya ,Jul/28/21,Maya ,0,0
E5,159,25.28,Maya ,Jul/28/21,Maya ,0,0
E5,160,33.69,Maya ,Jul/28/21,Maya ,0,0
E5,161,39.72,Maya ,Jul/28/21,Maya ,0,0
E5,162,24.02,Maya ,Jul/28/21,Maya ,0,0
E5,163,29.2,Maya ,Jul/28/21,Maya ,0,0
E5,164,27.91,Maya ,Jul/28/21,Maya ,0,0
E5,165,32.5,Maya ,Jul/28/21,Maya ,0,0
E5,166,23.68,Maya ,Jul/28/21,Maya ,0,0
E5,167,26.45,Maya ,Jul/28/21,Maya ,0,0
E5,168,50.14,Maya ,Jul/28/21,Maya ,0,0
E5,169,23.5,Maya ,Jul/28/21,Maya ,1,0
E5,170,26.91,Maya ,Jul/28/21,Maya ,0,0
E5,171,23.85,Maya ,Jul/28/21,Maya ,1,0
E5,172,24.12,Maya ,Jul/28/21,Maya ,1,0
E5,173,25.48,Maya ,Jul/28/21,Maya ,0,0
E5,174,33.06,Maya ,Jul/28/21,Maya ,0,0
E5,175,23.96,Maya ,Jul/28/21,Maya ,1,0
E5,176,31.55,Maya ,Jul/28/21,Maya ,0,0
E5,177,23.21,Maya ,Jul/28/21,Maya ,0,0
E5,178,23.7,Maya ,Jul/28/21,Maya ,0,0
E5,179,24.76,Maya ,Jul/28/21,Maya ,0,0
E5,180,34.05,Maya ,Jul/28/21,Maya ,0,0
E5,181,31.61,Maya ,Jul/28/21,Maya ,0,0
E5,182,23.97,Maya ,Jul/28/21,Maya ,0,0
E5,183,31.85,Maya ,Jul/28/21,Maya ,0,0
E5,184,23.97,Maya ,Jul/28/21,Maya ,0,0
E5,185,24.06,Maya ,Jul/28/21,Maya ,0,0
E5,186,39.34,Maya ,Jul/28/21,Maya ,0,0
E5,187,24.31,Maya ,Jul/28/21,Maya ,0,0
E5,188,31.9,Maya ,Jul/28/21,Maya ,0,0
E5,189,27.43,Maya ,Jul/28/21,Maya ,0,0
E5,190,24.28,Maya ,Jul/28/21,Maya ,0,0
E5,191,39.45,Maya ,Jul/28/21,Maya ,0,0
E5,192,29.66,Maya ,Jul/28/21,Maya ,0,0
E5,193,24.33,Maya ,Jul/28/21,Maya ,0,0
E5,194,23.11,Maya ,Jul/28/21,Maya ,0,0
E5,195,23.78,Maya ,Jul/28/21,Maya ,1,0
E5,196,23.53,Maya ,Jul/28/21,Maya ,0,0
E5,197,25.9,Maya ,Jul/28/21,Maya ,0,0
E5,198,24.48,Maya ,Jul/28/21,Maya ,0,0
E5,199,35.75,Maya ,Jul/28/21,Maya ,0,0
E5,200,64.63,Maya ,Jul/28/21,Maya ,0,0
E6,1,108.55,Maya ,Jul/28/21,Maya ,0,0
E6,2,24.37,Maya ,Jul/28/21,Maya ,1,0
E6,3,42.27,Maya ,Jul/28/21,Maya ,0,0
E6,4,24.95,Maya ,Jul/28/21,Maya ,1,0
E6,5,46.67,Maya ,Jul/28/21,Maya ,0,0
E6,6,62.14,Maya ,Jul/28/21,Maya ,0,0
E6,7,30.96,Maya ,Jul/28/21,Maya ,0,0
E6,8,37.4,Maya ,Jul/28/21,Maya ,0,0
E6,9,30.23,Maya ,Jul/28/21,Maya ,0,0
E6,10,23.89,Maya ,Jul/28/21,Maya ,1,0
E6,11,31.65,Maya ,Jul/28/21,Maya ,0,0
E6,12,24.82,Maya ,Jul/28/21,Maya ,0,0
E6,13,48.08,Maya ,Jul/28/21,Maya ,0,0
E6,14,29.77,Maya ,Jul/28/21,Maya ,0,0
E6,15,31.89,Maya ,Jul/28/21,Maya ,0,0
E6,16,29.85,Maya ,Jul/28/21,Maya ,0,0
E6,17,38.93,Maya ,Jul/28/21,Maya ,0,0
E6,18,56.89,Maya ,Jul/28/21,Maya ,0,0
E6,19,32.15,Maya ,Jul/28/21,Maya ,0,0
E6,20,28.11,Maya ,Jul/28/21,Maya ,0,0
E6,21,37.19,Maya ,Jul/28/21,Maya ,0,0
E6,22,31.38,Maya ,Jul/28/21,Maya ,0,0
E6,23,40.76,Maya ,Jul/28/21,Maya ,0,0
E6,24,27.76,Maya ,Jul/28/21,Maya ,0,0
E6,25,37.29,Maya ,Jul/28/21,Maya ,0,0
E6,26,29.61,Maya ,Jul/28/21,Maya ,0,0
E6,27,22.78,Maya ,Jul/28/21,Maya ,1,0
E6,28,48.37,Maya ,Jul/28/21,Maya ,0,0
E6,29,37.43,Maya ,Jul/28/21,Maya ,0,0
E6,30,24.65,Maya ,Jul/28/21,Maya ,0,0
E6,31,44.97,Maya ,Jul/28/21,Maya ,0,0
E6,32,24.57,Maya ,Jul/28/21,Maya ,0,0
E6,33,46.6,Maya ,Jul/28/21,Maya ,0,0
E6,34,27.32,Maya ,Jul/28/21,Maya ,0,0
E6,35,25.52,Maya ,Jul/28/21,Maya ,0,0
E6,36,24.59,Maya ,Jul/28/21,Maya ,0,0
E6,37,29.04,Maya ,Jul/28/21,Maya ,0,0
E6,38,35.38,Maya ,Jul/28/21,Maya ,0,0
E6,39,28.61,Maya ,Jul/28/21,Maya ,0,0
E6,40,27.4,Maya ,Jul/28/21,Maya ,0,0
E6,41,32.71,Maya ,Jul/28/21,Maya ,0,0
E6,42,27.47,Maya ,Jul/28/21,Maya ,0,0
E6,43,29,Maya ,Jul/28/21,Maya ,0,0
E6,44,29.58,Maya ,Jul/28/21,Maya ,0,0
E6,45,23.9,Maya ,Jul/28/21,Maya ,1,0
E6,46,29.09,Maya ,Jul/28/21,Maya ,0,0
E6,47,33.39,Maya ,Jul/28/21,Maya ,0,0
E6,48,35.07,Maya ,Jul/28/21,Maya ,0,0
E6,49,33.55,Maya ,Jul/28/21,Maya ,0,0
E6,50,25.95,Maya ,Jul/28/21,Maya ,0,0
E6,51,44.55,Diego,Aug/11/21,Maya ,0,0
E6,52,31.32,Diego,Aug/11/21,Maya ,0,0
E6,53,42.8,Diego,Aug/11/21,Maya ,0,0
E6,54,22.97,Diego,Aug/11/21,Maya ,1,0
E6,55,24.08,Diego,Aug/11/21,Maya ,1,0
E6,56,41.67,Diego,Aug/11/21,Maya ,0,0
E6,57,35.82,Diego,Aug/11/21,Maya ,0,0
E6,58,39.23,Diego,Aug/11/21,Maya ,0,0
E6,59,28.5,Diego,Aug/11/21,Maya ,0,0
E6,60,30.86,Diego,Aug/11/21,Maya ,0,0
E6,61,63.13,Diego,Aug/11/21,Maya ,0,0
E6,62,40.41,Diego,Aug/11/21,Maya ,0,0
E6,63,31.21,Diego,Aug/11/21,Maya ,0,0
E6,64,23.48,Diego,Aug/11/21,Maya ,1,0
E6,65,37.54,Diego,Aug/11/21,Maya ,0,0
E6,66,32.3,Diego,Aug/11/21,Maya ,0,0
E6,67,28.91,Diego,Aug/11/21,Maya ,0,0
E6,68,61.13,Diego,Aug/11/21,Maya ,0,0
E6,69,34.32,Diego,Aug/11/21,Maya ,0,0
E6,70,32.71,Diego,Aug/11/21,Maya ,0,0
E6,71,32.49,Diego,Aug/11/21,Maya ,0,0
E6,72,25.93,Diego,Aug/11/21,Maya ,0,0
E6,73,47.97,Diego,Aug/11/21,Maya ,0,0
E6,74,24.32,Diego,Aug/11/21,Maya ,1,0
E6,75,31.37,Diego,Aug/11/21,Maya ,0,0
E6,76,34.54,Diego,Aug/11/21,Maya ,0,0
E6,77,29.35,Diego,Aug/11/21,Maya ,0,0
E6,78,57.89,Diego,Aug/11/21,Maya ,0,0
E6,79,49.92,Diego,Aug/11/21,Maya ,0,0
E6,80,30.66,Diego,Aug/11/21,Maya ,0,0
E6,81,38.31,Diego,Aug/11/21,Maya ,0,0
E6,82,37.24,Diego,Aug/11/21,Maya ,0,0
E6,83,36.83,Diego,Aug/11/21,Maya ,0,0
E6,84,47.26,Diego,Aug/17/21,Maya ,0,0
E6,85,41.19,Diego,Aug/17/21,Maya ,0,0
E6,86,60.82,Diego,Aug/17/21,Maya ,0,0
E6,87,33.1,Diego,Aug/17/21,Maya ,0,0
E6,88,36.58,Diego,Aug/17/21,Maya ,0,0
E6,89,90.7,Diego,Aug/17/21,Maya ,0,0
E6,90,50.63,Diego,Aug/17/21,Maya ,0,0
E6,91,29.75,Diego,Aug/17/21,Maya ,0,0
E6,92,36.73,Diego,Aug/17/21,Maya ,0,0
E6,93,45.26,Diego,Aug/17/21,Maya ,0,0
E6,94,31.77,Diego,Aug/17/21,Maya ,0,0
E6,95,29.4,Diego,Aug/17/21,Maya ,0,0
E6,96,49.71,Diego,Aug/17/21,Maya ,0,0
E6,97,31.46,Diego,Aug/17/21,Maya ,0,0
E6,98,109.48,Diego,Aug/17/21,Maya ,0,0
E6,99,149.28,Diego,Aug/18/21,Maya ,0,0
E6,100,108.8,Diego,Aug/18/21,Maya ,0,0
E6,101,183.66,Maya,Jul/29/21,Maya ,0,0
E6,102,70.73,Maya,Jul/29/21,Maya ,0,0
E6,103,24.12,Maya,Jul/29/21,Maya ,1,0
E6,104,47.36,Maya,Jul/29/21,Maya ,0,0
E6,105,70.97,Maya,Jul/29/21,Maya ,0,0
E6,106,56.81,Maya,Aug/16/21,Maya ,0,0
E6,107,35.64,Maya,Aug/16/21,Maya ,0,0
E6,108,90.92,Maya,Aug/16/21,Maya ,0,0
E6,109,33.73,Maya,Aug/16/21,Maya ,0,0
E6,110,39.71,Maya,Aug/16/21,Maya ,0,0
E6,111,43.9,Maya,Aug/16/21,Maya ,0,0
E6,112,66.53,Maya,Aug/16/21,Maya ,0,0
E6,113,50.39,Maya,Aug/16/21,Maya ,0,0
E6,114,32.94,Maya,Aug/16/21,Maya ,0,0
E6,115,42.81,Maya,Aug/16/21,Maya ,0,0
E6,116,39.78,Maya,Aug/16/21,Maya ,0,0
E6,117,31.31,Maya,Aug/16/21,Maya ,0,0
E6,118,42.56,Maya,Aug/16/21,Maya ,0,0
E6,119,40.13,Maya,Aug/16/21,Maya ,0,0
E6,120,33.21,Maya,Aug/16/21,Maya ,0,0
E6,121,30.35,Maya,Aug/17/21,Maya ,0,0
E6,122,42.88,Maya,Aug/17/21,Maya ,0,0
E6,123,51.1,Maya,Aug/17/21,Maya ,0,0
E6,124,36.47,Maya,Aug/17/21,Maya ,0,0
E6,125,48.18,Maya,Aug/17/21,Maya ,0,0
E6,126,29.62,Maya,Aug/17/21,Maya ,0,0
E6,127,31.53,Maya,Aug/17/21,Maya ,0,0
E6,128,82.38,Maya,Aug/17/21,Maya ,0,0
E6,129,28.97,Maya,Aug/17/21,Maya ,0,0
E6,130,75.45,Maya,Aug/17/21,Maya ,0,0
E6,131,37.77,Maya,Jul/29/21,Maya,0,0
E6,132,39.52,Maya,Jul/29/21,Maya,0,0
E6,133,50.57,Maya,Jul/29/21,Maya,0,0
E6,134,23.68,Maya,Jul/29/21,Maya,1,0
E6,135,33,Maya,Jul/29/21,Maya,0,0
E6,136,27.74,Maya,Jul/29/21,Maya,0,0
E6,137,35.21,Maya,Jul/29/21,Maya,0,0
E6,138,56.13,Maya,Jul/29/21,Maya,0,0
E6,139,23.67,Maya,Jul/29/21,Maya,1,0
E6,140,40.49,Maya,Jul/29/21,Maya,0,0
E6,141,45.32,Maya,Jul/29/21,Maya,0,0
E6,142,40.32,Maya,Jul/29/21,Maya,0,0
E6,143,66.19,Maya,Jul/29/21,Maya,0,0
E6,144,29.88,Maya,Jul/29/21,Maya,0,0
E6,145,49.67,Maya,Jul/29/21,Maya,0,0
E6,146,33.72,Maya,Jul/29/21,Maya,0,0
E6,147,40.55,Maya,Jul/29/21,Maya,0,0
E6,148,47.3,Maya,Jul/29/21,Maya,0,0
E6,149,32.49,Maya,Jul/29/21,Maya,0,0
E6,150,35.83,Maya,Jul/29/21,Maya,0,0
E6,151,42.5,Maya,Jul/29/21,Maya,0,0
E6,152,32.85,Maya,Jul/29/21,Maya,0,0
E6,153,45.9,Maya,Jul/29/21,Maya,0,0
E6,154,27.03,Maya,Jul/29/21,Maya,0,0
E6,155,68.06,Maya,Jul/29/21,Maya,0,0
E6,156,41.55,Maya,Jul/29/21,Maya,0,0
E6,157,34.33,Maya,Jul/29/21,Maya,0,0
E6,158,44.26,Maya,Jul/29/21,Maya,0,0
E6,159,31.88,Maya,Jul/29/21,Maya,0,0
E6,160,38.37,Maya,Jul/29/21,Maya,0,0
E6,161,26.61,Maya,Jul/29/21,Maya,0,0
E6,162,29.71,Maya,Jul/29/21,Maya,0,0
E6,163,53.07,Maya,Jul/29/21,Maya,0,0
E6,164,27.93,Maya,Jul/29/21,Maya,0,0
E6,165,51.82,Maya,Jul/29/21,Maya,0,0
E6,166,41.99,Maya,Jul/29/21,Maya,0,0
E6,167,26.31,Maya,Jul/29/21,Maya,0,0
E6,168,44,Maya,Jul/29/21,Maya,0,0
E6,169,29.55,Maya,Jul/29/21,Maya,0,0
E6,170,24.83,Maya,Jul/29/21,Maya,0,0
E6,171,28.43,Maya,Jul/29/21,Maya,0,0
E6,172,53.77,Maya,Jul/29/21,Maya,0,0
E6,173,54.36,Maya,Jul/29/21,Maya,0,0
E6,174,24.98,Maya,Jul/29/21,Maya,0,0
E6,175,35.11,Maya,Jul/29/21,Maya,0,0
E6,176,35.61,Maya,Jul/29/21,Maya,0,0
E6,177,26.21,Maya,Jul/29/21,Maya,0,0
E6,178,60.38,Maya,Jul/29/21,Maya,0,0
E6,179,36.13,Maya,Jul/29/21,Maya,0,0
E6,180,39.2,Maya,Jul/29/21,Maya,0,0
E6,181,33.08,Maya,Jul/29/21,Maya,0,0
E6,182,28.8,Maya,Jul/29/21,Maya,0,0
E6,183,39.79,Maya,Jul/29/21,Maya,0,0
E6,184,27.31,Maya,Jul/29/21,Maya,0,0
E6,185,42.42,Maya,Jul/29/21,Maya,0,0
E6,186,30.4,Maya,Jul/29/21,Maya,0,0
E6,187,26.34,Maya,Jul/29/21,Maya,0,0
E6,188,42.91,Maya,Jul/29/21,Maya,0,0
E6,189,28.27,Maya,Jul/29/21,Maya,0,0
E6,190,34.42,Maya,Jul/29/21,Maya,0,0
E6,191,28.84,Maya,Jul/29/21,Maya,0,0
E6,192,28.09,Maya,Jul/29/21,Maya,0,0
E6,193,27.14,Maya,Jul/29/21,Maya,0,0
E6,194,36.59,Maya,Jul/29/21,Maya,0,0
E6,195,57.37,Maya,Jul/29/21,Maya,0,0
E6,196,33.93,Maya,Jul/29/21,Maya,0,0
E6,197,34.59,Maya,Jul/29/21,Maya,0,0
E6,198,60.96,Maya,Jul/29/21,Maya,0,0
E6,199,46.14,Maya,Jul/29/21,Maya,0,0
E6,200,40.13,Maya,Jul/29/21,Maya,0,0
E7,1,,,,,0,0
E7,2,,,,,0,0
E7,3,,,,,0,0
E7,4,,,,,0,0
E7,5,,,,,0,0
E7,6,,,,,0,0
E7,7,,,,,0,0
E7,8,,,,,0,0
E7,9,,,,,0,0
E7,10,,,,,0,0
E7,11,25.05,Diego,Jul/29/21,Maya,0,0
E7,12,30.23,Diego,Jul/29/21,Maya,0,0
E7,13,27.99,Diego,Jul/29/21,Maya,0,0
E7,14,31.92,Diego,Jul/29/21,Maya,0,0
E7,15,31.64,Diego,Jul/29/21,Maya,0,0
E7,16,30.5,Diego,Jul/29/21,Maya,0,0
E7,17,29.34,Diego,Jul/29/21,Maya,0,0
E7,18,31.13,Diego,Jul/29/21,Maya,0,0
E7,19,24.27,Diego,Jul/29/21,Maya,0,0
E7,20,23.64,Diego,Jul/29/21,Maya,1,0
E7,21,36.34,Diego,Jul/29/21,Maya,0,0
E7,22,25.67,Diego,Jul/29/21,Maya,0,0
E7,23,34.34,Diego,Jul/29/21,Maya,0,0
E7,24,34.58,Diego,Jul/29/21,Maya,0,0
E7,25,27.64,Diego,Jul/29/21,Maya,0,0
E7,26,30.16,Diego,Jul/29/21,Maya,0,0
E7,27,29.76,Diego,Jul/29/21,Maya,0,0
E7,28,30.45,Diego,Jul/29/21,Maya,0,0
E7,29,25.14,Diego,Jul/29/21,Maya,0,0
E7,30,27.93,Diego,Jul/29/21,Maya,0,0
E7,31,31.28,Diego,Jul/29/21,Maya,0,0
E7,32,26.96,Diego,Jul/29/21,Maya,0,0
E7,33,36.55,Diego,Jul/29/21,Maya,0,0
E7,34,25.44,Diego,Jul/29/21,Maya,0,0
E7,35,38.82,Diego,Jul/29/21,Maya,0,0
E7,36,25.94,Diego,Jul/29/21,Maya,0,0
E7,37,24.34,Diego,Jul/29/21,Maya,0,0
E7,38,29.87,Diego,Jul/29/21,Maya,0,0
E7,39,29.16,Diego,Jul/29/21,Maya,0,0
E7,40,28.4,Diego,Jul/29/21,Maya,0,0
E7,41,23.67,Diego,Jul/29/21,Maya,1,0
E7,42,27.53,Diego,Jul/29/21,Maya,0,0
E7,43,31.45,Diego,Jul/29/21,Maya,0,0
E7,44,38.16,Diego,Jul/29/21,Maya,0,0
E7,45,29.84,Diego,Jul/29/21,Maya,0,0
E7,46,24.07,Diego,Jul/29/21,Maya,0,0
E7,47,25.99,Diego,Jul/29/21,Maya,0,0
E7,48,35.89,Diego,Jul/29/21,Maya,0,0
E7,49,23.71,Diego,Jul/29/21,Maya,0,0
E7,50,26.54,Diego,Jul/29/21,Maya,0,0
E7,51,26.95,Diego,Jul/29/21,Maya,0,0
E7,52,31.54,Diego,Jul/29/21,Maya,0,0
E7,53,32.35,Diego,Jul/29/21,Maya,0,0
E7,54,26.66,Diego,Jul/29/21,Maya,0,0
E7,55,29.35,Diego,Jul/29/21,Maya,0,0
E7,56,26.01,Diego,Jul/29/21,Maya,0,0
E7,57,29.9,Diego,Jul/29/21,Maya,0,0
E7,58,23.41,Diego,Jul/29/21,Maya,0,0
E7,59,30.48,Diego,Jul/29/21,Maya,0,0
E7,60,36.45,Diego,Jul/29/21,Maya,0,0
E7,61,31.84,Diego,Jul/29/21,Maya,0,0
E7,62,34.19,Diego,Jul/29/21,Maya,0,0
E7,63,23.4,Diego,Jul/29/21,Maya,0,0
E7,64,24.28,Diego,Jul/29/21,Maya,0,0
E7,65,25.96,Diego,Jul/29/21,Maya,0,0
E7,66,23.27,Diego,Jul/29/21,Maya,1,0
E7,67,29.48,Diego,Jul/29/21,Maya,0,0
E7,68,27.23,Diego,Jul/29/21,Maya,0,0
E7,69,24.61,Diego,Jul/29/21,Maya,0,0
E7,70,34.18,Diego,Jul/29/21,Maya,0,0
E7,71,24.23,Diego,Jul/29/21,Maya,0,0
E7,72,27.15,Diego,Jul/29/21,Maya,0,0
E7,73,46.7,Diego,Jul/29/21,Maya,0,0
E7,74,27.15,Diego,Jul/29/21,Maya,0,0
E7,75,32.53,Diego,Jul/29/21,Maya,0,0
E7,76,48.85,Diego,Jul/29/21,Maya,0,0
E7,77,29.68,Diego,Jul/29/21,Maya,0,0
E7,78,34.81,Diego,Jul/29/21,Maya,0,0
E7,79,33.19,Diego,Jul/29/21,Maya,0,0
E7,80,30.19,Diego,Jul/29/21,Maya,0,0
E7,81,32.87,Diego,Jul/29/21,Maya,0,0
E7,82,26.17,Diego,Jul/29/21,Maya,0,0
E7,83,29.31,Diego,Jul/29/21,Maya,0,0
E7,84,27.5,Diego,Jul/29/21,Maya,0,0
E7,85,39.94,Diego,Jul/29/21,Maya,0,0
E7,86,33.16,Diego,Jul/29/21,Maya,0,0
E7,87,26.04,Diego,Jul/29/21,Maya,0,0
E7,88,32.89,Diego,Jul/29/21,Maya,0,0
E7,89,33.96,Diego,Jul/29/21,Maya,0,0
E7,90,35.63,Diego,Jul/29/21,Maya,0,0
E7,91,52.19,Diego,Jul/29/21,Maya,0,0
E7,92,31.49,Diego,Jul/29/21,Maya,0,0
E7,93,33.24,Diego,Jul/29/21,Maya,0,0
E7,94,36.46,Diego,Jul/29/21,Maya,0,0
E7,95,32.05,Diego,Jul/29/21,Maya,0,0
E7,96,42.07,Diego,Jul/29/21,Maya,0,0
E7,97,33.55,Diego,Jul/29/21,Maya,0,0
E7,98,32.2,Diego,Jul/29/21,Maya,0,0
E7,99,65.81,Diego,Jul/29/21,Maya,0,0
E7,100,67.74,Diego,Jul/29/21,Maya,0,0
E7,101,64.24,Diego,Jul/29/21,Maya,0,0
E7,102,26.08,Diego,Jul/29/21,Maya,0,0
E7,103,38.33,Diego,Jul/29/21,Maya,0,0
E7,104,32.48,Diego,Jul/29/21,Maya,0,0
E7,105,55.87,Diego,Jul/29/21,Maya,0,0
E7,106,32.63,Diego,Jul/29/21,Maya,0,0
E7,107,28.28,Diego,Jul/29/21,Maya,0,0
E7,108,26.18,Diego,Jul/29/21,Maya,0,0
E7,109,31.72,Diego,Jul/29/21,Maya,0,0
E7,110,28.18,Diego,Jul/29/21,Maya,0,0
E7,111,29.91,Diego,Jul/29/21,Maya,0,0
E7,112,34.71,Diego,Jul/29/21,Maya,0,0
E7,113,41.15,Diego,Jul/29/21,Maya,0,0
E7,114,24.2,Diego,Jul/29/21,Maya,1,0
E7,115,62.4,Diego,Jul/29/21,Maya,0,0
E7,116,30.67,Diego,Jul/29/21,Maya,0,0
E7,117,30.73,Diego,Jul/29/21,Maya,0,0
E7,118,24.79,Diego,Jul/29/21,Maya,0,0
E7,119,52.85,Diego,Jul/29/21,Maya,0,0
E7,120,23.91,Diego,Jul/29/21,Maya,1,0
E7,121,40.18,Diego,Jul/29/21,Maya,0,0
E7,122,28.61,Diego,Jul/29/21,Maya,0,0
E7,123,37.51,Diego,Jul/28/21,Maya,0,0
E7,124,24.31,Diego,Jul/28/21,Maya,1,0
E7,125,36.93,Diego,Jul/28/21,Maya,0,0
E7,126,30.21,Diego,Jul/28/21,Maya,0,0
E7,127,37.9,Diego,Jul/28/21,Maya,0,0
E7,128,25.42,Diego,Jul/28/21,Maya,0,0
E7,129,28.43,Diego,Jul/28/21,Maya,0,0
E7,130,26.52,Diego,Jul/28/21,Maya,0,0
E7,131,25.21,Diego,Jul/28/21,Maya,0,0
E7,132,27.69,Diego,Jul/28/21,Maya,0,0
E7,133,23.65,Diego,Jul/28/21,Maya,1,0
E7,134,31.26,Diego,Jul/28/21,Maya,0,0
E7,135,35.95,Diego,Jul/28/21,Maya,0,0
E7,136,24.64,Diego,Jul/28/21,Maya,0,0
E7,137,25.94,Diego,Jul/28/21,Maya,0,0
E7,138,31.31,Diego,Jul/28/21,Maya,0,0
E7,139,24.72,Diego,Jul/28/21,Maya,0,0
E7,140,28.76,Diego,Jul/28/21,Maya,0,0
E7,141,29.93,Diego,Jul/28/21,Maya,0,0
E7,142,31.4,Diego,Jul/28/21,Maya,0,0
E7,143,24.07,Diego,Jul/28/21,Maya,1,0
E7,144,26.89,Diego,Jul/28/21,Maya,0,0
E7,145,35.31,Diego,Jul/28/21,Maya,0,0
E7,146,29.17,Diego,Jul/28/21,Maya,0,0
E7,147,29.26,Diego,Jul/28/21,Maya,0,0
E7,148,25.23,Diego,Jul/28/21,Maya,0,0
E7,149,38.41,Diego,Jul/28/21,Maya,0,0
E7,150,29.7,Diego,Jul/28/21,Maya,0,0
E7,151,33.64,Diego,Jul/28/21,Maya,0,0
E7,152,26.49,Diego,Jul/28/21,Maya,0,0
E7,153,26.4,Diego,Jul/28/21,Maya,0,0
E7,154,23.66,Diego,Jul/28/21,Maya,1,0
E7,155,23.61,Diego,Jul/28/21,Maya,0,0
E7,156,28.64,Diego,Jul/28/21,Maya,0,0
E7,157,36.58,Diego,Jul/28/21,Maya,0,0
E7,158,32.06,Diego,Jul/28/21,Maya,0,0
E7,159,23.56,Diego,Jul/28/21,Maya,1,0
E7,160,28.5,Diego,Jul/28/21,Maya,0,0
E7,161,24.34,Diego,Jul/28/21,Maya,0,0
E7,162,39.46,Diego,Jul/28/21,Maya,0,0
E7,163,29.46,Diego,Jul/28/21,Maya,0,0
E7,164,36.12,Diego,Jul/28/21,Maya,0,0
E7,165,35.9,Diego,Jul/28/21,Maya,0,0
E7,166,25.58,Diego,Jul/28/21,Maya,0,0
E7,167,27.07,Diego,Jul/28/21,Maya,0,0
E7,168,25.68,Diego,Jul/28/21,Maya,0,0
E7,169,28.18,Diego,Jul/28/21,Maya,0,0
E7,170,35.03,Diego,Jul/28/21,Maya,0,0
E7,171,26.95,Diego,Jul/28/21,Maya,0,0
E7,172,34.26,Diego,Jul/28/21,Maya,0,0
E7,173,27.89,Diego,Jul/28/21,Maya,0,0
E7,174,29.7,Diego,Jul/28/21,Maya,0,0
E7,175,28.82,Diego,Jul/28/21,Maya,0,0
E7,176,25.09,Diego,Jul/28/21,Maya,0,0
E7,177,24.42,Diego,Jul/28/21,Maya,0,0
E7,178,34.3,Diego,Jul/28/21,Maya,0,0
E7,179,40.7,Diego,Jul/28/21,Maya,0,0
E7,180,23.68,Diego,Jul/28/21,Maya,1,0
E7,181,29.19,Diego,Jul/28/21,Maya,0,0
E7,182,36.56,Diego,Jul/28/21,Maya,0,0
E7,183,23.69,Diego,Jul/28/21,Maya,1,0
E7,184,25.85,Diego,Jul/28/21,Maya,0,0
E7,185,23.56,Diego,Jul/28/21,Maya,1,0
E7,186,23.55,Diego,Jul/28/21,Maya,1,0
E7,187,24.4,Diego,Jul/28/21,Maya,0,0
E7,188,29.14,Diego,Jul/28/21,Maya,0,0
E7,189,25.04,Diego,Jul/28/21,Maya,0,0
E7,190,39.49,Diego,Jul/28/21,Maya,0,0
E7,191,33.61,Diego,Jul/28/21,Maya,0,0
E7,192,35.01,Diego,Jul/28/21,Maya,0,0
E7,193,27.44,Diego,Jul/28/21,Maya,0,0
E7,194,23.62,Diego,Jul/28/21,Maya,1,0
E7,195,25.94,Diego,Jul/28/21,Maya,0,0
E7,196,28.74,Diego,Jul/28/21,Maya,0,0
E7,197,31.56,Diego,Jul/28/21,Maya,0,0
E7,198,28.48,Diego,Jul/28/21,Maya,0,0
E7,199,26.61,Diego,Jul/28/21,Maya,0,0
E7,200,28.3,Diego,Jul/28/21,Maya,0,0
E7,201,No bag ,Diego,Jul/28/21,Maya,1,0
E7,202,,,,,0,0
E8,1,38.38,Diego ,Jul/28/21,Maya,0,0
E8,2,41.44,Diego ,Jul/28/21,Maya,0,0
E8,3,46.67,Diego ,Jul/28/21,Maya,0,0
E8,4,30.72,Diego ,Jul/28/21,Maya,0,0
E8,5,32.22,Diego ,Jul/28/21,Maya,0,0
E8,6,41.54,Diego ,Jul/28/21,Maya,0,0
E8,7,35.19,Diego ,Jul/28/21,Maya,0,0
E8,8,31.49,Diego ,Jul/28/21,Maya,0,0
E8,9,29.54,Diego ,Jul/28/21,Maya,0,0
E8,10,38.87,Diego ,Jul/28/21,Maya,0,0
E8,11,30.96,Diego ,Jul/28/21,Maya,0,0
E8,12,33.23,Diego ,Jul/28/21,Maya,0,0
E8,13,39.05,Diego ,Jul/28/21,Maya,0,0
E8,14,34.75,Diego ,Jul/28/21,Maya,0,0
E8,15,30.27,Diego ,Jul/28/21,Maya,0,0
E8,16,32.15,Diego ,Jul/28/21,Maya,0,0
E8,17,32.95,Diego ,Jul/28/21,Maya,0,0
E8,18,21.44,Diego ,Jul/28/21,Maya,1,0
E8,19,28.14,Diego ,Jul/28/21,Maya,0,0
E8,20,39.38,Diego ,Jul/28/21,Maya,0,0
E8,21,32.81,Diego ,Jul/28/21,Maya,0,0
E8,22,36.07,Diego ,Jul/28/21,Maya,0,0
E8,23,42.34,Diego ,Jul/28/21,Maya,0,0
E8,24,27.05,Diego ,Jul/28/21,Maya,0,0
E8,25,42.5,Diego ,Jul/28/21,Maya,0,0
E8,26,27.87,Diego ,Jul/28/21,Maya,0,0
E8,27,36.19,Diego ,Jul/28/21,Maya,0,0
E8,28,29,Diego ,Jul/28/21,Maya,0,0
E8,29,40.27,Diego ,Jul/28/21,Maya,0,0
E8,30,32.07,Diego ,Jul/28/21,Maya,0,0
E8,31,30.02,Diego ,Jul/28/21,Maya,0,0
E8,32,32.57,Diego ,Jul/28/21,Maya,0,0
E8,33,45.02,Diego ,Jul/28/21,Maya,0,0
E8,34,41.81,Diego ,Jul/28/21,Maya,0,0
E8,35,24.21,Diego ,Jul/28/21,Maya,0,0
E8,36,26.72,Diego ,Jul/28/21,Maya,0,0
E8,37,34.36,Diego ,Jul/28/21,Maya,0,0
E8,38,34.14,Diego ,Jul/28/21,Maya,0,0
E8,39,30.4,Diego ,Jul/28/21,Maya,0,0
E8,40,38.18,Diego ,Jul/28/21,Maya,0,0
E8,41,31.81,Diego ,Jul/28/21,Maya,0,0
E8,42,35.11,Diego ,Jul/28/21,Maya,0,0
E8,43,35.85,Diego ,Jul/28/21,Maya,0,0
E8,44,29.43,Diego ,Jul/28/21,Maya,0,0
E8,45,35.4,Diego ,Jul/28/21,Maya,0,0
E8,46,31.78,Diego ,Jul/28/21,Maya,0,0
E8,47,28.61,Diego ,Jul/28/21,Maya,0,0
E8,48,35.48,Diego ,Jul/28/21,Maya,0,0
E8,49,25.54,Diego ,Jul/28/21,Maya,0,0
E8,50,29.54,Diego ,Jul/28/21,Maya,0,0
E8,51,23.91,Diego ,Jul/28/21,Maya,1,0
E8,52,23.87,Diego ,Jul/28/21,Maya,1,0
E8,53,28.08,Diego ,Jul/28/21,Maya,0,0
E8,54,36.12,Diego ,Jul/28/21,Maya,0,0
E8,55,23.97,Diego ,Jul/28/21,Maya,0,0
E8,56,59.38,Diego ,Jul/28/21,Maya,0,0
E8,57,25.62,Diego ,Jul/28/21,Maya,0,0
E8,58,27.82,Diego ,Jul/28/21,Maya,0,0
E8,59,34,Diego ,Jul/28/21,Maya,0,0
E8,60,26.93,Diego ,Jul/28/21,Maya,0,0
E8,61,31.74,Diego ,Jul/28/21,Maya,0,0
E8,62,38.27,Diego ,Jul/28/21,Maya,0,0
E8,63,32.5,Diego ,Jul/28/21,Maya,0,0
E8,64,29.87,Diego ,Jul/28/21,Maya,0,0
E8,65,27.01,Diego ,Jul/28/21,Maya,0,0
E8,66,36.71,Diego ,Jul/28/21,Maya,0,0
E8,67,27.2,Diego ,Jul/28/21,Maya,0,0
E8,68,41.41,Diego ,Jul/28/21,Maya,0,0
E8,69,37.1,Diego ,Jul/28/21,Maya,0,0
E8,70,34.21,Diego ,Jul/28/21,Maya,0,0
E8,71,46.44,Diego ,Jul/28/21,Maya,0,0
E8,72,26.99,Diego ,Jul/28/21,Maya,0,0
E8,73,34.59,Diego ,Jul/28/21,Maya,0,0
E8,74,33.84,Diego ,Jul/28/21,Maya,0,0
E8,75,42.7,Diego ,Jul/28/21,Maya,0,0
E8,76,28.18,Diego ,Jul/28/21,Maya,0,0
E8,77,35.77,Diego ,Jul/28/21,Maya,0,0
E8,78,23.21,Diego ,Jul/28/21,Maya,1,0
E8,79,35.37,Diego ,Jul/28/21,Maya,0,0
E8,80,29.21,Diego ,Jul/28/21,Maya,0,0
E8,81,31.04,Diego ,Jul/28/21,Maya,0,0
E8,82,39.34,Diego ,Jul/28/21,Maya,0,0
E8,83,37.14,Diego ,Jul/28/21,Maya,0,0
E8,84,26.09,Diego ,Jul/28/21,Maya,0,0
E8,85,27.25,Diego ,Jul/28/21,Maya,0,0
E8,86,76.39,Diego ,Jul/28/21,Maya,0,0
E8,87,40.02,Diego ,Jul/28/21,Maya,0,0
E8,88,42.07,Diego ,Jul/28/21,Maya,0,0
E8,89,34.42,Diego ,Jul/28/21,Maya,0,0
E8,90,29.28,Diego ,Jul/28/21,Maya,0,0
E8,91,24.05,Diego ,Jul/28/21,Maya,1,0
E8,92,53.38,Diego ,Jul/28/21,Maya,0,0
E8,93,50.21,Diego ,Jul/28/21,Maya,0,0
E8,94,42.8,Diego ,Jul/28/21,Maya,0,0
E8,95,42.55,Diego ,Jul/28/21,Maya,0,0
E8,96,29.75,Diego ,Jul/28/21,Maya,0,0
E8,97,30.17,Diego ,Jul/28/21,Maya,0,0
E8,98,31.1,Diego ,Jul/28/21,Maya,0,0
E8,99,86.46,Diego ,Jul/28/21,Maya,0,0
E8,100,61.73,Diego ,Jul/28/21,Maya,0,0
E8,101,51.45,Diego ,Jul/28/21,Maya,0,0
E8,102,51.37,Diego ,Jul/28/21,Maya,0,0
E8,103,37.5,Diego ,Jul/28/21,Maya,0,0
E8,104,47.52,Diego ,Jul/28/21,Maya,0,0
E8,105,59.91,Diego ,Jul/28/21,Maya,0,0
E8,106,39.98,Diego ,Jul/28/21,Maya,0,0
E8,107,24.04,Diego ,Jul/28/21,Maya,1,0
E8,108,58.93,Diego ,Jul/28/21,Maya,0,0
E8,109,23.63,Diego ,Jul/28/21,Maya,1,0
E8,110,36.48,Diego ,Jul/28/21,Maya,0,0
E8,111,55.21,Diego ,Jul/28/21,Maya,0,0
E8,112,29.75,Diego ,Jul/28/21,Maya,0,0
E8,113,51.37,Diego ,Jul/28/21,Maya,0,0
E8,114,31.57,Diego ,Jul/28/21,Maya,0,0
E8,115,43.74,Diego ,Jul/28/21,Maya,0,0
E8,116,24.76,Diego ,Jul/28/21,Maya,0,0
E8,117,26.44,Diego ,Jul/28/21,Maya,0,0
E8,118,39.78,Diego ,Jul/28/21,Maya,0,0
E8,119,25.39,Diego ,Jul/28/21,Maya,0,0
E8,120,24.04,Diego ,Jul/28/21,Maya,1,0
E8,121,23.35,Diego ,Jul/28/21,Maya,1,0
E8,122,51.44,Diego ,Jul/28/21,Maya,0,0
E8,123,33.78,Diego ,Jul/28/21,Maya,0,0
E8,124,23.24,Diego ,Jul/28/21,Maya,1,0
E8,125,27.11,Diego ,Jul/28/21,Maya,0,0
E8,126,23.23,Diego ,Jul/28/21,Maya,1,0
E8,127,24.1,Diego ,Jul/28/21,Maya,1,0
E8,128,23.21,Diego ,Jul/28/21,Maya,1,0
E8,129,25.64,Diego ,Jul/28/21,Maya,0,0
E8,130,23.13,Diego ,Jul/28/21,Maya,0,0
E8,131,26.65,Diego ,Jul/28/21,Maya,0,0
E8,132,27.33,Diego ,Jul/28/21,Maya,0,0
E8,133,35.79,Diego ,Jul/28/21,Maya,0,0
E8,134,23.39,Diego ,Jul/28/21,Maya,1,0
E8,135,53.66,Diego ,Jul/28/21,Maya,0,0
E8,136,31.82,Diego ,Jul/28/21,Maya,0,0
E8,137,28.51,Diego ,Jul/28/21,Maya,0,0
E8,138,51.05,Diego ,Jul/28/21,Maya,0,0
E8,139,25.73,Diego ,Jul/28/21,Maya,0,0
E8,140,42.53,Diego ,Jul/28/21,Maya,0,0
E8,141,25.9,Diego ,Jul/28/21,Maya,0,0
E8,142,30.68,Diego ,Jul/28/21,Maya,0,0
E8,143,33.86,Diego ,Jul/28/21,Maya,0,0
E8,144,26.89,Diego ,Jul/28/21,Maya,0,0
E8,145,38.89,Diego ,Jul/28/21,Maya,0,0
E8,146,23.57,Diego ,Jul/28/21,Maya,1,0
E8,147,34.85,Diego ,Jul/28/21,Maya,0,0
E8,148,24.11,Diego ,Jul/28/21,Maya,0,0
E8,149,24.04,Diego ,Jul/28/21,Maya,0,0
E8,150,26.53,Diego ,Jul/28/21,Maya,0,0
E8,151,31.85,Diego ,Jul/28/21,Maya,0,0
E8,152,23.34,Diego ,Jul/28/21,Maya,0,0
E8,153,31.38,Diego ,Jul/28/21,Maya,0,0
E8,154,26.06,Diego ,Jul/28/21,Maya,0,0
E8,155,30.53,Diego ,Jul/28/21,Maya,0,0
E8,156,34.04,Diego ,Jul/28/21,Maya,0,0
E8,157,23.27,Diego ,Jul/28/21,Maya,1,0
E8,158,32.87,Diego ,Jul/28/21,Maya,0,0
E8,159,27.08,Diego ,Jul/28/21,Maya,0,0
E8,160,34.27,Diego ,Jul/28/21,Maya,0,0
E8,161,38.65,Diego ,Jul/28/21,Maya,0,0
E8,162,27.69,Diego ,Jul/28/21,Maya,0,0
E8,163,30.19,Diego ,Jul/28/21,Maya,0,0
E8,164,30.51,Diego ,Jul/28/21,Maya,0,0
E8,165,25.27,Diego ,Jul/28/21,Maya,0,0
E8,166,31.11,Diego ,Jul/28/21,Maya,0,0
E8,167,32.69,Diego ,Jul/28/21,Maya,0,0
E8,168,29.6,Diego ,Jul/28/21,Maya,0,0
E8,169,23.5,Diego ,Jul/28/21,Maya,0,0
E8,170,28.6,Diego ,Jul/28/21,Maya,0,0
E8,171,24.91,Diego ,Jul/28/21,Maya,0,0
E8,172,34.42,Diego ,Jul/28/21,Maya,0,0
E8,173,24.98,Diego ,Jul/28/21,Maya,0,0
E8,174,25.47,Diego ,Jul/28/21,Maya,0,0
E8,175,36.11,Diego ,Jul/28/21,Maya,0,0
E8,176,27.13,Diego ,Jul/28/21,Maya,0,0
E8,177,36.97,Diego ,Jul/28/21,Maya,0,0
E8,178,42.55,Diego ,Jul/28/21,Maya,0,0
E8,179,24.82,Diego ,Jul/28/21,Maya,0,0
E8,180,35.05,Diego ,Jul/28/21,Maya,0,0
E8,181,29.12,Diego ,Jul/28/21,Maya,0,0
E8,182,35.9,Diego ,Jul/28/21,Maya,0,0
E8,183,24.74,Diego ,Jul/28/21,Maya,0,0
E8,184,23.88,Diego ,Jul/28/21,Maya,1,0
E8,185,23.97,Diego ,Jul/28/21,Maya,1,0
E8,186,23.44,Diego ,Jul/28/21,Maya,1,0
E8,187,24.16,Diego ,Jul/28/21,Maya,1,0
E8,188,24.01,Diego ,Jul/28/21,Maya,0,0
E8,189,28.35,Diego ,Jul/28/21,Maya,0,0
E8,190,26.55,Diego ,Jul/28/21,Maya,0,0
E8,191,30.52,Diego ,Jul/28/21,Maya,0,0
E8,192,31.69,Diego ,Jul/28/21,Maya,0,0
E8,193,25.96,Diego ,Jul/28/21,Maya,0,0
E8,194,32.07,Diego ,Jul/28/21,Maya,0,0
E8,195,28.55,Diego ,Jul/28/21,Maya,0,0
E8,196,38.32,Diego ,Jul/28/21,Maya,0,0
E8,197,26.24,Diego ,Jul/28/21,Maya,0,0
E8,198,63.21,Diego ,Jul/28/21,Maya,0,0
E8,199,26.07,Diego ,Jul/28/21,Maya,0,0
E8,200,32.82,Diego ,Jul/28/21,Maya,0,0
E9,1,37.96,Diego ,Aug/4/21,Diego,0,0
E9,2,51.66,Diego ,Aug/4/21,Diego,0,0
E9,3,62.62,Diego ,Aug/4/21,Diego,0,0
E9,4,31.55,Diego ,Aug/4/21,Diego,0,0
E9,5,33.73,Diego ,Aug/4/21,Diego,0,0
E9,6,26.8,Diego ,Aug/9/21,Diego,0,0
E9,7,25.16,Diego ,Aug/9/21,Diego,0,0
E9,8,57.14,Diego ,Aug/9/21,Diego,0,0
E9,9,31.93,Diego ,Aug/9/21,Diego,0,0
E9,10,34.68,Diego ,Aug/9/21,Diego,0,0
E9,11,41.27,Diego ,Aug/9/21,Diego,0,0
E9,12,25.85,Diego ,Aug/9/21,Diego,0,0
E9,13,28.5,Diego ,Aug/9/21,Diego,0,0
E9,14,27.28,Diego ,Aug/9/21,Diego,0,0
E9,15,26.25,Diego ,Aug/9/21,Diego,0,0
E9,16,62.64,Diego ,Aug/9/21,Diego,0,0
E9,17,31.4,Diego ,Aug/9/21,Diego,0,0
E9,18,27.89,Diego ,Aug/9/21,Diego,0,0
E9,19,30.58,Diego ,Aug/9/21,Diego,0,0
E9,20,42.42,Diego ,Aug/9/21,Diego,0,0
E9,21,23.42,Diego ,Aug/9/21,Diego,1,0
E9,22,28.71,Diego ,Aug/9/21,Diego,0,0
E9,23,46.28,Diego ,Aug/9/21,Diego,0,0
E9,24,29.83,Diego ,Aug/9/21,Diego,0,0
E9,25,25.81,Diego ,Aug/9/21,Diego,0,0
E9,26,25.45,Diego ,Aug/9/21,Diego,0,0
E9,27,28.07,Diego ,Aug/9/21,Diego,0,0
E9,28,29.16,Diego ,Aug/9/21,Diego,0,0
E9,29,34.52,Diego ,Aug/9/21,Diego,0,0
E9,30,40.06,Diego ,Aug/9/21,Diego,0,0
E9,31,31.31,Diego ,Aug/9/21,Diego,0,0
E9,32,31,Diego ,Aug/9/21,Diego,0,0
E9,33,40.43,Diego ,Aug/9/21,Diego,0,0
E9,34,34.11,Diego ,Aug/9/21,Diego,0,0
E9,35,26.62,Diego ,Aug/9/21,Diego,0,0
E9,36,50.13,Diego ,Aug/9/21,Diego,0,0
E9,37,29.01,Diego ,Aug/9/21,Diego,0,0
E9,38,53.34,Diego ,Aug/9/21,Diego,0,0
E9,39,28.35,Diego ,Aug/9/21,Diego,0,0
E9,40,38.02,Diego ,Aug/9/21,Diego,0,0
E9,41,33.16,Diego ,Aug/9/21,Diego,0,0
E9,42,53.37,Diego ,Aug/9/21,Diego,0,0
E9,43,45.69,Diego ,Aug/9/21,Diego,0,0
E9,44,40.07,Diego ,Aug/9/21,Diego,0,0
E9,45,24.41,Diego ,Aug/9/21,Diego,0,0
E9,46,35.85,Diego ,Aug/9/21,Diego,0,0
E9,47,30.45,Diego ,Aug/9/21,Diego,0,0
E9,48,39.41,Diego ,Aug/9/21,Diego,0,0
E9,49,36.24,Diego ,Aug/9/21,Diego,0,0
E9,50,41.45,Diego ,Aug/9/21,Diego,0,0
E9,51,28.38,Diego ,Jul/28/21,Maya,0,0
E9,52,26.91,Diego ,Jul/28/21,Maya,0,0
E9,53,23.88,Diego ,Jul/28/21,Maya,0,0
E9,54,33.77,Diego ,Jul/28/21,Maya,0,0
E9,55,23.97,Diego ,Jul/28/21,Maya,1,0
E9,56,43.96,Diego ,Jul/28/21,Maya,0,0
E9,57,34.9,Diego ,Jul/28/21,Maya,0,0
E9,58,24.63,Diego ,Jul/28/21,Maya,0,0
E9,59,28.53,Diego ,Jul/28/21,Maya,0,0
E9,60,48.92,Diego ,Jul/28/21,Maya,0,0
E9,61,23.56,Diego ,Jul/28/21,Maya,1,0
E9,62,25.49,Diego ,Jul/28/21,Maya,0,0
E9,63,29.97,Diego ,Jul/28/21,Maya,0,0
E9,64,33.06,Diego ,Jul/28/21,Maya,0,0
E9,65,55.65,Diego ,Jul/28/21,Maya,0,0
E9,66,23.81,Diego ,Jul/28/21,Maya,1,0
E9,67,36.57,Diego ,Jul/28/21,Maya,0,0
E9,68,35.33,Diego ,Jul/28/21,Maya,0,0
E9,69,25.85,Diego ,Jul/28/21,Maya,0,0
E9,70,28.9,Diego ,Jul/28/21,Maya,0,0
E9,71,70.73,Diego ,Jul/28/21,Maya,0,0
E9,72,24.07,Diego ,Jul/28/21,Maya,1,0
E9,73,29.73,Diego ,Jul/28/21,Maya,0,0
E9,74,34.28,Diego ,Jul/28/21,Maya,0,0
E9,75,28.66,Diego ,Jul/28/21,Maya,0,0
E9,76,31.9,Diego ,Jul/28/21,Maya,0,0
E9,77,34.45,Diego ,Jul/28/21,Maya,0,0
E9,78,36.96,Diego ,Jul/28/21,Maya,0,0
E9,79,24.3,Diego ,Jul/28/21,Maya,0,0
E9,80,26.82,Diego ,Jul/28/21,Maya,0,0
E9,81,42.31,Diego ,Jul/28/21,Maya,0,0
E9,82,25.88,Diego ,Jul/28/21,Maya,0,0
E9,83,35.54,Diego ,Jul/28/21,Maya,0,0
E9,84,50.2,Diego ,Jul/28/21,Maya,0,0
E9,85,40.7,Diego ,Aug/4/21,Diego,0,0
E9,86,69.65,Diego ,Jul/28/21,Maya,0,0
E9,87,33.73,Diego ,Jul/28/21,Maya,0,0
E9,88,55.64,Diego ,Jul/28/21,Maya,0,0
E9,89,30.56,Diego ,Jul/28/21,Maya,0,0
E9,90,50.1,Diego ,Jul/28/21,Maya,0,0
E9,91,23.43,Diego ,Jul/28/21,Maya,1,0
E9,92,39.32,Diego ,Jul/28/21,Maya,0,0
E9,93,54.4,Diego ,Jul/28/21,Maya,0,0
E9,94,50.1,Diego ,Jul/28/21,Maya,0,0
E9,95,35.99,Diego ,Jul/28/21,Maya,0,0
E9,96,75.39,Diego ,Jul/28/21,Maya,0,0
E9,97,30.9,Diego ,Jul/28/21,Maya,0,0
E9,98,30.87,Diego ,Jul/28/21,Maya,0,0
E9,99,40.29,Diego ,Jul/28/21,Maya,0,0
E9,100,26.62,Diego ,Jul/28/21,Maya,0,0
E9,101,37.66,Maya,Aug/4/21,Maya,0,0
E9,102,51.57,Maya,Aug/4/21,Maya,0,0
E9,103,96.17,Maya,Aug/4/21,Maya,0,0
E9,104,84.64,Maya,Aug/4/21,Maya,0,0
E9,105,49.08,Maya,Aug/4/21,Maya,0,0
E9,106,29.18,Maya,Aug/4/21,Maya,0,0
E9,107,41.33,Maya,Aug/4/21,Maya,0,0
E9,108,44.08,Maya,Aug/4/21,Maya,0,0
E9,109,37.2,Maya,Aug/4/21,Maya,0,0
E9,110,40.01,Maya,Aug/4/21,Maya,0,0
E9,111,32.86,Maya,Aug/4/21,Maya,0,0
E9,112,25.09,Maya,Aug/4/21,Maya,0,0
E9,113,41.08,Maya,Aug/4/21,Maya,0,0
E9,114,44.35,Maya,Aug/4/21,Maya,0,0
E9,115,32.01,Maya,Aug/4/21,Maya,0,0
E9,116,36.33,Maya,Aug/4/21,Maya,0,0
E9,117,82.78,Maya,Aug/4/21,Maya,0,0
E9,118,36.35,Maya,Aug/4/21,Maya,0,0
E9,119,24.36,Maya,Aug/4/21,Maya,0,0
E9,120,39.32,Maya,Aug/4/21,Maya,0,0
E9,121,58.32,Maya,Aug/4/21,Maya,0,0
E9,122,32.43,Maya,Aug/4/21,Maya,0,0
E9,123,44.17,Maya,Aug/4/21,Maya,0,0
E9,124,36.36,Maya,Aug/4/21,Maya,0,0
E9,125,27.91,Maya,Aug/4/21,Maya,0,0
E9,126,23.53,Maya,Aug/4/21,Maya,1,0
E9,127,26,Maya,Aug/4/21,Maya,0,0
E9,128,69.06,Maya,Aug/4/21,Maya,0,0
E9,129,25.82,Maya,Aug/4/21,Maya,0,0
E9,130,28.65,Maya,Aug/4/21,Maya,0,0
E9,131,28.42,Maya,Aug/4/21,Maya,0,0
E9,132,47.16,Maya,Aug/4/21,Maya,0,0
E9,133,23.03,Mabel,10-Mar-20,Diego,0,0
E9,134,23.32,Mabel,10-Mar-20,Diego,0,0
E9,135,23.2,Mabel,10-Mar-20,Diego,0,0
E9,136,25.41,Mabel,10-Mar-20,Diego,0,0
E9,137,25.58,Mabel,10-Mar-20,Diego,0,0
E9,138,42.94,Mabel,10-Mar-20,Diego,0,0
E9,139,39.42,Mabel,10-Mar-20,Diego,0,0
E9,140,48.61,Mabel,10-Mar-20,Diego,0,0
E9,141,31.74,Mabel,10-Mar-20,Diego,0,0
E9,142,26.01,Mabel,10-Mar-20,Diego,0,0
E9,143,41.58,Mabel,10-Mar-20,Diego,0,0
E9,144,24.13,Mabel,10-Mar-20,Diego,0,0
E9,145,42.61,Mabel,10-Mar-20,Diego,0,0
E9,146,32.62,Mabel,10-Mar-20,Diego,0,0
E9,147,32.42,Mabel,10-Mar-20,Diego,0,0
E9,148,31.08,Mabel,10-Mar-20,Diego,0,0
E9,149,23.05,Mabel,10-Mar-20,Diego,0,0
E9,150,30.72,Mabel,10-Mar-20,Diego,0,0
E9,151,35.57,Logan,05-Mar-20,Diego,0,0
E9,152,28.35,Logan,05-Mar-20,Diego,0,0
E9,153,39.55,Logan,05-Mar-20,Diego,0,0
E9,154,24.67,Logan,05-Mar-20,Diego,0,0
E9,155,23.97,Logan,05-Mar-20,Diego,0,0
E9,156,25.32,Logan,05-Mar-20,Diego,0,0
E9,157,23.5,Logan,05-Mar-20,Diego,0,0
E9,158,37.06,Logan,05-Mar-20,Diego,0,0
E9,159,23.98,Logan,05-Mar-20,Diego,0,0
E9,160,38.78,Logan,05-Mar-20,Diego,0,0
E9,161,27.75,Logan,05-Mar-20,Diego,0,0
E9,162,25.23,Logan,05-Mar-20,Diego,0,0
E9,163,26.74,Logan,05-Mar-20,Diego,0,0
E9,164,22.96,Logan,05-Mar-20,Diego,0,0
E9,165,35.96,Logan,05-Mar-20,Diego,0,0
E9,166,22.61,Logan,05-Mar-20,Diego,1,0
E9,167,44.35,Logan,05-Mar-20,Diego,0,0
E9,168,51.36,Logan,05-Mar-20,Diego,0,0
E9,169,25.59,Logan,05-Mar-20,Diego,0,0
E9,170,22.68,Logan,05-Mar-20,Diego,0,0
E9,171,22.69,Logan,05-Mar-20,Diego,0,0
E9,172,22.86,Logan,05-Mar-20,Diego,0,0
E9,173,25.49,Logan,05-Mar-20,Diego,0,0
E9,174,25.88,Logan,05-Mar-20,Diego,0,0
E9,175,28.9,Logan,05-Mar-20,Diego,0,0
E9,176,22.71,Logan,05-Mar-20,Diego,0,0
E9,177,27.46,Logan,05-Mar-20,Diego,0,0
E9,178,27.96,Logan,05-Mar-20,Diego,0,0
E9,179,28.39,Logan,05-Mar-20,Diego,0,0
E9,180,37.74,Logan,05-Mar-20,Diego,0,0
E9,181,39.23,Logan,05-Mar-20,Diego,0,0
E9,182,22.63,Logan,05-Mar-20,Diego,0,0
E9,183,38.29,Logan,05-Mar-20,Diego,0,0
E9,184,27.62,Logan,05-Mar-20,Diego,0,0
E9,185,59.7,Logan,05-Mar-20,Diego,0,0
E9,186,27.4,Logan,05-Mar-20,Diego,0,0
E9,187,33.85,Logan,05-Mar-20,Diego,0,0
E9,188,30.36,Logan,05-Mar-20,Diego,0,0
E9,189,26.23,Logan,05-Mar-20,Diego,0,0
E9,190,26.67,Logan,05-Mar-20,Diego,0,0
E9,191,35.49,Logan,05-Mar-20,Diego,0,0
E9,192,27.28,Logan,05-Mar-20,Diego,0,0
E9,193,25.08,Logan,05-Mar-20,Diego,0,0
E9,194,25.19,Logan,05-Mar-20,Diego,0,0
E9,195,45.82,Logan,05-Mar-20,Diego,0,0
E9,196,24.81,Logan,05-Mar-20,Diego,0,0
E9,197,22.66,Logan,05-Mar-20,Diego,0,0
E9,198,25.12,Logan,05-Mar-20,Diego,0,0
E9,199,24.53,Logan,05-Mar-20,Diego,0,0
E9,200,27.44,Logan,05-Mar-20,Diego,0,0
E9,201,41.61,Logan,05-Mar-20,Diego,0,0
E9,202,22.73,Logan,05-Mar-20,Diego,0,0
E10,1,48.98,Mabel,03-Mar-20,Diego,0,0
E10,2,38.14,Mabel,03-Mar-20,Diego,0,0
E10,3,85.27,Mabel,03-Mar-20,Diego,0,0
E10,4,29.7,Mabel,03-Mar-20,Diego,0,0
E10,5,24.46,Mabel,03-Mar-20,Diego,0,0
E10,6,53.94,Mabel,03-Mar-20,Diego,0,0
E10,7,28.95,Mabel,03-Mar-20,Diego,0,0
E10,8,23.01,Mabel,03-Mar-20,Diego,0,0
E10,9,23.88,Mabel,03-Mar-20,Diego,0,0
E10,10,23.89,Mabel,03-Mar-20,Diego,0,0
E10,11,63.5,Mabel,03-Mar-20,Diego,0,0
E10,12,26.25,Mabel,03-Mar-20,Diego,0,0
E10,13,26.16,Mabel,03-Mar-20,Diego,0,0
E10,14,36.96,Mabel,03-Mar-20,Diego,0,0
E10,15,25.53,Mabel,03-Mar-20,Diego,0,0
E10,16,32.19,Mabel,03-Mar-20,Diego,0,0
E10,17,26.52,Mabel,03-Mar-20,Diego,0,0
E10,18,40.07,Mabel,03-Mar-20,Diego,0,0
E10,19,25.76,Mabel,03-Mar-20,Diego,0,0
E10,20,25.46,Mabel,03-Mar-20,Diego,0,0
E10,21,72.44,Mabel,03-Mar-20,Diego,0,0
E10,22,25.13,Mabel,03-Mar-20,Diego,0,0
E10,23,31.79,Mabel,03-Mar-20,Diego,0,0
E10,24,31.31,Mabel,03-Mar-20,Diego,0,0
E10,25,24.65,Mabel,03-Mar-20,Diego,0,0
E10,26,31.08,Mabel,03-Mar-20,Diego,0,0
E10,27,29.98,Mabel,03-Mar-20,Diego,0,0
E10,28,29.5,Mabel,03-Mar-20,Diego,0,0
E10,29,37.01,Mabel,03-Mar-20,Diego,0,0
E10,30,31.52,Mabel,03-Mar-20,Diego,0,0
E10,31,48.05,Mabel,03-Mar-20,Diego,0,0
E10,32,23.77,Mabel,03-Mar-20,Diego,0,0
E10,33,31.85,Mabel,03-Mar-20,Diego,0,0
E10,34,27.22,Mabel,03-Mar-20,Diego,0,0
E10,35,30.57,Mabel,03-Mar-20,Diego,0,0
E10,36,47.78,Mabel,03-Mar-20,Diego,0,0
E10,37,27.6,Mabel,03-Mar-20,Diego,0,0
E10,38,41.18,Mabel,03-Mar-20,Diego,0,0
E10,39,36.71,Mabel,03-Mar-20,Diego,0,0
E10,40,27.96,Mabel,03-Mar-20,Diego,0,0
E10,41,50.95,Mabel,03-Mar-20,Diego,0,0
E10,42,27.5,Mabel,03-Mar-20,Diego,0,0
E10,43,54.1,Mabel,03-Mar-20,Diego,0,0
E10,44,32.88,Mabel,03-Mar-20,Diego,0,0
E10,45,23.23,Mabel,03-Mar-20,Diego,0,0
E10,46,43.94,Mabel,03-Mar-20,Diego,0,0
E10,47,28.74,Mabel,03-Mar-20,Diego,0,0
E10,48,37.98,Mabel,03-Mar-20,Diego,0,0
E10,49,28.93,Mabel,03-Mar-20,Diego,0,0
E10,50,37.66,Mabel,03-Mar-20,Diego,0,0
E10,51,63.88,Jacob,03-Mar-20,Diego,0,0
E10,52,31.07,Jacob,03-Mar-20,Diego,0,0
E10,53,45.64,Jacob,03-Mar-20,Diego,0,0
E10,54,35.11,Jacob,03-Mar-20,Diego,0,0
E10,55,35.33,Jacob,03-Mar-20,Diego,0,0
E10,56,54.82,Jacob,03-Mar-20,Diego,0,0
E10,57,25.46,Jacob,03-Mar-20,Diego,0,0
E10,58,28.17,Jacob,03-Mar-20,Diego,0,0
E10,59,26.05,Jacob,03-Mar-20,Diego,0,0
E10,60,33.36,Jacob,03-Mar-20,Diego,0,0
E10,61,36.78,Jacob,03-Mar-20,Diego,0,0
E10,62,27.01,Jacob,03-Mar-20,Diego,0,0
E10,63,71.51,Jacob,03-Mar-20,Diego,0,0
E10,64,29.11,Jacob,03-Mar-20,Diego,0,0
E10,65,41.6,Jacob,03-Mar-20,Diego,0,0
E10,66,32.91,Jacob,03-Mar-20,Diego,0,0
E10,67,28.58,Jacob,03-Mar-20,Diego,0,0
E10,68,37.92,Jacob,03-Mar-20,Diego,0,0
E10,69,27.41,Jacob,03-Mar-20,Diego,0,0
E10,70,39.04,Jacob,03-Mar-20,Diego,0,0
E10,71,75.86,Jacob,03-Mar-20,Diego,0,0
E10,72,39.62,Jacob,03-Mar-20,Diego,0,0
E10,73,40.36,Jacob,03-Mar-20,Diego,0,0
E10,74,28.22,Jacob,03-Mar-20,Diego,0,0
E10,75,30.84,Jacob,03-Mar-20,Diego,0,0
E10,76,30.8,Jacob,03-Mar-20,Diego,0,0
E10,77,32.94,Jacob,03-Mar-20,Diego,0,0
E10,78,55.86,Jacob,03-Mar-20,Diego,0,0
E10,79,38.98,Jacob,03-Mar-20,Diego,0,0
E10,80,27.75,Jacob,03-Mar-20,Diego,0,0
E10,81,50.38,Jacob,03-Mar-20,Diego,0,0
E10,82,25.31,Jacob,03-Mar-20,Diego,0,0
E10,83,38.5,Jacob,03-Mar-20,Diego,0,0
E10,84,25.38,Jacob,03-Mar-20,Diego,0,0
E10,85,31.22,Jacob,03-Mar-20,Diego,0,0
E10,86,36.89,Jacob,03-Mar-20,Diego,0,0
E10,87,28.34,Jacob,03-Mar-20,Diego,0,0
E10,88,42.28,Jacob,03-Mar-20,Diego,0,0
E10,89,28.13,Jacob,03-Mar-20,Diego,0,0
E10,90,30.68,Jacob,03-Mar-20,Diego,0,0
E10,91,73.33,Jacob,03-Mar-20,Diego,0,0
E10,92,34.9,Jacob,03-Mar-20,Diego,0,0
E10,93,57.39,Jacob,03-Mar-20,Diego,0,0
E10,94,36.07,Jacob,03-Mar-20,Diego,0,0
E10,95,34.18,Jacob,03-Mar-20,Diego,0,0
E10,96,63.01,Jacob,03-Mar-20,Diego,0,0
E10,97,45.02,Jacob,03-Mar-20,Diego,0,0
E10,98,49.58,Jacob,03-Mar-20,Diego,0,0
E10,99,34.72,Jacob,03-Mar-20,Diego,0,0
E10,100,35.71,Jacob,03-Mar-20,Diego,0,0
E10,101,43.48,Jacob,03-Mar-20,Diego,0,0
E10,102,54.45,Jacob,03-Mar-20,Diego,0,0
E10,103,91.53,Jacob,03-Mar-20,Diego,0,0
E10,104,32.45,Jacob,03-Mar-20,Diego,0,0
E10,105,70.15,Jacob,03-Mar-20,Diego,0,0
E10,106,23.38,Jacob,03-Mar-20,Diego,0,0
E10,107,28.25,Jacob,03-Mar-20,Diego,0,0
E10,108,77.75,Jacob,03-Mar-20,Diego,0,0
E10,109,33.18,Jacob,03-Mar-20,Diego,0,0
E10,110,45.91,Jacob,03-Mar-20,Diego,0,0
E10,111,36.7,Jacob,03-Mar-20,Diego,0,0
E10,112,44.44,Jacob,03-Mar-20,Diego,0,0
E10,113,51.71,Jacob,03-Mar-20,Diego,0,0
E10,114,27.89,Jacob,03-Mar-20,Diego,0,0
E10,115,43.7,Jacob,03-Mar-20,Diego,0,0
E10,116,43.96,Jacob,03-Mar-20,Diego,0,0
E10,117,28.6,Jacob,03-Mar-20,Diego,0,0
E10,118,45.25,Jacob,03-Mar-20,Diego,0,0
E10,119,35.51,Jacob,03-Mar-20,Diego,0,0
E10,120,23.84,Jacob,03-Mar-20,Diego,0,0
E10,121,29.91,Jacob,03-Mar-20,Diego,0,0
E10,122,26.78,Jacob,03-Mar-20,Diego,0,0
E10,123,53.53,Jacob,03-Mar-20,Diego,0,0
E10,124,23.97,Jacob,03-Mar-20,Diego,0,0
E10,125,46.76,Jacob,03-Mar-20,Diego,0,0
E10,126,42.5,Jacob,03-Mar-20,Diego,0,0
E10,127,28.45,Jacob,03-Mar-20,Diego,0,0
E10,128,27.77,Jacob,03-Mar-20,Diego,0,0
E10,129,33.92,Jacob,03-Mar-20,Diego,0,0
E10,130,50.85,Jacob,03-Mar-20,Diego,0,0
E10,131,27.92,Jacob,03-Mar-20,Diego,0,0
E10,132,48,Jacob,03-Mar-20,Diego,0,0
E10,133,56.82,Jacob,03-Mar-20,Diego,0,0
E10,134,34,Jacob,03-Mar-20,Diego,0,0
E10,135,45.45,Jacob,03-Mar-20,Diego,0,0
E10,136,34.8,Jacob,03-Mar-20,Diego,0,0
E10,137,32.44,Jacob,03-Mar-20,Diego,0,0
E10,138,65.77,Jacob,03-Mar-20,Diego,0,0
E10,139,34.62,Jacob,03-Mar-20,Diego,0,0
E10,140,37.78,Jacob,03-Mar-20,Diego,0,0
E10,141,31.24,Jacob,03-Mar-20,Diego,0,0
E10,142,32.15,Jacob,03-Mar-20,Diego,0,0
E10,143,39.32,Jacob,03-Mar-20,Diego,0,0
E10,144,24.44,Jacob,03-Mar-20,Diego,0,0
E10,145,41.32,Jacob,03-Mar-20,Diego,0,0
E10,146,42.28,Jacob,03-Mar-20,Diego,0,0
E10,147,31.96,Jacob,03-Mar-20,Diego,0,0
E10,148,52.15,Jacob,03-Mar-20,Diego,0,0
E10,149,27.16,Jacob,03-Mar-20,Diego,0,0
E10,150,44.11,Jacob,03-Mar-20,Diego,0,0
E10,151,35.67,Mabel,04-Mar-20,Diego,0,0
E10,152,27.1,Mabel,04-Mar-20,Diego,0,0
E10,153,37.64,Mabel,04-Mar-20,Diego,0,0
E10,154,30.31,Mabel,04-Mar-20,Diego,0,0
E10,155,29.5,Mabel,04-Mar-20,Diego,0,0
E10,156,32.26,Mabel,04-Mar-20,Diego,0,0
E10,157,30.28,Mabel,04-Mar-20,Diego,0,0
E10,158,48.51,Mabel,04-Mar-20,Diego,0,0
E10,159,30.13,Mabel,04-Mar-20,Diego,0,0
E10,160,41.4,Mabel,04-Mar-20,Diego,0,0
E10,161,29.39,Mabel,04-Mar-20,Diego,0,0
E10,162,45.04,Mabel,04-Mar-20,Diego,0,0
E10,163,30.42,Mabel,04-Mar-20,Diego,0,0
E10,164,32.84,Mabel,04-Mar-20,Diego,0,0
E10,165,31,Mabel,04-Mar-20,Diego,0,0
E10,166,45.38,Mabel,04-Mar-20,Diego,0,0
E10,167,36.63,Mabel,04-Mar-20,Diego,0,0
E10,168,26.34,Mabel,04-Mar-20,Diego,0,0
E10,169,30.82,Mabel,04-Mar-20,Diego,0,0
E10,170,44.62,Mabel,04-Mar-20,Diego,0,0
E10,171,27.94,Mabel,04-Mar-20,Diego,0,0
E10,172,31.95,Mabel,04-Mar-20,Diego,0,0
E10,173,58.93,Mabel,04-Mar-20,Diego,0,0
E10,174,26.82,Mabel,04-Mar-20,Diego,0,0
E10,175,29.28,Mabel,04-Mar-20,Diego,0,0
E10,176,32.97,Mabel,04-Mar-20,Diego,0,0
E10,177,33.83,Mabel,04-Mar-20,Diego,0,0
E10,178,29.62,Mabel,04-Mar-20,Diego,0,0
E10,179,24.56,Mabel,04-Mar-20,Diego,0,0
E10,180,44.1,Mabel,04-Mar-20,Diego,0,0
E10,181,32.33,Mabel,04-Mar-20,Diego,0,0
E10,182,29.65,Mabel,04-Mar-20,Diego,0,0
E10,183,43.52,Mabel,04-Mar-20,Diego,0,0
E10,184,29.23,Mabel,04-Mar-20,Diego,0,0
E10,185,40.87,Mabel,04-Mar-20,Diego,0,0
E10,186,32.77,Mabel,04-Mar-20,Diego,0,0
E10,187,33.2,Mabel,04-Mar-20,Diego,0,0
E10,188,29.65,Mabel,04-Mar-20,Diego,0,0
E10,189,38.56,Mabel,04-Mar-20,Diego,0,0
E10,190,36.66,Mabel,04-Mar-20,Diego,0,0
E10,191,26.93,Mabel,04-Mar-20,Diego,0,0
E10,192,29.72,Mabel,04-Mar-20,Diego,0,0
E10,193,30.23,Mabel,04-Mar-20,Diego,0,0
E10,194,31.1,Mabel,04-Mar-20,Diego,0,0
E10,195,32.93,Mabel,04-Mar-20,Diego,0,0
E10,196,28.93,Mabel,04-Mar-20,Diego,0,0
E10,197,32.72,Mabel,04-Mar-20,Diego,0,0
E10,198,55.96,Mabel,04-Mar-20,Diego,0,0
E10,199,30.7,Mabel,04-Mar-20,Diego,0,0
E10,200,24.46,Mabel,04-Mar-20,Diego,0,0
E10,201,84.86,Mabel,04-Mar-20,Diego,0,0
E11,1,88.97,Logan,28-Feb-20,Diego,0,0
E11,2,49.82,Logan,28-Feb-20,Diego,0,0
E11,3,22.85,Logan,28-Feb-20,Diego,0,0
E11,4,30.05,Logan,28-Feb-20,Diego,0,0
E11,5,40.76,Logan,28-Feb-20,Diego,0,0
E11,6,36.58,Logan,28-Feb-20,Diego,0,0
E11,7,32.23,Logan,28-Feb-20,Diego,0,0
E11,8,32.71,Logan,28-Feb-20,Diego,0,0
E11,9,57.29,Logan,28-Feb-20,Diego,0,0
E11,10,23.94,Logan,28-Feb-20,Diego,0,0
E11,11,32.99,Logan,28-Feb-20,Diego,0,0
E11,12,32.97,Logan,28-Feb-20,Diego,0,0
E11,13,30.74,Logan,28-Feb-20,Diego,0,0
E11,14,34.75,Logan,28-Feb-20,Diego,0,0
E11,15,23.77,Logan,28-Feb-20,Diego,0,0
E11,16,27.89,Logan,28-Feb-20,Diego,0,0
E11,17,22.49,Logan,28-Feb-20,Diego,0,0
E11,18,34.38,Logan,28-Feb-20,Diego,0,0
E11,19,26.33,Logan,28-Feb-20,Diego,0,0
E11,20,26.95,Logan,28-Feb-20,Diego,0,0
E11,21,52.35,Logan,28-Feb-20,Diego,0,0
E11,22,25.55,Logan,28-Feb-20,Diego,0,0
E11,23,36.89,Logan,28-Feb-20,Diego,0,0
E11,24,22.89,Logan,28-Feb-20,Diego,0,0
E11,25,24.41,Logan,28-Feb-20,Diego,0,0
E11,26,47.81,Logan,28-Feb-20,Diego,0,0
E11,27,23.93,Logan,28-Feb-20,Diego,0,0
E11,28,34.25,Logan,28-Feb-20,Diego,0,0
E11,29,34.18,Logan,28-Feb-20,Diego,0,0
E11,30,38.35,Logan,28-Feb-20,Diego,0,0
E11,31,22.88,Logan,28-Feb-20,Diego,0,0
E11,32,28.48,Logan,28-Feb-20,Diego,0,0
E11,33,30.96,Logan,28-Feb-20,Diego,0,0
E11,34,25.74,Logan,28-Feb-20,Diego,0,0
E11,35,26.37,Logan,28-Feb-20,Diego,0,0
E11,36,33.39,Logan,28-Feb-20,Diego,0,0
E11,37,27.04,Logan,28-Feb-20,Diego,0,0
E11,38,33.42,Logan,28-Feb-20,Diego,0,0
E11,39,29.65,Logan,28-Feb-20,Diego,0,0
E11,40,22.77,Logan,28-Feb-20,Diego,0,0
E11,41,36.66,Logan,28-Feb-20,Diego,0,0
E11,42,25.14,Logan,28-Feb-20,Diego,0,0
E11,43,23.15,Logan,28-Feb-20,Diego,0,0
E11,44,26,Logan,28-Feb-20,Diego,0,0
E11,45,29.97,Logan,28-Feb-20,Diego,0,0
E11,46,70.07,Logan,28-Feb-20,Diego,0,0
E11,47,22.65,Logan,28-Feb-20,Diego,0,0
E11,48,36.57,Logan,28-Feb-20,Diego,0,0
E11,49,25.42,Logan,28-Feb-20,Diego,0,0
E11,50,24.6,Logan,28-Feb-20,Diego,0,0
E11,51,44.4,Mabel,05-Mar-20,Diego,0,0
E11,52,39.58,Mabel,05-Mar-20,Diego,0,0
E11,53,43.16,Mabel,05-Mar-20,Diego,0,0
E11,54,33.16,Mabel,05-Mar-20,Diego,0,0
E11,55,34.93,Mabel,05-Mar-20,Diego,0,0
E11,56,41.58,Mabel,05-Mar-20,Diego,0,0
E11,57,39.29,Mabel,05-Mar-20,Diego,0,0
E11,58,35.93,Mabel,05-Mar-20,Diego,0,0
E11,59,23.41,Mabel,05-Mar-20,Diego,0,0
E11,60,28.85,Mabel,05-Mar-20,Diego,0,0
E11,61,71.91,Mabel,05-Mar-20,Diego,0,0
E11,62,24.28,Mabel,05-Mar-20,Diego,0,0
E11,63,40.1,Mabel,05-Mar-20,Diego,0,0
E11,64,56.58,Mabel,05-Mar-20,Diego,0,0
E11,65,24.62,Mabel,05-Mar-20,Diego,0,0
E11,66,45.76,Mabel,05-Mar-20,Diego,0,0
E11,67,30.65,Mabel,05-Mar-20,Diego,0,0
E11,68,34.62,Mabel,05-Mar-20,Diego,0,0
E11,69,22.88,Mabel,05-Mar-20,Diego,0,0
E11,70,38.39,Mabel,05-Mar-20,Diego,0,0
E11,71,55.44,Mabel,05-Mar-20,Diego,0,0
E11,72,23.77,Mabel,05-Mar-20,Diego,0,0
E11,73,29.21,Mabel,05-Mar-20,Diego,0,0
E11,74,29.94,Mabel,05-Mar-20,Diego,0,0
E11,75,24.33,Mabel,05-Mar-20,Diego,0,0
E11,76,34.8,Mabel,05-Mar-20,Diego,0,0
E11,77,22.97,Mabel,05-Mar-20,Diego,0,0
E11,78,48.76,Mabel,05-Mar-20,Diego,0,0
E11,79,28.5,Mabel,05-Mar-20,Diego,0,0
E11,80,27.85,Mabel,05-Mar-20,Diego,0,0
E11,81,43.42,Mabel,05-Mar-20,Diego,0,0
E11,82,33.06,Mabel,05-Mar-20,Diego,0,0
E11,83,33.86,Mabel,05-Mar-20,Diego,0,0
E11,84,37.72,Mabel,05-Mar-20,Diego,0,0
E11,85,29.34,Mabel,05-Mar-20,Diego,0,0
E11,86,70.77,Mabel,05-Mar-20,Diego,0,0
E11,87,37.27,Mabel,05-Mar-20,Diego,0,0
E11,88,53.34,Mabel,05-Mar-20,Diego,0,0
E11,89,26.16,Mabel,05-Mar-20,Diego,0,0
E11,90,35.97,Mabel,05-Mar-20,Diego,0,0
E11,91,30.38,Mabel,05-Mar-20,Diego,0,0
E11,92,35,Mabel,05-Mar-20,Diego,0,0
E11,93,30.6,Mabel,05-Mar-20,Diego,0,0
E11,94,32.89,Mabel,05-Mar-20,Diego,0,0
E11,95,41.69,Mabel,05-Mar-20,Diego,0,0
E11,96,23.02,Mabel,05-Mar-20,Diego,0,0
E11,97,46.37,Mabel,05-Mar-20,Diego,0,0
E11,98,30.53,Mabel,05-Mar-20,Diego,0,0
E11,99,72.06,Mabel,05-Mar-20,Diego,0,0
E11,100,30.43,Mabel,05-Mar-20,Diego,0,0
E11,101,44.44,Diego,04-Aug-21,Diego,0,0
E11,102,37.69,Diego,04-Aug-21,Diego,0,0
E11,103,28.6,Diego,04-Aug-21,Diego,0,0
E11,104,45.46,Diego,04-Aug-21,Diego,0,0
E11,105,33.18,Diego,04-Aug-21,Diego,0,0
E11,106,31.64,Diego,04-Aug-21,Diego,0,0
E11,107,36.48,Diego,04-Aug-21,Diego,0,0
E11,108,45.19,Diego,04-Aug-21,Diego,0,0
E11,109,26.45,Diego,04-Aug-21,Diego,0,0
E11,110,24.19,Diego,04-Aug-21,Diego,0,0
E11,111,35.74,Diego,04-Aug-21,Diego,0,0
E11,112,49.68,Diego,04-Aug-21,Diego,0,0
E11,113,50.06,Diego,04-Aug-21,Diego,0,0
E11,114,24.04,Diego,04-Aug-21,Diego,1,0
E11,115,47.2,Diego,04-Aug-21,Diego,0,0
E11,116,24.41,Diego,04-Aug-21,Diego,0,0
E11,117,27.28,Diego,04-Aug-21,Diego,0,0
E11,118,41.96,Diego,04-Aug-21,Diego,0,0
E11,119,45.15,Diego,04-Aug-21,Diego,0,0
E11,120,48.05,Diego,04-Aug-21,Diego,0,0
E11,121,23.9,Diego,04-Aug-21,Diego,1,0
E11,122,24.07,Diego,04-Aug-21,Diego,1,0
E11,123,41.88,Diego,04-Aug-21,Diego,0,0
E11,124,24,Diego,04-Aug-21,Diego,0,0
E11,125,44.84,Diego,04-Aug-21,Diego,0,0
E11,126,42.59,Diego,04-Aug-21,Diego,0,0
E11,127,29.66,Diego,04-Aug-21,Diego,0,0
E11,128,36.42,Diego,04-Aug-21,Diego,0,0
E11,129,28.6,Diego,04-Aug-21,Diego,0,0
E11,130,43.7,Diego,04-Aug-21,Diego,0,0
E11,131,45.66,Diego,04-Aug-21,Diego,0,0
E11,132,26.17,Diego,04-Aug-21,Diego,0,0
E11,133,24.39,Diego,04-Aug-21,Diego,0,0
E11,134,23.88,Diego,04-Aug-21,Diego,0,0
E11,135,36.35,Diego,04-Aug-21,Diego,0,0
E11,136,43.11,Diego,04-Aug-21,Diego,0,0
E11,137,41.6,Diego,04-Aug-21,Diego,0,0
E11,138,39.43,Diego,04-Aug-21,Diego,0,0
E11,139,29.35,Diego,04-Aug-21,Diego,0,0
E11,140,44.87,Diego,04-Aug-21,Diego,0,0
E11,141,51.74,Diego,04-Aug-21,Diego,0,0
E11,142,36.82,Diego,04-Aug-21,Diego,0,0
E11,143,61.07,Diego,04-Aug-21,Diego,0,0
E11,144,30.88,Diego,04-Aug-21,Diego,0,0
E11,145,27.26,Diego,04-Aug-21,Diego,0,0
E11,146,25.06,Diego,04-Aug-21,Diego,0,0
E11,147,31.28,Diego,04-Aug-21,Diego,0,0
E11,148,75.26,Diego,04-Aug-21,Diego,0,0
E11,149,30.21,Diego,04-Aug-21,Diego,0,0
E11,150,27.39,Logan,05-Mar-20,Diego,0,0
E11,151,30.45,Logan,05-Mar-20,Diego,0,0
E11,152,30.26,Logan,05-Mar-20,Diego,0,0
E11,153,22.76,Logan,05-Mar-20,Diego,1,0
E11,154,25.3,Logan,05-Mar-20,Diego,0,0
E11,155,27.26,Logan,05-Mar-20,Diego,0,0
E11,156,26.86,Logan,05-Mar-20,Diego,0,0
E11,157,25.51,Logan,05-Mar-20,Diego,0,0
E11,158,27.94,Logan,05-Mar-20,Diego,0,0
E11,159,28.35,Logan,05-Mar-20,Diego,0,0
E11,160,51.43,Logan,05-Mar-20,Diego,0,0
E11,161,30.78,Logan,05-Mar-20,Diego,0,0
E11,162,31.16,Logan,05-Mar-20,Diego,0,0
E11,163,31.45,Logan,05-Mar-20,Diego,0,0
E11,164,24.45,Logan,05-Mar-20,Diego,0,0
E11,165,28.4,Logan,05-Mar-20,Diego,0,0
E11,166,37.09,Logan,05-Mar-20,Diego,0,0
E11,167,23.86,Logan,05-Mar-20,Diego,0,0
E11,168,37.43,Logan,05-Mar-20,Diego,0,0
E11,169,22.67,Logan,05-Mar-20,Diego,1,0
E11,170,36.26,Logan,05-Mar-20,Diego,0,0
E11,171,25.07,Logan,05-Mar-20,Diego,0,0
E11,172,23.52,Logan,05-Mar-20,Diego,0,0
E11,173,25.89,Logan,05-Mar-20,Diego,0,0
E11,174,25.57,Logan,05-Mar-20,Diego,0,0
E11,175,44.08,Logan,05-Mar-20,Diego,0,0
E11,176,24.63,Logan,05-Mar-20,Diego,0,0
E11,177,38.8,Logan,05-Mar-20,Diego,0,0
E11,178,35.37,Logan,05-Mar-20,Diego,0,0
E11,179,24.89,Logan,05-Mar-20,Diego,0,0
E11,180,28.39,Logan,05-Mar-20,Diego,0,0
E11,181,30.41,Logan,05-Mar-20,Diego,0,0
E11,182,26.33,Logan,05-Mar-20,Diego,0,0
E11,183,31.91,Logan,05-Mar-20,Diego,0,0
E11,184,30.31,Logan,05-Mar-20,Diego,0,0
E11,185,37.16,Logan,05-Mar-20,Diego,0,0
E11,186,22.32,Logan,05-Mar-20,Diego,0,0
E11,187,23.3,Logan,05-Mar-20,Diego,0,0
E11,188,42.95,Logan,05-Mar-20,Diego,0,0
E11,189,25,Logan,05-Mar-20,Diego,0,0
E11,190,41.45,Logan,05-Mar-20,Diego,0,0
E11,191,35.55,Logan,05-Mar-20,Diego,0,0
E11,192,29.86,Logan,05-Mar-20,Diego,0,0
E11,193,40.13,Logan,05-Mar-20,Diego,0,0
E11,194,22.79,Logan,05-Mar-20,Diego,0,0
E11,195,28.88,Logan,05-Mar-20,Diego,0,0
E11,196,54.23,Logan,05-Mar-20,Diego,0,0
E11,197,23.85,Logan,05-Mar-20,Diego,0,0
E11,198,39.75,Logan,05-Mar-20,Diego,0,0
E11,199,26.19,Logan,05-Mar-20,Diego,0,0
E11,200,58.02,Logan,05-Mar-20,Diego,0,0
E11,201,25.61,Logan,05-Mar-20,Diego,0,0
E12,1,98.4,Logan,03-Mar-20,Diego,0,0
E12,2,28.45,Logan,03-Mar-20,Diego,0,0
E12,3,64.34,Logan,03-Mar-20,Diego,0,0
E12,4,24.27,Logan,03-Mar-20,Diego,0,0
E12,5,26.69,Logan,03-Mar-20,Diego,0,0
E12,6,51.84,Logan,03-Mar-20,Diego,0,0
E12,7,26.21,Logan,03-Mar-20,Diego,0,0
E12,8,35.84,Logan,03-Mar-20,Diego,0,0
E12,9,32.33,Logan,03-Mar-20,Diego,0,0
E12,10,33.23,Logan,03-Mar-20,Diego,0,0
E12,11,34.54,Logan,03-Mar-20,Diego,0,0
E12,12,27.95,Logan,03-Mar-20,Diego,0,0
E12,13,42.8,Logan,03-Mar-20,Diego,0,0
E12,14,35.96,Logan,03-Mar-20,Diego,0,0
E12,15,30.68,Logan,03-Mar-20,Diego,0,0
E12,16,72.4,Logan,03-Mar-20,Diego,0,0
E12,17,28.26,Logan,03-Mar-20,Diego,0,0
E12,18,40.72,Logan,03-Mar-20,Diego,0,0
E12,19,35.24,Logan,03-Mar-20,Diego,0,0
E12,20,40.37,Logan,03-Mar-20,Diego,0,0
E12,21,NA,Logan,03-Mar-20,Diego,1,0
E12,22,53.52,Logan,03-Mar-20,Diego,0,0
E12,23,50.45,Logan,03-Mar-20,Diego,0,0
E12,24,52.7,Logan,03-Mar-20,Diego,0,0
E12,25,24.8,Logan,03-Mar-20,Diego,0,0
E12,26,60.31,Logan,03-Mar-20,Diego,0,0
E12,27,34.53,Logan,03-Mar-20,Diego,0,0
E12,28,22.31,Logan,03-Mar-20,Diego,0,0
E12,29,35.82,Logan,03-Mar-20,Diego,0,0
E12,30,34.46,Logan,03-Mar-20,Diego,0,0
E12,31,74.35,Logan,03-Mar-20,Diego,0,0
E12,32,29.87,Logan,03-Mar-20,Diego,0,0
E12,33,36.56,Logan,03-Mar-20,Diego,0,0
E12,34,40.69,Logan,03-Mar-20,Diego,0,0
E12,35,37.84,Logan,03-Mar-20,Diego,0,0
E12,36,43.44,Logan,03-Mar-20,Diego,0,0
E12,37,30.98,Logan,03-Mar-20,Diego,0,0
E12,38,34.38,Logan,03-Mar-20,Diego,0,0
E12,39,31.98,Logan,03-Mar-20,Diego,0,0
E12,40,27.18,Logan,03-Mar-20,Diego,0,0
E12,41,42.88,Logan,03-Mar-20,Diego,0,0
E12,42,22.9,Logan,03-Mar-20,Diego,0,0
E12,43,45.07,Logan,03-Mar-20,Diego,0,0
E12,44,33.54,Logan,03-Mar-20,Diego,0,0
E12,45,23.13,Logan,03-Mar-20,Diego,0,0
E12,46,74.26,Logan,03-Mar-20,Diego,0,0
E12,47,29.39,Logan,03-Mar-20,Diego,0,0
E12,48,52.8,Logan,03-Mar-20,Diego,0,0
E12,49,36.66,Logan,03-Mar-20,Diego,0,0
E12,50,30.79,Logan,03-Mar-20,Diego,0,0
E12,51,34.48,Logan,03-Mar-20,Diego,0,0
E12,52,28.77,Logan,03-Mar-20,Diego,0,0
E12,53,45.2,Logan,03-Mar-20,Diego,0,0
E12,54,23.86,Logan,03-Mar-20,Diego,0,0
E12,55,34.77,Logan,03-Mar-20,Diego,0,0
E12,56,66.78,Logan,03-Mar-20,Diego,0,0
E12,57,26.29,Logan,03-Mar-20,Diego,0,0
E12,58,24.86,Logan,03-Mar-20,Diego,0,0
E12,59,26.68,Logan,03-Mar-20,Diego,0,0
E12,60,27.38,Logan,03-Mar-20,Diego,0,0
E12,61,50.19,Logan,03-Mar-20,Diego,0,0
E12,62,35.78,Logan,03-Mar-20,Diego,0,0
E12,63,38.62,Logan,03-Mar-20,Diego,0,0
E12,64,37.16,Logan,03-Mar-20,Diego,0,0
E12,65,28.82,Logan,03-Mar-20,Diego,0,0
E12,66,41.74,Logan,03-Mar-20,Diego,0,0
E12,67,29.48,Logan,03-Mar-20,Diego,0,0
E12,68,26.37,Logan,03-Mar-20,Diego,0,0
E12,69,25.85,Logan,03-Mar-20,Diego,0,0
E12,70,32.97,Logan,03-Mar-20,Diego,0,0
E12,71,54.41,Logan,03-Mar-20,Diego,0,0
E12,72,37.9,Logan,03-Mar-20,Diego,0,0
E12,73,45.16,Logan,03-Mar-20,Diego,0,0
E12,74,29.98,Logan,03-Mar-20,Diego,0,0
E12,75,33.12,Logan,03-Mar-20,Diego,0,0
E12,76,35.07,Logan,03-Mar-20,Diego,0,0
E12,77,43.9,Logan,03-Mar-20,Diego,0,0
E12,78,30.75,Logan,03-Mar-20,Diego,0,0
E12,79,39.39,Logan,03-Mar-20,Diego,0,0
E12,80,36.74,Logan,03-Mar-20,Diego,0,0
E12,81,41.02,Logan,03-Mar-20,Diego,0,0
E12,82,23.37,Logan,03-Mar-20,Diego,0,0
E12,83,52.04,Logan,03-Mar-20,Diego,0,0
E12,84,22.97,Logan,03-Mar-20,Diego,0,0
E12,85,28.55,Logan,03-Mar-20,Diego,0,0
E12,86,46.52,Logan,03-Mar-20,Diego,0,0
E12,87,40.99,Logan,03-Mar-20,Diego,0,0
E12,88,46.92,Logan,03-Mar-20,Diego,0,0
E12,89,28.19,Logan,03-Mar-20,Diego,0,0
E12,90,41.28,Logan,03-Mar-20,Diego,0,0
E12,91,22.75,Logan,03-Mar-20,Diego,0,0
E12,92,63.74,Logan,03-Mar-20,Diego,0,0
E12,93,65.28,Logan,03-Mar-20,Diego,0,0
E12,94,22.91,Logan,03-Mar-20,Diego,0,0
E12,95,40,Logan,03-Mar-20,Diego,0,0
E12,96,59.81,Logan,03-Mar-20,Diego,0,0
E12,97,22.97,Logan,03-Mar-20,Diego,0,0
E12,98,32.47,Logan,03-Mar-20,Diego,0,0
E12,99,79.18,Logan,03-Mar-20,Diego,0,0
E12,100,27.5,Logan,03-Mar-20,Diego,0,0
E12,101,60.81,Diego,Aug/11/21,Maya,0,0
E12,102,94.09,Diego,Aug/11/21,Maya,0,0
E12,103,61.17,Diego,Aug/11/21,Maya,0,0
E12,104,42.15,Diego,Aug/11/21,Maya,0,0
E12,105,65.4,Diego,Aug/11/21,Maya,0,0
E12,106,49.63,Diego,Aug/11/21,Maya,0,0
E12,107,45.13,Diego,Aug/11/21,Maya,0,0
E12,108,65.55,Diego,Aug/11/21,Maya,0,0
E12,109,44.88,Diego,Aug/11/21,Maya,0,0
E12,110,36.31,Diego,Aug/11/21,Maya,0,0
E12,111,38.66,Diego,Aug/11/21,Maya,0,0
E12,112,37.91,Diego,Aug/11/21,Maya,0,0
E12,113,64.64,Diego,Aug/11/21,Maya,0,0
E12,114,37.19,Diego,Aug/11/21,Maya,0,0
E12,115,57.33,Diego,Aug/11/21,Maya,0,0
E12,116,34.93,Diego,Aug/11/21,Maya,0,0
E12,117,42.17,Diego,Aug/11/21,Maya,0,0
E12,118,60.67,Diego,Aug/11/21,Maya,0,0
E12,119,33.5,Diego,Aug/11/21,Maya,0,0
E12,120,44.34,Diego,Aug/11/21,Maya,0,0
E12,121,40.04,Diego,Aug/11/21,Maya,0,0
E12,122,32.86,Diego,Aug/11/21,Maya,0,0
E12,123,51.38,Diego,Aug/11/21,Maya,0,0
E12,124,37.55,Diego,Aug/11/21,Maya,0,0
E12,125,24,Diego,Aug/11/21,Maya,1,0
E12,126,60.52,Diego,Aug/11/21,Maya,0,0
E12,127,27.29,Diego,Aug/11/21,Maya,0,0
E12,128,33.19,Diego,Aug/11/21,Maya,0,0
E12,129,54.24,Diego,Aug/11/21,Maya,0,0
E12,130,29.82,Diego,Aug/11/21,Maya,0,0
E12,131,41.12,Diego,Aug/11/21,Maya,0,0
E12,132,28.2,Diego,Aug/11/21,Maya,0,0
E12,133,42.5,Diego,Aug/11/21,Maya,0,0
E12,134,50.02,Diego,Aug/11/21,Maya,0,0
E12,135,30.88,Diego,Aug/11/21,Maya,0,0
E12,136,34.12,Diego,Aug/11/21,Maya,0,0
E12,137,28.4,Diego,Aug/11/21,Maya,0,0
E12,138,28.2,Diego,Aug/11/21,Maya,0,0
E12,139,49.3,Diego,Aug/11/21,Maya,0,0
E12,140,37.9,Diego,Aug/11/21,Maya,0,0
E12,141,73.99,Diego,Aug/11/21,Maya,0,0
E12,142,46.57,Diego,Aug/11/21,Maya,0,0
E12,143,30.17,Diego,Aug/11/21,Maya,0,0
E12,144,26.15,Diego,Aug/11/21,Maya,0,0
E12,145,35.95,Diego,Aug/11/21,Maya,0,0
E12,146,44.06,Diego,Aug/11/21,Maya,0,0
E12,147,31.84,Diego,Aug/11/21,Maya,0,0
E12,148,47.01,Diego,Aug/11/21,Maya,0,0
E12,149,41.09,Diego,Aug/11/21,Maya,0,0
E12,150,79.19,Diego,Aug/11/21,Maya,0,0
E12,151,30.74,Mabel,02-Mar-20,Diego,0,0
E12,152,25.06,Mabel,02-Mar-20,Diego,0,0
E12,153,43.68,Mabel,02-Mar-20,Diego,0,0
E12,154,26.17,Mabel,02-Mar-20,Diego,0,0
E12,155,27.87,Mabel,02-Mar-20,Diego,0,0
E12,156,32.44,Mabel,02-Mar-20,Diego,0,0
E12,157,27.44,Mabel,02-Mar-20,Diego,0,0
E12,158,39.99,Mabel,02-Mar-20,Diego,0,0
E12,159,23.7,Mabel,02-Mar-20,Diego,0,0
E12,160,40.2,Mabel,02-Mar-20,Diego,0,0
E12,161,38.61,Mabel,02-Mar-20,Diego,0,0
E12,162,28.88,Mabel,02-Mar-20,Diego,0,0
E12,163,27.41,Mabel,02-Mar-20,Diego,0,0
E12,164,25.79,Mabel,02-Mar-20,Diego,0,0
E12,165,31.3,Mabel,02-Mar-20,Diego,0,0
E12,166,42.29,Mabel,02-Mar-20,Diego,0,0
E12,167,23.76,Mabel,02-Mar-20,Diego,0,0
E12,168,39.78,Mabel,02-Mar-20,Diego,0,0
E12,169,25.92,Mabel,02-Mar-20,Diego,0,0
E12,170,48.06,Mabel,02-Mar-20,Diego,0,0
E12,171,28.84,Mabel,02-Mar-20,Diego,0,0
E12,172,29.47,Mabel,02-Mar-20,Diego,0,0
E12,173,36.33,Mabel,02-Mar-20,Diego,0,0
E12,174,31.65,Mabel,02-Mar-20,Diego,0,0
E12,175,38.07,Mabel,02-Mar-20,Diego,0,0
E12,176,27.5,Mabel,02-Mar-20,Diego,0,0
E12,177,25.15,Mabel,02-Mar-20,Diego,0,0
E12,178,31.37,Mabel,02-Mar-20,Diego,0,0
E12,179,23.14,Mabel,02-Mar-20,Diego,0,0
E12,180,38.26,Mabel,02-Mar-20,Diego,0,0
E12,181,31.8,Mabel,02-Mar-20,Diego,0,0
E12,182,25.14,Mabel,02-Mar-20,Diego,0,0
E12,183,50.5,Mabel,02-Mar-20,Diego,0,0
E12,184,34.29,Mabel,02-Mar-20,Diego,0,0
E12,185,32.17,Mabel,02-Mar-20,Diego,0,0
E12,186,26.26,Mabel,02-Mar-20,Diego,0,0
E12,187,29.65,Mabel,02-Mar-20,Diego,0,0
E12,188,24.8,Mabel,02-Mar-20,Diego,0,0
E12,189,26.43,Mabel,02-Mar-20,Diego,0,0
E12,190,32.86,Mabel,02-Mar-20,Diego,0,0
E12,191,39.03,Mabel,02-Mar-20,Diego,0,0
E12,192,35.41,Mabel,02-Mar-20,Diego,0,0
E12,193,36.27,Mabel,02-Mar-20,Diego,0,0
E12,194,25.49,Mabel,02-Mar-20,Diego,0,0
E12,195,37.05,Mabel,02-Mar-20,Diego,0,0
E12,196,32.49,Mabel,02-Mar-20,Diego,0,0
E12,197,24.09,Mabel,02-Mar-20,Diego,0,0
E12,198,38.69,Mabel,02-Mar-20,Diego,0,0
E12,199,25.98,Mabel,02-Mar-20,Diego,0,0
E12,200,48.84,Mabel,02-Mar-20,Diego,0,0
E12,201,32.08,Mabel,02-Mar-20,Diego,0,0
E12,202,32.55,Mabel,02-Mar-20,Diego,0,0
,,,,,,,
,,,,,,,
,,,,,,,
,,,,,,,
,,,,,,,