Block,Pos,Date,Weight,Measured_by,Entered_by,Missing,NOTES,"Individuals with missing bags were assigned the ""empty bag"" weight for their box- May 10, 2023"
E3,1,27-Mar-23,82.83,Vivian Nguyen,Vivian Nguyen,,,
E3,2,27-Mar-23,51.55,Vivian Nguyen,Vivian Nguyen,,,
E3,3,27-Mar-23,36.07,Vivian Nguyen,Vivian Nguyen,,,
E3,4,27-Mar-23,39.45,Vivian Nguyen,Vivian Nguyen,,,
E3,5,27-Mar-23,43.33,Vivian Nguyen,Vivian Nguyen,,,
E3,6,27-Mar-23,31.15,Vivian Nguyen,Vivian Nguyen,,,
E3,7,27-Mar-23,41.69,Vivian Nguyen,Vivian Nguyen,,,
E3,8,27-Mar-23,81.69,Vivian Nguyen,Vivian Nguyen,,,
E3,9,27-Mar-23,35.31,Vivian Nguyen,Vivian Nguyen,,,
E3,10,27-Mar-23,34.55,Vivian Nguyen,Vivian Nguyen,,,
E3,11,27-Mar-23,30.89,Vivian Nguyen,Vivian Nguyen,,,
E3,12,27-Mar-23,38.69,Vivian Nguyen,Vivian Nguyen,,,
E3,13,27-Mar-23,33.63,Vivian Nguyen,Vivian Nguyen,,,
E3,14,27-Mar-23,37.87,Vivian Nguyen,Vivian Nguyen,,,
E3,15,27-Mar-23,42.26,Vivian Nguyen,Vivian Nguyen,,,
E3,16,27-Mar-23,35.86,Vivian Nguyen,Vivian Nguyen,,,
E3,17,27-Mar-23,38.43,Vivian Nguyen,Vivian Nguyen,,,
E3,18,27-Mar-23,68.09,Vivian Nguyen,Vivian Nguyen,,,
E3,19,27-Mar-23,52.86,Vivian Nguyen,Vivian Nguyen,,,
E3,20,27-Mar-23,57.74,Vivian Nguyen,Vivian Nguyen,,,
E3,21,27-Mar-23,30.57,Vivian Nguyen,Vivian Nguyen,1,no bag,
E3,22,27-Mar-23,30.57,Vivian Nguyen,Vivian Nguyen,1,no bag,
E3,23,27-Mar-23,44.51,Vivian Nguyen,Vivian Nguyen,,,
E3,24,27-Mar-23,40.83,Vivian Nguyen,Vivian Nguyen,,,
E3,25,27-Mar-23,70.83,Vivian Nguyen,Vivian Nguyen,,,
E3,26,27-Mar-23,33.75,Vivian Nguyen,Vivian Nguyen,,,
E3,27,27-Mar-23,37.79,Vivian Nguyen,Vivian Nguyen,,,
E3,28,27-Mar-23,81.59,Vivian Nguyen,Vivian Nguyen,,,
E3,29,27-Mar-23,34.92,Vivian Nguyen,Vivian Nguyen,,,
E3,30,27-Mar-23,43.85,Vivian Nguyen,Vivian Nguyen,,,
E3,31,27-Mar-23,37.05,Vivian Nguyen,Vivian Nguyen,,,
E3,32,27-Mar-23,32.76,Vivian Nguyen,Vivian Nguyen,,,
E3,33,27-Mar-23,89.04,Vivian Nguyen,Vivian Nguyen,,,
E3,34,27-Mar-23,33.31,Vivian Nguyen,Vivian Nguyen,,,
E3,35,27-Mar-23,34.91,Vivian Nguyen,Vivian Nguyen,,,
E3,36,27-Mar-23,57.06,Vivian Nguyen,Vivian Nguyen,,,
E3,37,27-Mar-23,33.52,Vivian Nguyen,Vivian Nguyen,,,
E3,38,27-Mar-23,33.1,Vivian Nguyen,Vivian Nguyen,,,
E3,39,27-Mar-23,36.15,Vivian Nguyen,Vivian Nguyen,,,
E3,40,27-Mar-23,42.26,Vivian Nguyen,Vivian Nguyen,,,
E3,41,27-Mar-23,46.3,Vivian Nguyen,Vivian Nguyen,,,
E3,42,27-Mar-23,40.94,Vivian Nguyen,Vivian Nguyen,,,
E3,43,27-Mar-23,53.68,Vivian Nguyen,Vivian Nguyen,,,
E3,44,27-Mar-23,32.1,Vivian Nguyen,Vivian Nguyen,,,
E3,45,27-Mar-23,41.73,Vivian Nguyen,Vivian Nguyen,,,
E3,46,27-Mar-23,33.07,Vivian Nguyen,Vivian Nguyen,,,
E3,47,27-Mar-23,39.3,Vivian Nguyen,Vivian Nguyen,,,
E3,48,27-Mar-23,37.49,Vivian Nguyen,Vivian Nguyen,,,
E3,49,27-Mar-23,33.82,Vivian Nguyen,Vivian Nguyen,,,
E3,50,27-Mar-23,31,Vivian Nguyen,Vivian Nguyen,,"E10 box 1-50, empty bag = 30.57g",
E3,51,28-Mar-23,36.21,Kris Sanchez,Vivian Nguyen,,,
E3,52,28-Mar-23,29.13,Kris Sanchez,Vivian Nguyen,1,Whole bag missing,
E3,53,28-Mar-23,39.48,Kris Sanchez,Vivian Nguyen,,,
E3,54,28-Mar-23,36.1,Kris Sanchez,Vivian Nguyen,,,
E3,55,28-Mar-23,50.36,Kris Sanchez,Vivian Nguyen,,,
E3,56,28-Mar-23,35.36,Kris Sanchez,Vivian Nguyen,,,
E3,57,28-Mar-23,31.11,Kris Sanchez,Vivian Nguyen,,,
E3,58,28-Mar-23,32.75,Kris Sanchez,Vivian Nguyen,,,
E3,59,28-Mar-23,29.13,Kris Sanchez,Vivian Nguyen,1,Whole bag missing,
E3,60,28-Mar-23,49.86,Kris Sanchez,Vivian Nguyen,,,
E3,61,28-Mar-23,44.91,Kris Sanchez,Vivian Nguyen,,,
E3,62,28-Mar-23,31.39,Kris Sanchez,Vivian Nguyen,,,
E3,63,28-Mar-23,51.58,Kris Sanchez,Vivian Nguyen,,,
E3,64,28-Mar-23,31.71,Kris Sanchez,Vivian Nguyen,,,
E3,65,28-Mar-23,53.74,Kris Sanchez,Vivian Nguyen,,,
E3,66,28-Mar-23,35.24,Kris Sanchez,Vivian Nguyen,,,
E3,67,28-Mar-23,36.56,Kris Sanchez,Vivian Nguyen,,,
E3,68,28-Mar-23,30.33,Kris Sanchez,Vivian Nguyen,,,
E3,69,28-Mar-23,43.56,Kris Sanchez,Vivian Nguyen,,,
E3,70,28-Mar-23,48.65,Kris Sanchez,Vivian Nguyen,,,
E3,71,28-Mar-23,29.13,Kris Sanchez,Vivian Nguyen,1,Whole bag missing,
E3,72,28-Mar-23,29.13,Kris Sanchez,Vivian Nguyen,1,Whole bag missing,
E3,73,28-Mar-23,60.47,Kris Sanchez,Vivian Nguyen,,,
E3,74,28-Mar-23,35.6,Kris Sanchez,Vivian Nguyen,,,
E3,75,28-Mar-23,34.21,Kris Sanchez,Vivian Nguyen,,,
E3,76,28-Mar-23,44.42,Kris Sanchez,Vivian Nguyen,,,
E3,77,28-Mar-23,34.13,Kris Sanchez,Vivian Nguyen,,,
E3,78,28-Mar-23,42.31,Kris Sanchez,Vivian Nguyen,,,
E3,79,28-Mar-23,33.63,Kris Sanchez,Vivian Nguyen,,,
E3,80,28-Mar-23,47.2,Kris Sanchez,Vivian Nguyen,,,
E3,81,28-Mar-23,29.91,Kris Sanchez,Vivian Nguyen,,,
E3,82,28-Mar-23,31.64,Kris Sanchez,Vivian Nguyen,,,
E3,83,28-Mar-23,44.49,Kris Sanchez,Vivian Nguyen,,,
E3,84,28-Mar-23,29.54,Kris Sanchez,Vivian Nguyen,,,
E3,85,28-Mar-23,29.17,Kris Sanchez,Vivian Nguyen,,,
E3,86,28-Mar-23,34.16,Kris Sanchez,Vivian Nguyen,,,
E3,87,28-Mar-23,32.22,Kris Sanchez,Vivian Nguyen,,,
E3,88,28-Mar-23,35.91,Kris Sanchez,Vivian Nguyen,,,
E3,89,28-Mar-23,29.13,Kris Sanchez,Vivian Nguyen,1,Whole bag missing,
E3,90,28-Mar-23,29.87,Kris Sanchez,Vivian Nguyen,,,
E3,91,28-Mar-23,29.13,Kris Sanchez,Vivian Nguyen,1,Whole bag missing,
E3,92,28-Mar-23,34.86,Kris Sanchez,Vivian Nguyen,,,
E3,93,28-Mar-23,32.33,Kris Sanchez,Vivian Nguyen,,,
E3,94,28-Mar-23,30.99,Kris Sanchez,Vivian Nguyen,,,
E3,95,28-Mar-23,31.34,Kris Sanchez,Vivian Nguyen,,,
E3,96,28-Mar-23,44.94,Kris Sanchez,Vivian Nguyen,,,
E3,97,29-Mar-23,33.06,Kris Sanchez,Vivian Nguyen,,,
E3,98,29-Mar-23,52.94,Vivian Nguyen,Vivian Nguyen,,,
E3,99,29-Mar-23,32.9,Kris Sanchez,Vivian Nguyen,,,
E3,100,29-Mar-23,30.65,Vivian Nguyen,Vivian Nguyen,,"E3 box 1-100, empty bag = 29.13g",
E3,101,29-Mar-23,32.38,Kris Sanchez,Vivian Nguyen,1,Whole bag missing,
E3,102,29-Mar-23,32.85,Vivian Nguyen,Vivian Nguyen,,,
E3,103,29-Mar-23,87.88,Kris Sanchez,Vivian Nguyen,,,
E3,104,29-Mar-23,45.41,Vivian Nguyen,Vivian Nguyen,,,
E3,105,29-Mar-23,60.75,Vivian Nguyen,Vivian Nguyen,,,
E3,106,29-Mar-23,39.28,Vivian Nguyen,Vivian Nguyen,,,
E3,107,29-Mar-23,32.38,,Vivian Nguyen,1,Whole bag missing,
E3,108,29-Mar-23,32.12,Kris Sanchez,Vivian Nguyen,,,
E3,109,29-Mar-23,80.91,Kris Sanchez,Vivian Nguyen,,,
E3,110,29-Mar-23,33.27,Vivian Nguyen,Vivian Nguyen,,,
E3,111,29-Mar-23,30.56,Vivian Nguyen,Vivian Nguyen,,,
E3,112,29-Mar-23,38.19,Kris Sanchez,Vivian Nguyen,,,
E3,113,29-Mar-23,53.18,Vivian Nguyen,Vivian Nguyen,,,
E3,114,29-Mar-23,36.19,Vivian Nguyen,Vivian Nguyen,,,
E3,115,29-Mar-23,44.03,Vivian Nguyen,Vivian Nguyen,,,
E3,116,29-Mar-23,51.19,Vivian Nguyen,Vivian Nguyen,,,
E3,117,29-Mar-23,36.01,Vivian Nguyen,Vivian Nguyen,,,
E3,118,29-Mar-23,40.46,Kris Sanchez,Vivian Nguyen,,,
E3,119,29-Mar-23,34.03,Vivian Nguyen,Vivian Nguyen,,,
E3,120,29-Mar-23,34.45,Vivian Nguyen,Vivian Nguyen,,,
E3,121,29-Mar-23,50.02,Vivian Nguyen,Vivian Nguyen,,,
E3,122,29-Mar-23,31.3,Kris Sanchez,Vivian Nguyen,,,
E3,123,29-Mar-23,31.55,Kris Sanchez,Vivian Nguyen,,,
E3,124,29-Mar-23,35.93,Kris Sanchez,Vivian Nguyen,,,
E3,125,29-Mar-23,36.51,Kris Sanchez,Vivian Nguyen,,,
E3,126,29-Mar-23,65.35,Vivian Nguyen,Vivian Nguyen,,,
E3,127,29-Mar-23,38.75,Kris Sanchez,Vivian Nguyen,,,
E3,128,29-Mar-23,34.76,Kris Sanchez,Vivian Nguyen,,,
E3,129,29-Mar-23,42.53,Vivian Nguyen,Vivian Nguyen,,,
E3,130,29-Mar-23,33.63,Vivian Nguyen,Vivian Nguyen,,,
E3,131,29-Mar-23,44.36,Vivian Nguyen,Vivian Nguyen,,,
E3,132,29-Mar-23,30,Kris Sanchez,Vivian Nguyen,,,
E3,133,29-Mar-23,46.41,Kris Sanchez,Vivian Nguyen,,,
E3,134,29-Mar-23,31.74,Vivian Nguyen,Vivian Nguyen,,,
E3,135,29-Mar-23,44.79,Vivian Nguyen,Vivian Nguyen,,,
E3,136,29-Mar-23,50.58,Vivian Nguyen,Vivian Nguyen,,,
E3,137,29-Mar-23,39.44,Vivian Nguyen,Vivian Nguyen,,,
E3,138,29-Mar-23,39.22,Kris Sanchez,Vivian Nguyen,,,
E3,139,30-Mar-23,28.88,Gabrielle Janfield,,,,
E3,140,30-Mar-23,38.45,Gabrielle Janfield,,,,
E3,141,30-Mar-23,66.46,Gabrielle Janfield,,,,
E3,142,30-Mar-23,29.72,Gabrielle Janfield,,,,
E3,143,30-Mar-23,49.59,Gabrielle Janfield,,,,
E3,144,30-Mar-23,35.71,Gabrielle Janfield,,,,
E3,145,30-Mar-23,49.57,Gabrielle Janfield,,,,
E3,146,30-Mar-23,36.79,Gabrielle Janfield,,,,
E3,147,30-Mar-23,35,Gabrielle Janfield,,,,
E3,148,30-Mar-23,32.22,Gabrielle Janfield,,,,
E3,149,30-Mar-23,36.89,Gabrielle Janfield,,,,
E3,150,30-Mar-23,52.4,Gabrielle Janfield,,,empty bag from box E3 101-150 = 32.38g,
E3,151,30-Mar-23,50.58,Gabrielle Janfield,,,,
E3,152,30-Mar-23,30.45,Gabrielle Janfield,,,,
E3,153,30-Mar-23,35.77,Gabrielle Janfield,,,,
E3,154,30-Mar-23,33.5,Gabrielle Janfield,,,,
E3,155,30-Mar-23,29.81,Gabrielle Janfield,,,,
E3,156,30-Mar-23,43.95,Gabrielle Janfield,,,,
E3,157,30-Mar-23,30.46,Gabrielle Janfield,,,,
E3,158,30-Mar-23,47.72,Gabrielle Janfield,,,,
E3,159,30-Mar-23,32.18,Gabrielle Janfield,,,,
E3,160,30-Mar-23,36.56,Gabrielle Janfield,,,,
E3,161,30-Mar-23,42.38,Gabrielle Janfield,,,,
E3,162,30-Mar-23,30.39,Gabrielle Janfield,,,,
E3,163,30-Mar-23,41.41,Gabrielle Janfield,,,,
E3,164,30-Mar-23,44.77,Gabrielle Janfield,,,,
E3,165,30-Mar-23,58.54,Gabrielle Janfield,,,,
E3,166,30-Mar-23,36.54,Gabrielle Janfield,,,,
E3,167,30-Mar-23,30.48,Gabrielle Janfield,,1,Whole bag missing,
E3,168,30-Mar-23,35.21,Gabrielle Janfield,,,,
E3,169,30-Mar-23,42.31,Gabrielle Janfield,,,,
E3,170,30-Mar-23,42.54,Gabrielle Janfield,,,,
E3,171,30-Mar-23,36.7,Gabrielle Janfield,,,,
E3,172,30-Mar-23,35.78,Gabrielle Janfield,,,,
E3,173,30-Mar-23,29.73,Gabrielle Janfield,,,,
E3,174,30-Mar-23,29.55,Gabrielle Janfield,,,,
E3,175,30-Mar-23,32.55,Gabrielle Janfield,,,,
E3,176,30-Mar-23,40.42,Gabrielle Janfield,,,"Bottom of bag has small hole, taped after weighing",
E3,177,30-Mar-23,32.78,Gabrielle Janfield,,,,
E3,178,30-Mar-23,33.05,Gabrielle Janfield,,,,
E3,179,30-Mar-23,32.17,Gabrielle Janfield,,,,
E3,180,30-Mar-23,57.22,Gabrielle Janfield,,,"Bottom of bag has small hole, taped after weighing",
E3,181,30-Mar-23,31.69,Gabrielle Janfield,,,,
E3,182,30-Mar-23,29.85,Gabrielle Janfield,,,,
E3,183,30-Mar-23,41.59,Gabrielle Janfield,,,,
E3,184,30-Mar-23,60.95,Gabrielle Janfield,,,,
E3,185,30-Mar-23,41.38,Gabrielle Janfield,,,,
E3,186,30-Mar-23,31.47,Gabrielle Janfield,,,,
E3,187,30-Mar-23,30.74,Gabrielle Janfield,,,,
E3,188,30-Mar-23,33.39,Gabrielle Janfield,,,,
E3,189,30-Mar-23,31.65,Gabrielle Janfield,,,,
E3,190,30-Mar-23,36.23,Gabrielle Janfield,,,,
E3,191,30-Mar-23,31.17,Gabrielle Janfield,,,,
E3,192,30-Mar-23,36.24,Gabrielle Janfield,,,,
E3,193,30-Mar-23,33.75,Gabrielle Janfield,,,,
E3,194,30-Mar-23,66.8,Gabrielle Janfield,,,,
E3,195,30-Mar-23,40.92,Gabrielle Janfield,,,,
E3,196,30-Mar-23,41.89,Gabrielle Janfield,,,,
E3,197,30-Mar-23,31.05,Gabrielle Janfield,,,,
E3,198,30-Mar-23,35.5,Gabrielle Janfield,,,,
E3,199,30-Mar-23,40.42,Gabrielle Janfield,,,,
E3,200,30-Mar-23,36.41,Gabrielle Janfield,,,empty bag from box E3 151-200 = 30.48g --> w/ seed and leaf debris,
E4,1,,,,,,,
E4,2,,,,,,,
E4,3,,,,,,,
E4,4,2024-01-25,32.78,Heidi Albers,Heidi Albers,,,
E4,5,2024-01-25,30.78,Heidi Albers,Heidi Albers,,,
E4,6,2024-01-25,30.37,Heidi Albers,Heidi Albers,,,
E4,7,,,,,,,
E4,8,,,,,,,
E4,9,,,,,,,
E4,10,,,,,,,
E4,11,2024-01-25,31.2,Heidi Albers,Heidi Albers,,,
E4,12,,,,,,,
E4,13,2024-01-25,30.6,Heidi Albers,Heidi Albers,,,
E4,14,,,,,,,
E4,15,,,,,,,
E4,16,,,,,,,
E4,17,,,,,,,
E4,18,,,,,,,
E4,19,,,,,,,
E4,20,2024-01-25,30.65,Heidi Albers,Heidi Albers,,,
E4,21,,,,,,,
E4,22,,,,,,,
E4,23,,,,,,,
E4,24,,,,,,,
E4,25,,,,,,,
E4,26,,,,,,,
E4,27,,,,,,,
E4,28,,,,,,,
E4,29,,,,,,,
E4,30,2024-01-25,30.29,Heidi Albers,Heidi Albers,,,
E4,31,,,,,,,
E4,32,,,,,,,
E4,33,,,,,,,
E4,34,2024-01-25,30.74,Heidi Albers,Heidi Albers,,,
E4,35,2024-01-25,30.76,Heidi Albers,Heidi Albers,,,
E4,36,2024-01-25,30.56,Heidi Albers,Heidi Albers,,,
E4,37,,,,,,,
E4,38,2024-01-25,29.64,Heidi Albers,Heidi Albers,,,
E4,39,,,,,,,
E4,40,,,,,,,
E4,41,,,,,,,
E4,42,,,,,,,
E4,43,,,,,,,
E4,44,,,,,,,
E4,45,,,,,,,
E4,46,,,,,,,
E4,47,,,,,,,
E4,48,,,,,,,
E4,49,,,,,,,
E4,50,,,,,,,
E4,51,,,,,,,
E4,52,,,,,,,
E4,53,,,,,,,
E4,54,,,,,,,
E4,55,,,,,,,
E4,56,,,,,,,
E4,57,,,,,,,
E4,58,,,,,,,
E4,59,,,,,,,
E4,60,,,,,,,
E4,61,,,,,,,
E4,62,,,,,,,
E4,63,,,,,,,
E4,64,,,,,,,
E4,65,,,,,,,
E4,66,,,,,,,
E4,67,,,,,,,
E4,68,,,,,,,
E4,69,,,,,,,
E4,70,,,,,,,
E4,71,,,,,,,
E4,72,,,,,,,
E4,73,,,,,,,
E4,74,,,,,,,
E4,75,,,,,,,
E4,76,,,,,,,
E4,77,,,,,,,
E4,78,,,,,,,
E4,79,2024-01-25,30.43,Heidi Albers,Heidi Albers,,,
E4,80,,,,,,,
E4,81,,,,,,,
E4,82,,,,,,,
E4,83,2024-01-25,30.87,Heidi Albers,Heidi Albers,,,
E4,84,,,,,,,
E4,85,,,,,,,
E4,86,,,,,,,
E4,87,,,,,,,
E4,88,,,,,,,
E4,89,,,,,,,
E4,90,,,,,,,
E4,91,,,,,,,
E4,92,,,,,,,
E4,93,,,,,,,
E4,94,,,,,,,
E4,95,,,,,,,
E4,96,,,,,,,
E4,97,,,,,,,
E4,98,,,,,,,
E4,99,,,,,,,
E4,100,,,,,,,
E4,101,,,,,,,
E4,102,,,,,,,
E4,103,2024-01-25,30.5,Heidi Albers,Heidi Albers,,,
E4,104,,,,,,,
E4,105,,,,,,,
E4,106,,,,,,,
E4,107,,,,,,,
E4,108,,,,,,,
E4,109,,,,,,,
E4,110,,,,,,,
E4,111,,,,,,,
E4,112,,,,,,,
E4,113,,,,,,,
E4,114,,,,,,,
E4,115,,,,,,,
E4,116,,,,,,,
E4,117,,,,,,,
E4,118,,,,,,,
E4,119,,,,,,,
E4,120,,,,,,,
E4,121,2024-01-25,31.65,Heidi Albers,Heidi Albers,,,
E4,122,,,,,,,
E4,123,,,,,,,
E4,124,,,,,,,
E4,125,,,,,,,
E4,126,,,,,,,
E4,127,,,,,,,
E4,128,,,,,,,
E4,129,,,,,,,
E4,130,,,,,,,
E4,131,,,,,,,
E4,132,,,,,,,
E4,133,,,,,,,
E4,134,,,,,,,
E4,135,,,,,,,
E4,136,,,,,,,
E4,137,,,,,,,
E4,138,,,,,,,
E4,139,,,,,,,
E4,140,,,,,,,
E4,141,,,,,,,
E4,142,,,,,,,
E4,143,,,,,,,
E4,144,,,,,,,
E4,145,,,,,,,
E4,146,,,,,,,
E4,147,,,,,,,
E4,148,,,,,,,
E4,149,,,,,,,
E4,150,,,,,,,
E4,151,,,,,,,
E4,152,,,,,,,
E4,153,,,,,,,
E4,154,,,,,,,
E4,155,,,,,,,
E4,156,,,,,,,
E4,157,,,,,,,
E4,158,,,,,,,
E4,159,,,,,,,
E4,160,,,,,,,
E4,161,,,,,,,
E4,162,,,,,,,
E4,163,,,,,,,
E4,164,,,,,,,
E4,165,,,,,,,
E4,166,,,,,,,
E4,167,,,,,,,
E4,168,,,,,,,
E4,169,,,,,,,
E4,170,2024-01-25,31.25,Heidi Albers,Heidi Albers,,,
E4,171,,,,,,,
E4,172,,,,,,,
E4,173,,,,,,,
E4,174,,,,,,,
E4,175,2024-01-25,29.62,Heidi Albers,Heidi Albers,,,
E4,176,,,,,,,
E4,177,2024-01-25,30.41,Heidi Albers,Heidi Albers,,,
E4,178,,,,,,,
E4,179,,,,,,,
E4,180,,,,,,,
E4,181,,,,,,,
E4,182,,,,,,,
E4,183,,,,,,,
E4,184,,,,,,,
E4,185,,,,,,,
E4,186,,,,,,,
E4,187,,,,,,,
E4,188,,,,,,,
E4,189,,,,,,,
E4,190,,,,,,,
E4,191,2024-01-25,30.69,Heidi Albers,Heidi Albers,,,
E4,192,,,,,,,
E4,193,,,,,,,
E4,194,,,,,,,
E4,195,,,,,,,
E4,196,,,,,,,
E4,197,,,,,,,
E4,198,2024-01-25,32.5,Heidi Albers,Heidi Albers,,,
E4,199,,,,,,,
E4,200,2024-01-25,31.73,Heidi Albers,Heidi Albers,,,
E4,201,2024-01-25,30.89,Heidi Albers,Heidi Albers,,,
E5,1,,,,,,,
E5,2,,,,,,,
E5,3,,,,,,,
E5,4,,,,,,,
E5,5,,,,,,,
E5,6,,,,,,,
E5,7,,,,,,,
E5,8,,,,,,,
E5,9,2024-01-25,31.91,Heidi Albers,Heidi Albers,,,
E5,10,,,,,,,
E5,11,2024-01-25,29.65,Heidi Albers,Heidi Albers,,,
E5,12,2024-01-25,30.27,Heidi Albers,Heidi Albers,,,
E5,13,2024-01-25,30.42,Heidi Albers,Heidi Albers,,,
E5,14,,,,,,,
E5,15,,,,,,,
E5,16,,,,,,,
E5,17,,,,,,,
E5,18,,,,,,,
E5,19,,,,,,,
E5,20,,,,,,,
E5,21,,,,,,,
E5,22,,,,,,,
E5,23,,,,,,,
E5,24,,,,,,,
E5,25,,,,,,,
E5,26,,,,,,,
E5,27,,,,,,,
E5,28,,,,,,,
E5,29,,,,,,,
E5,30,,,,,,,
E5,31,,,,,,,
E5,32,,,,,,,
E5,33,,,,,,,
E5,34,,,,,,,
E5,35,,,,,,,
E5,36,,,,,,,
E5,37,,,,,,,
E5,38,,,,,,,
E5,39,,,,,,,
E5,40,,,,,,,
E5,41,,,,,,,
E5,42,,,,,,,
E5,43,,,,,,,
E5,44,,,,,,,
E5,45,,,,,,,
E5,46,,,,,,,
E5,47,,,,,,,
E5,48,2024-01-25,29.55,Heidi Albers,Heidi Albers,,,
E5,49,,,,,,,
E5,50,,,,,,,
E5,51,,,,,,,
E5,52,,,,,,,
E5,53,,,,,,,
E5,54,,,,,,,
E5,55,,,,,,,
E5,56,2024-01-25,31.21,Heidi Albers,Heidi Albers,,,
E5,57,,,,,,,
E5,58,,,,,,,
E5,59,,,,,,,
E5,60,,,,,,,
E5,61,2024-01-25,30.96,Heidi Albers,Heidi Albers,,,
E5,62,,,,,,,
E5,63,,,,,,,
E5,64,,,,,,,
E5,65,,,,,,,
E5,66,2024-01-25,29.88,Heidi Albers,Heidi Albers,,,
E5,67,,,,,,,
E5,68,,,,,,,
E5,69,,,,,,,
E5,70,,,,,,,
E5,71,,,,,,,
E5,72,,,,,,,
E5,73,,,,,,,
E5,74,,,,,,,
E5,75,2024-01-25,31.14,Heidi Albers,Heidi Albers,,,
E5,76,,,,,,,
E5,77,,,,,,,
E5,78,,,,,,,
E5,79,2024-01-25,30.03,Heidi Albers,Heidi Albers,,,
E5,80,,,,,,,
E5,81,,,,,,,
E5,82,,,,,,,
E5,83,,,,,,,
E5,84,,,,,,,
E5,85,2024-01-25,33.46,Heidi Albers,Heidi Albers,,,
E5,86,,,,,,,
E5,87,,,,,,,
E5,88,,,,,,,
E5,89,,,,,,,
E5,90,,,,,,,
E5,91,2024-01-25,31,Heidi Albers,Heidi Albers,,,
E5,92,,,,,,,
E5,93,,,,,,,
E5,94,2024-01-25,30.92,Heidi Albers,Heidi Albers,,,
E5,95,2024-01-25,30.45,Heidi Albers,Heidi Albers,,,
E5,96,,,,,,,
E5,97,,,,,,,
E5,98,2024-01-25,29.9,Heidi Albers,Heidi Albers,,,
E5,99,,,,,,,
E5,100,2024-01-25,32.88,Heidi Albers,Heidi Albers,,,
E5,101,2024-01-25,37.74,Heidi Albers,Heidi Albers,,,
E5,102,2024-01-25,32.2,Heidi Albers,Heidi Albers,,,
E5,103,2024-01-25,41.53,Heidi Albers,Heidi Albers,,,
E5,104,2024-01-25,31.19,Heidi Albers,Heidi Albers,,,
E5,105,,,,,,,
E5,106,,,,,,,
E5,107,,,,,,,
E5,108,,,,,,,
E5,109,2024-01-25,30.64,Heidi Albers,Heidi Albers,,,
E5,110,,,,,,,
E5,111,2024-01-25,32.8,Heidi Albers,Heidi Albers,,,
E5,112,,,,,,,
E5,113,2024-01-25,35,Heidi Albers,Heidi Albers,,,
E5,114,,,,,,,
E5,115,2024-01-25,32.89,Heidi Albers,Heidi Albers,,,
E5,116,,,,,,,
E5,117,2024-01-25,29.41,Heidi Albers,Heidi Albers,,,
E5,118,,,,,,,
E5,119,,,,,,,
E5,120,,,,,,,
E5,121,,,,,,,
E5,122,,,,,,,
E5,123,,,,,,,
E5,124,2024-01-25,31.97,Heidi Albers,Heidi Albers,,,
E5,125,,,,,,,
E5,126,,,,,,,
E5,127,,,,,,,
E5,128,,,,,,,
E5,129,,,,,,,
E5,130,,,,,,,
E5,131,2024-01-25,30.44,Heidi Albers,Heidi Albers,,,
E5,132,,,,,,,
E5,133,,,,,,,
E5,134,,,,,,,
E5,135,,,,,,,
E5,136,,,,,,,
E5,137,,,,,,,
E5,138,,,,,,,
E5,139,,,,,,,
E5,140,,,,,,,
E5,141,,,,,,,
E5,142,,,,,,,
E5,143,,,,,,,
E5,144,,,,,,,
E5,145,,,,,,,
E5,146,,,,,,,
E5,147,,,,,,,
E5,148,,,,,,,
E5,149,,,,,,,
E5,150,,,,,,,
E5,151,,,,,,,
E5,152,,,,,,,
E5,153,2024-01-25,30.66,Heidi Albers,Heidi Albers,,,
E5,154,,,,,,,
E5,155,,,,,,,
E5,156,,,,,,,
E5,157,,,,,,,
E5,158,,,,,,,
E5,159,,,,,,,
E5,160,,,,,,,
E5,161,,,,,,,
E5,162,,,,,,,
E5,163,,,,,,,
E5,164,,,,,,,
E5,165,,,,,,,
E5,166,,,,,,,
E5,167,,,,,,,
E5,168,,,,,,,
E5,169,,,,,,,
E5,170,,,,,,,
E5,171,,,,,,,
E5,172,,,,,,,
E5,173,,,,,,,
E5,174,,,,,,,
E5,175,,,,,,,
E5,176,,,,,,,
E5,177,,,,,,,
E5,178,,,,,,,
E5,179,,,,,,,
E5,180,,,,,,,
E5,181,,,,,,,
E5,182,,,,,,,
E5,183,,,,,,,
E5,184,,,,,,,
E5,185,,,,,,,
E5,186,,,,,,,
E5,187,,,,,,,
E5,188,,,,,,,
E5,189,,,,,,,
E5,190,,,,,,,
E5,191,,,,,,,
E5,192,,,,,,,
E5,193,,,,,,,
E5,194,,,,,,,
E5,195,,,,,,,
E5,196,,,,,,,
E5,197,,,,,,,
E5,198,,,,,,,
E5,199,,,,,,,
E5,200,2024-01-25,30.3,Heidi Albers,Heidi Albers,,,
E6,1,20-Mar-23,53.89,Vivian Nguyen,Vivian Nguyen,,,
E6,2,20-Mar-23,30.99,Vivian Nguyen,Vivian Nguyen,1,,
E6,3,20-Mar-23,28.78,Vivian Nguyen,Vivian Nguyen,1,,
E6,4,20-Mar-23,30.5,Vivian Nguyen,Vivian Nguyen,,,
E6,5,20-Mar-23,53.7,Vivian Nguyen,Vivian Nguyen,,,
E6,6,20-Mar-23,38.99,Vivian Nguyen,Vivian Nguyen,,,
E6,7,20-Mar-23,32.17,Vivian Nguyen,Vivian Nguyen,,,
E6,8,20-Mar-23,33.47,Vivian Nguyen,Vivian Nguyen,,,
E6,9,20-Mar-23,33.76,Vivian Nguyen,Vivian Nguyen,,,
E6,10,20-Mar-23,29.33,Vivian Nguyen,Vivian Nguyen,1,,
E6,11,20-Mar-23,50.83,Vivian Nguyen,Vivian Nguyen,,,
E6,12,20-Mar-23,32.98,Vivian Nguyen,Vivian Nguyen,,,
E6,13,20-Mar-23,31.91,Vivian Nguyen,Vivian Nguyen,,,
E6,14,20-Mar-23,41.15,Vivian Nguyen,Vivian Nguyen,,,
E6,15,20-Mar-23,35.91,Vivian Nguyen,Vivian Nguyen,,,
E6,16,20-Mar-23,53.36,Vivian Nguyen,Vivian Nguyen,,,
E6,17,20-Mar-23,36.41,Vivian Nguyen,Vivian Nguyen,,,
E6,18,20-Mar-23,38.24,Vivian Nguyen,Vivian Nguyen,,,
E6,19,20-Mar-23,45.69,Vivian Nguyen,Vivian Nguyen,,,
E6,20,20-Mar-23,36.22,Vivian Nguyen,Vivian Nguyen,,,
E6,21,20-Mar-23,40.82,Vivian Nguyen,Vivian Nguyen,,,
E6,22,20-Mar-23,37.64,Vivian Nguyen,Vivian Nguyen,,,
E6,23,20-Mar-23,35.53,Vivian Nguyen,Vivian Nguyen,,,
E6,24,20-Mar-23,31.15,Vivian Nguyen,Vivian Nguyen,,,
E6,25,20-Mar-23,33.65,Vivian Nguyen,Vivian Nguyen,,,
E6,26,20-Mar-23,35.38,Vivian Nguyen,Vivian Nguyen,,,
E6,27,20-Mar-23,30.93,Vivian Nguyen,Vivian Nguyen,,,
E6,28,20-Mar-23,50.21,Vivian Nguyen,Vivian Nguyen,,,
E6,29,20-Mar-23,33.08,Vivian Nguyen,Vivian Nguyen,,,
E6,30,20-Mar-23,36.54,Vivian Nguyen,Vivian Nguyen,,,
E6,31,20-Mar-23,41.6,Vivian Nguyen,Vivian Nguyen,,,
E6,32,20-Mar-23,31.4,Vivian Nguyen,Vivian Nguyen,,,
E6,33,20-Mar-23,36.94,Vivian Nguyen,Vivian Nguyen,,,
E6,34,20-Mar-23,32.91,Vivian Nguyen,Vivian Nguyen,,,
E6,35,20-Mar-23,41.36,Vivian Nguyen,Vivian Nguyen,,,
E6,36,20-Mar-23,44.78,Vivian Nguyen,Vivian Nguyen,,,
E6,37,20-Mar-23,32.33,Vivian Nguyen,Vivian Nguyen,,,
E6,38,20-Mar-23,37.07,Vivian Nguyen,Vivian Nguyen,,,
E6,39,20-Mar-23,37.06,Vivian Nguyen,Vivian Nguyen,,,
E6,40,20-Mar-23,32.01,Vivian Nguyen,Vivian Nguyen,,,
E6,41,20-Mar-23,30.86,Vivian Nguyen,Vivian Nguyen,1,,
E6,42,20-Mar-23,31.63,Vivian Nguyen,Vivian Nguyen,,,
E6,43,20-Mar-23,36.36,Vivian Nguyen,Vivian Nguyen,,,
E6,44,20-Mar-23,30.16,Vivian Nguyen,Vivian Nguyen,1,,
E6,45,20-Mar-23,32.72,Vivian Nguyen,Vivian Nguyen,,,
E6,46,20-Mar-23,53.18,Vivian Nguyen,Vivian Nguyen,,,
E6,47,20-Mar-23,32.79,Vivian Nguyen,Vivian Nguyen,,,
E6,48,20-Mar-23,35.2,Vivian Nguyen,Vivian Nguyen,,,
E6,49,20-Mar-23,38.82,Vivian Nguyen,Vivian Nguyen,,,
E6,50,20-Mar-23,43.11,Vivian Nguyen,Vivian Nguyen,,"E6 box 1-50, empty bag = 31.65g",
E6,51,20-Mar-23,53.73,Vivian Nguyen,Vivian Nguyen,,,
E6,52,20-Mar-23,33.68,Vivian Nguyen,Vivian Nguyen,,,
E6,53,20-Mar-23,41.22,Vivian Nguyen,Vivian Nguyen,,,
E6,54,20-Mar-23,31.8,Vivian Nguyen,Vivian Nguyen,1,,
E6,55,20-Mar-23,31.66,Vivian Nguyen,Vivian Nguyen,,,
E6,56,20-Mar-23,39.18,Vivian Nguyen,Vivian Nguyen,,,
E6,57,20-Mar-23,32.41,Vivian Nguyen,Vivian Nguyen,,,
E6,58,20-Mar-23,45.11,Vivian Nguyen,Vivian Nguyen,,,
E6,59,20-Mar-23,41.39,Vivian Nguyen,Vivian Nguyen,,,
E6,60,20-Mar-23,30.55,Vivian Nguyen,Vivian Nguyen,,,
E6,61,20-Mar-23,41.11,Vivian Nguyen,Vivian Nguyen,,,
E6,62,20-Mar-23,37.29,Vivian Nguyen,Vivian Nguyen,,,
E6,63,20-Mar-23,52.16,Vivian Nguyen,Vivian Nguyen,,,
E6,64,20-Mar-23,29.3,Vivian Nguyen,Vivian Nguyen,1,"E6 box 51-100, empty bag = 29.30g",
E6,65,20-Mar-23,35.81,Vivian Nguyen,Vivian Nguyen,,,
E6,66,20-Mar-23,37.28,Vivian Nguyen,Vivian Nguyen,,,
E6,67,20-Mar-23,41.47,Vivian Nguyen,Vivian Nguyen,,,
E6,68,20-Mar-23,47.37,Vivian Nguyen,Vivian Nguyen,,,
E6,69,20-Mar-23,31.67,Vivian Nguyen,Vivian Nguyen,,,
E6,70,20-Mar-23,31.89,Vivian Nguyen,Vivian Nguyen,,,
E6,71,20-Mar-23,43.94,Vivian Nguyen,Vivian Nguyen,,,
E6,72,20-Mar-23,34.3,Vivian Nguyen,Vivian Nguyen,,,
E6,73,20-Mar-23,45.98,Vivian Nguyen,Vivian Nguyen,,,
E6,74,20-Mar-23,30.09,Vivian Nguyen,Vivian Nguyen,1,,
E6,75,20-Mar-23,35.92,Vivian Nguyen,Vivian Nguyen,,,
E6,76,20-Mar-23,32.03,Vivian Nguyen,Vivian Nguyen,,,
E6,77,20-Mar-23,36.58,Vivian Nguyen,Vivian Nguyen,,,
E6,78,20-Mar-23,37.93,Vivian Nguyen,Vivian Nguyen,,,
E6,79,20-Mar-23,44.97,Vivian Nguyen,Vivian Nguyen,,,
E6,80,20-Mar-23,29.63,Vivian Nguyen,Vivian Nguyen,,,
E6,81,20-Mar-23,37.57,Vivian Nguyen,Vivian Nguyen,,,
E6,82,20-Mar-23,31.09,Vivian Nguyen,Vivian Nguyen,,,
E6,83,20-Mar-23,41.62,Vivian Nguyen,Vivian Nguyen,,,
E6,84,20-Mar-23,35.64,Vivian Nguyen,Vivian Nguyen,,,
E6,85,20-Mar-23,35.76,Vivian Nguyen,Vivian Nguyen,,,
E6,86,20-Mar-23,48.06,Vivian Nguyen,Vivian Nguyen,,,
E6,87,20-Mar-23,30.61,Vivian Nguyen,Vivian Nguyen,,,
E6,88,20-Mar-23,32.04,Vivian Nguyen,Vivian Nguyen,,,
E6,89,20-Mar-23,56.78,Vivian Nguyen,Vivian Nguyen,,,
E6,90,20-Mar-23,35.8,Vivian Nguyen,Vivian Nguyen,,,
E6,91,20-Mar-23,29.34,Vivian Nguyen,Vivian Nguyen,,,
E6,92,20-Mar-23,35.18,Vivian Nguyen,Vivian Nguyen,,,
E6,93,20-Mar-23,35.12,Vivian Nguyen,Vivian Nguyen,,,
E6,94,20-Mar-23,29.95,Vivian Nguyen,Vivian Nguyen,1,,
E6,95,20-Mar-23,44.02,Vivian Nguyen,Vivian Nguyen,,,
E6,96,20-Mar-23,37.12,Vivian Nguyen,Vivian Nguyen,,,
E6,97,20-Mar-23,30.45,Vivian Nguyen,Vivian Nguyen,,,
E6,98,20-Mar-23,58.9,Vivian Nguyen,Vivian Nguyen,,,
E6,99,20-Mar-23,90.81,Vivian Nguyen,Vivian Nguyen,,,
E6,100,20-Mar-23,77.8,Vivian Nguyen,Vivian Nguyen,,,
E6,101,21-Mar-23,49.7,Kris Sanchez,Vivian Nguyen,,,
E6,102,21-Mar-23,32.26,Kris Sanchez,Vivian Nguyen,,,
E6,103,21-Mar-23,30.12,Kris Sanchez,Vivian Nguyen,,,
E6,104,21-Mar-23,36.58,Kris Sanchez,Vivian Nguyen,,,
E6,105,21-Mar-23,41.81,Kris Sanchez,Vivian Nguyen,,,
E6,106,21-Mar-23,37.2,Kris Sanchez,Vivian Nguyen,,,
E6,107,21-Mar-23,31.94,Kris Sanchez,Vivian Nguyen,,,
E6,108,21-Mar-23,48.54,Kris Sanchez,Vivian Nguyen,,,
E6,109,21-Mar-23,36.62,Kris Sanchez,Vivian Nguyen,,,
E6,110,21-Mar-23,32.02,Kris Sanchez,Vivian Nguyen,,,
E6,111,21-Mar-23,33.86,Kris Sanchez,Vivian Nguyen,,,
E6,112,21-Mar-23,34.7,Kris Sanchez,Vivian Nguyen,,,
E6,113,21-Mar-23,35.83,Kris Sanchez,Vivian Nguyen,,,
E6,114,21-Mar-23,32.62,Kris Sanchez,Vivian Nguyen,,,
E6,115,21-Mar-23,35.97,Kris Sanchez,Vivian Nguyen,,,
E6,116,21-Mar-23,35.37,Kris Sanchez,Vivian Nguyen,,,
E6,117,21-Mar-23,30.78,Kris Sanchez,Vivian Nguyen,,,
E6,118,21-Mar-23,30.39,Kris Sanchez,Vivian Nguyen,,,
E6,119,21-Mar-23,34.68,Kris Sanchez,Vivian Nguyen,,,
E6,120,21-Mar-23,35.46,Kris Sanchez,Vivian Nguyen,,,
E6,121,21-Mar-23,34,Kris Sanchez,Vivian Nguyen,,,
E6,122,21-Mar-23,31.56,Kris Sanchez,Vivian Nguyen,,,
E6,123,21-Mar-23,34.43,Kris Sanchez,Vivian Nguyen,,,
E6,124,21-Mar-23,33.48,Kris Sanchez,Vivian Nguyen,,,
E6,125,21-Mar-23,33.1,Kris Sanchez,Vivian Nguyen,,,
E6,126,21-Mar-23,29.14,Kris Sanchez,Vivian Nguyen,,,
E6,127,21-Mar-23,28.97,Kris Sanchez,Vivian Nguyen,1,,
E6,128,21-Mar-23,36.54,Kris Sanchez,Vivian Nguyen,,,
E6,129,21-Mar-23,30.85,Kris Sanchez,Vivian Nguyen,,,
E6,130,21-Mar-23,44.46,Kris Sanchez,Vivian Nguyen,,,
E6,131,21-Mar-23,36.2,Kris Sanchez,Vivian Nguyen,,,
E6,132,21-Mar-23,36.1,Kris Sanchez,Vivian Nguyen,,,
E6,133,21-Mar-23,35.81,Kris Sanchez,Vivian Nguyen,,,
E6,134,21-Mar-23,29.17,Kris Sanchez,Vivian Nguyen,1,,
E6,135,21-Mar-23,32.85,Kris Sanchez,Vivian Nguyen,,,
E6,136,22-Mar-23,38.31,Vivian Nguyen,Vivian Nguyen,,,
E6,137,22-Mar-23,31.38,Vivian Nguyen,Vivian Nguyen,,,
E6,138,22-Mar-23,36.36,Vivian Nguyen,Vivian Nguyen,1,,
E6,139,22-Mar-23,29.44,Vivian Nguyen,Vivian Nguyen,,,
E6,140,22-Mar-23,36.32,Vivian Nguyen,Vivian Nguyen,,,
E6,141,22-Mar-23,37.77,Vivian Nguyen,Vivian Nguyen,,,
E6,142,22-Mar-23,33.92,Vivian Nguyen,Vivian Nguyen,,,
E6,143,22-Mar-23,54.62,Vivian Nguyen,Vivian Nguyen,,,
E6,144,22-Mar-23,33.18,Vivian Nguyen,Vivian Nguyen,,,
E6,145,22-Mar-23,29.6,Vivian Nguyen,Vivian Nguyen,,,
E6,146,22-Mar-23,30.57,Vivian Nguyen,Vivian Nguyen,,,
E6,147,22-Mar-23,34.83,Vivian Nguyen,Vivian Nguyen,,,
E6,148,22-Mar-23,37.53,Vivian Nguyen,Vivian Nguyen,,,
E6,149,22-Mar-23,33.45,Vivian Nguyen,Vivian Nguyen,,,
E6,150,22-Mar-23,31.41,Vivian Nguyen,Vivian Nguyen,,"E6 box 101 - 150, empty bag = 28.93g",
E6,151,22-Mar-23,32.39,Vivian Nguyen,Vivian Nguyen,,,
E6,152,22-Mar-23,34.16,Vivian Nguyen,Vivian Nguyen,,,
E6,153,22-Mar-23,41.04,Vivian Nguyen,Vivian Nguyen,,,
E6,154,22-Mar-23,31.14,Vivian Nguyen,Vivian Nguyen,,,
E6,155,22-Mar-23,65.04,Vivian Nguyen,Vivian Nguyen,,,
E6,156,22-Mar-23,32.51,Vivian Nguyen,Vivian Nguyen,,,
E6,157,22-Mar-23,40.78,Vivian Nguyen,Vivian Nguyen,,,
E6,158,22-Mar-23,30.89,Vivian Nguyen,Vivian Nguyen,,,
E6,159,22-Mar-23,31.23,Vivian Nguyen,Vivian Nguyen,,,
E6,160,22-Mar-23,41.65,Vivian Nguyen,Vivian Nguyen,,,
E6,161,22-Mar-23,34.75,Vivian Nguyen,Vivian Nguyen,,,
E6,162,22-Mar-23,34.94,Vivian Nguyen,Vivian Nguyen,,,
E6,163,22-Mar-23,43.33,Vivian Nguyen,Vivian Nguyen,,,
E6,164,22-Mar-23,32.93,Vivian Nguyen,Vivian Nguyen,,,
E6,165,22-Mar-23,34.36,Vivian Nguyen,Vivian Nguyen,,,
E6,166,22-Mar-23,32.92,Vivian Nguyen,Vivian Nguyen,,,
E6,167,22-Mar-23,32.86,Vivian Nguyen,Vivian Nguyen,,,
E6,168,22-Mar-23,32.86,Vivian Nguyen,Vivian Nguyen,,,
E6,169,22-Mar-23,34.24,Vivian Nguyen,Vivian Nguyen,,,
E6,170,22-Mar-23,30.19,Vivian Nguyen,Vivian Nguyen,,,
E6,171,22-Mar-23,38.64,Vivian Nguyen,Vivian Nguyen,,,
E6,172,22-Mar-23,54.63,Vivian Nguyen,Vivian Nguyen,,,
E6,173,22-Mar-23,48.24,Vivian Nguyen,Vivian Nguyen,,,
E6,174,22-Mar-23,31.32,Vivian Nguyen,Vivian Nguyen,,,
E6,175,22-Mar-23,35.69,Vivian Nguyen,Vivian Nguyen,,,
E6,176,22-Mar-23,30.05,Vivian Nguyen,Vivian Nguyen,,,
E6,177,22-Mar-23,31.9,Vivian Nguyen,Vivian Nguyen,,,
E6,178,22-Mar-23,38.46,Vivian Nguyen,Vivian Nguyen,,,
E6,179,22-Mar-23,31.11,Vivian Nguyen,Vivian Nguyen,,,
E6,180,22-Mar-23,31.03,Vivian Nguyen,Vivian Nguyen,,,
E6,181,22-Mar-23,36.81,Vivian Nguyen,Vivian Nguyen,,,
E6,182,22-Mar-23,34.85,Vivian Nguyen,Vivian Nguyen,,,
E6,183,22-Mar-23,35.03,Vivian Nguyen,Vivian Nguyen,,,
E6,184,22-Mar-23,32.74,Vivian Nguyen,Vivian Nguyen,,,
E6,185,22-Mar-23,30.35,Vivian Nguyen,Vivian Nguyen,,,
E6,186,22-Mar-23,34.46,Vivian Nguyen,Vivian Nguyen,,,
E6,187,22-Mar-23,30.14,Vivian Nguyen,Vivian Nguyen,,,
E6,188,22-Mar-23,43.1,Vivian Nguyen,Vivian Nguyen,,,
E6,189,22-Mar-23,32.42,Vivian Nguyen,Vivian Nguyen,,,
E6,190,22-Mar-23,36.36,Vivian Nguyen,Vivian Nguyen,,,
E6,191,22-Mar-23,30.96,Vivian Nguyen,Vivian Nguyen,,,
E6,192,22-Mar-23,36.3,Vivian Nguyen,Vivian Nguyen,,,
E6,193,22-Mar-23,30.73,Vivian Nguyen,Vivian Nguyen,,,
E6,194,22-Mar-23,33.57,Vivian Nguyen,Vivian Nguyen,,,
E6,195,22-Mar-23,33.45,Vivian Nguyen,Vivian Nguyen,,,
E6,196,22-Mar-23,32.76,Vivian Nguyen,Vivian Nguyen,,,
E6,197,22-Mar-23,37.38,Vivian Nguyen,Vivian Nguyen,,,
E6,198,22-Mar-23,42.05,Vivian Nguyen,Vivian Nguyen,,,
E6,199,22-Mar-23,32.06,Vivian Nguyen,Vivian Nguyen,,,
E6,200,22-Mar-23,32.91,Vivian Nguyen,Vivian Nguyen,,"E6 box 151 - 200, empty bag = 29.42g",
E9,1,2024-01-25,30.32,Heidi Albers,Heidi Albers,,,
E9,2,2024-01-25,33.33,Heidi Albers,Heidi Albers,,,
E9,3,2024-01-25,31.27,Heidi Albers,Heidi Albers,,,
E9,4,2024-01-25,30.4,Heidi Albers,Heidi Albers,,,
E9,5,,,,,,,
E9,6,,,,,,,
E9,7,,,,,,,
E9,8,2024-01-25,31.16,Heidi Albers,Heidi Albers,,,
E9,9,2024-01-25,30.36,Heidi Albers,Heidi Albers,,,
E9,10,,,,,,,
E9,11,,,,,,,
E9,12,,,,,,,
E9,13,2024-01-25,31,Heidi Albers,Heidi Albers,,,
E9,14,2024-01-25,30.78,Heidi Albers,Heidi Albers,,,
E9,15,,,,,,,
E9,16,2024-01-25,36.08,Heidi Albers,Heidi Albers,,,
E9,17,2024-01-25,34.09,Heidi Albers,Heidi Albers,,,
E9,18,,,,,,,
E9,19,,,,,,,
E9,20,2024-01-25,30.53,Heidi Albers,Heidi Albers,,,
E9,21,,,,,,,
E9,22,,,,,,,
E9,23,2024-01-25,31.96,Heidi Albers,Heidi Albers,,,
E9,24,,,,,,,
E9,25,,,,,,,
E9,26,,,,,,,
E9,27,,,,,,,
E9,28,,,,,,,
E9,29,,,,,,,
E9,30,,,,,,,
E9,31,,,,,,,
E9,32,,,,,,,
E9,33,,,,,,,
E9,34,,,,,,,
E9,35,,,,,,,
E9,36,,,,,,,
E9,37,,,,,,,
E9,38,,,,,,,
E9,39,,,,,,,
E9,40,,,,,,,
E9,41,,,,,,,
E9,42,,,,,,,
E9,43,,,,,,,
E9,44,,,,,,,
E9,45,,,,,,,
E9,46,,,,,,,
E9,47,,,,,,,
E9,48,,,,,,,
E9,49,,,,,,,
E9,50,,,,,,,
E9,51,,,,,,,
E9,52,,,,,,,
E9,53,,,,,,,
E9,54,,,,,,,
E9,55,,,,,,,
E9,56,,,,,,,
E9,57,,,,,,,
E9,58,,,,,,,
E9,59,,,,,,,
E9,60,,,,,,,
E9,61,,,,,,,
E9,62,,,,,,,
E9,63,,,,,,,
E9,64,,,,,,,
E9,65,,,,,,,
E9,66,,,,,,,
E9,67,,,,,,,
E9,68,,,,,,,
E9,69,,,,,,,
E9,70,,,,,,,
E9,71,,,,,,,
E9,72,,,,,,,
E9,73,,,,,,,
E9,74,,,,,,,
E9,75,,,,,,,
E9,76,,,,,,,
E9,77,,,,,,,
E9,78,,,,,,,
E9,79,,,,,,,
E9,80,,,,,,,
E9,81,,,,,,,
E9,82,,,,,,,
E9,83,,,,,,,
E9,84,,,,,,,
E9,85,,,,,,,
E9,86,,,,,,,
E9,87,,,,,,,
E9,88,,,,,,,
E9,89,,,,,,,
E9,90,,,,,,,
E9,91,,,,,,,
E9,92,,,,,,,
E9,93,,,,,,,
E9,94,,,,,,,
E9,95,,,,,,,
E9,96,,,,,,,
E9,97,,,,,,,
E9,98,,,,,,,
E9,99,,,,,,,
E9,100,,,,,,,
E9,101,,,,,,,
E9,102,,,,,,,
E9,103,,,,,,,
E9,104,,,,,,,
E9,105,,,,,,,
E9,106,,,,,,,
E9,107,,,,,,,
E9,108,,,,,,,
E9,109,,,,,,,
E9,110,,,,,,,
E9,111,,,,,,,
E9,112,,,,,,,
E9,113,,,,,,,
E9,114,,,,,,,
E9,115,,,,,,,
E9,116,,,,,,,
E9,117,,,,,,,
E9,118,,,,,,,
E9,119,,,,,,,
E9,120,,,,,,,
E9,121,,,,,,,
E9,122,,,,,,,
E9,123,,,,,,,
E9,124,,,,,,,
E9,125,,,,,,,
E9,126,,,,,,,
E9,127,,,,,,,
E9,128,,,,,,,
E9,129,,,,,,,
E9,130,,,,,,,
E9,131,,,,,,,
E9,132,,,,,,,
E9,133,,,,,,,
E9,134,,,,,,,
E9,135,,,,,,,
E9,136,,,,,,,
E9,137,,,,,,,
E9,138,,,,,,,
E9,139,,,,,,,
E9,140,,,,,,,
E9,141,,,,,,,
E9,142,,,,,,,
E9,143,,,,,,,
E9,144,,,,,,,
E9,145,,,,,,,
E9,146,,,,,,,
E9,147,,,,,,,
E9,148,,,,,,,
E9,149,,,,,,,
E9,150,,,,,,,
E9,151,,,,,,,
E9,152,,,,,,,
E9,153,,,,,,,
E9,154,,,,,,,
E9,155,,,,,,,
E9,156,,,,,,,
E9,157,,,,,,,
E9,158,,,,,,,
E9,159,,,,,,,
E9,160,,,,,,,
E9,161,,,,,,,
E9,162,,,,,,,
E9,163,,,,,,,
E9,164,,,,,,,
E9,165,,,,,,,
E9,166,,,,,,,
E9,167,,,,,,,
E9,168,,,,,,,
E9,169,,,,,,,
E9,170,,,,,,,
E9,171,,,,,,,
E9,172,,,,,,,
E9,173,,,,,,,
E9,174,,,,,,,
E9,175,2024-01-25,30.45,Heidi Albers,Heidi Albers,,,
E9,176,,,,,,,
E9,177,2024-01-25,30.62,Heidi Albers,Heidi Albers,,,
E9,178,,,,,,,
E9,179,,,,,,,
E9,180,2024-01-25,30.51,Heidi Albers,Heidi Albers,,,
E9,181,,,,,,,
E9,182,,,,,,,
E9,183,2024-01-25,33.29,Heidi Albers,Heidi Albers,,,
E9,184,2024-01-25,30.71,Heidi Albers,Heidi Albers,,,
E9,185,2024-01-25,31.4,Heidi Albers,Heidi Albers,,,
E9,186,2024-01-25,30.05,Heidi Albers,Heidi Albers,,,
E9,187,,,,,,,
E9,188,,,,,,,
E9,189,,,,,,,
E9,190,,,,,,,
E9,191,2024-01-25,30.59,Heidi Albers,Heidi Albers,,,
E9,192,,,,,,,
E9,193,,,,,,,
E9,194,,,,,,,
E9,195,,,,,,,
E9,196,,,,,,,
E9,197,,,,,,,
E9,198,,,,,,,
E9,199,2024-01-25,30.51,Heidi Albers,Heidi Albers,,,
E9,200,,,,,,,
E9,201,2024-01-25,32.77,Heidi Albers,Heidi Albers,,,
E9,202,,,,,,,
E10,1,23-Mar-23,35.57,Gabrielle Janfield,Vivian Nguyen,,,
E10,2,23-Mar-23,41.82,Gabrielle Janfield,Vivian Nguyen,,,
E10,3,23-Mar-23,54.02,Gabrielle Janfield,Vivian Nguyen,,,
E10,4,23-Mar-23,29.97,Gabrielle Janfield,Vivian Nguyen,,,
E10,5,23-Mar-23,32.63,Gabrielle Janfield,Vivian Nguyen,,,
E10,6,23-Mar-23,36.03,Gabrielle Janfield,Vivian Nguyen,,,
E10,7,23-Mar-23,31.16,Gabrielle Janfield,Vivian Nguyen,,,
E10,8,23-Mar-23,36.75,Gabrielle Janfield,Vivian Nguyen,,,
E10,9,23-Mar-23,33.17,Gabrielle Janfield,Vivian Nguyen,,,
E10,10,23-Mar-23,33.96,Gabrielle Janfield,Vivian Nguyen,,,
E10,11,23-Mar-23,40.82,Gabrielle Janfield,Vivian Nguyen,,,
E10,12,23-Mar-23,31,Gabrielle Janfield,Vivian Nguyen,,,
E10,13,23-Mar-23,41.74,Gabrielle Janfield,Vivian Nguyen,,,
E10,14,23-Mar-23,32.32,Gabrielle Janfield,Vivian Nguyen,,,
E10,15,23-Mar-23,38.22,Gabrielle Janfield,Vivian Nguyen,,,
E10,16,23-Mar-23,38.91,Gabrielle Janfield,Vivian Nguyen,,,
E10,17,23-Mar-23,33.12,Gabrielle Janfield,Vivian Nguyen,,,
E10,18,23-Mar-23,33.38,Gabrielle Janfield,Vivian Nguyen,,,
E10,19,23-Mar-23,39.61,Gabrielle Janfield,Vivian Nguyen,,,
E10,20,23-Mar-23,31.76,Gabrielle Janfield,Vivian Nguyen,,,
E10,21,23-Mar-23,31.46,Gabrielle Janfield,Vivian Nguyen,,,
E10,22,23-Mar-23,34.02,Gabrielle Janfield,Vivian Nguyen,,,
E10,23,23-Mar-23,31.91,Gabrielle Janfield,Vivian Nguyen,,,
E10,24,23-Mar-23,30.43,Gabrielle Janfield,Vivian Nguyen,,Missing envelope,
E10,25,23-Mar-23,33.05,Gabrielle Janfield,Vivian Nguyen,,,
E10,26,23-Mar-23,31.15,Gabrielle Janfield,Vivian Nguyen,1,no fruits,
E10,27,23-Mar-23,31.39,Gabrielle Janfield,Vivian Nguyen,,,
E10,28,23-Mar-23,31.98,Gabrielle Janfield,Vivian Nguyen,,,
E10,29,23-Mar-23,33.27,Gabrielle Janfield,Vivian Nguyen,,,
E10,30,23-Mar-23,31.48,Gabrielle Janfield,Vivian Nguyen,,,
E10,31,23-Mar-23,31.54,Gabrielle Janfield,Vivian Nguyen,,,
E10,32,23-Mar-23,30.43,Gabrielle Janfield,Vivian Nguyen,1,Missing envelope,
E10,33,23-Mar-23,39.99,Gabrielle Janfield,Vivian Nguyen,,,
E10,34,23-Mar-23,33.07,Gabrielle Janfield,Vivian Nguyen,,,
E10,35,23-Mar-23,46.63,Gabrielle Janfield,Vivian Nguyen,,,
E10,36,23-Mar-23,30.94,Gabrielle Janfield,Vivian Nguyen,,,
E10,37,23-Mar-23,32.52,Gabrielle Janfield,Vivian Nguyen,,,
E10,38,23-Mar-23,33.88,Gabrielle Janfield,Vivian Nguyen,,,
E10,39,23-Mar-23,31.2,Gabrielle Janfield,Vivian Nguyen,,,
E10,40,23-Mar-23,31.04,Gabrielle Janfield,Vivian Nguyen,,,
E10,41,23-Mar-23,37.26,Gabrielle Janfield,Vivian Nguyen,,,
E10,42,23-Mar-23,31.59,Gabrielle Janfield,Vivian Nguyen,,,
E10,43,23-Mar-23,31.62,Gabrielle Janfield,Vivian Nguyen,,,
E10,44,23-Mar-23,31.42,Gabrielle Janfield,Vivian Nguyen,,,
E10,45,23-Mar-23,32.51,Gabrielle Janfield,Vivian Nguyen,,,
E10,46,23-Mar-23,33.56,Gabrielle Janfield,Vivian Nguyen,,,
E10,47,23-Mar-23,29.6,Gabrielle Janfield,Vivian Nguyen,,,
E10,48,23-Mar-23,40.82,Gabrielle Janfield,Vivian Nguyen,,,
E10,49,23-Mar-23,32.62,Gabrielle Janfield,Vivian Nguyen,,,
E10,50,23-Mar-23,32.82,Gabrielle Janfield,Vivian Nguyen,,"E10 box 1-50, empty bag = 30.43g",
E10,51,23-Mar-23,35.59,Gabrielle Janfield,Vivian Nguyen,,,
E10,52,23-Mar-23,31.11,Gabrielle Janfield,Vivian Nguyen,,,
E10,53,23-Mar-23,32.35,Gabrielle Janfield,Vivian Nguyen,,,
E10,54,23-Mar-23,32.07,Gabrielle Janfield,Vivian Nguyen,,,
E10,55,23-Mar-23,32.49,Gabrielle Janfield,Vivian Nguyen,,,
E10,56,23-Mar-23,36.47,Gabrielle Janfield,Vivian Nguyen,,,
E10,57,23-Mar-23,31.77,Gabrielle Janfield,Vivian Nguyen,,,
E10,58,23-Mar-23,34.22,Gabrielle Janfield,Vivian Nguyen,,,
E10,59,23-Mar-23,30.11,Gabrielle Janfield,Vivian Nguyen,,,
E10,60,23-Mar-23,36.05,Gabrielle Janfield,Vivian Nguyen,,,
E10,61,23-Mar-23,32.91,Gabrielle Janfield,Vivian Nguyen,,,
E10,62,24-Mar-23,33.28,Vivian Nguyen,Vivian Nguyen,,,
E10,63,24-Mar-23,42.08,Vivian Nguyen,Vivian Nguyen,,,
E10,64,24-Mar-23,36.66,Vivian Nguyen,Vivian Nguyen,,,
E10,65,24-Mar-23,33.36,Vivian Nguyen,Vivian Nguyen,,,
E10,66,24-Mar-23,30.07,Vivian Nguyen,Vivian Nguyen,1,no bag,
E10,67,24-Mar-23,43.28,Vivian Nguyen,Vivian Nguyen,,,
E10,68,24-Mar-23,32.86,Vivian Nguyen,Vivian Nguyen,,,
E10,69,24-Mar-23,30.27,Vivian Nguyen,Vivian Nguyen,,,
E10,70,24-Mar-23,33.19,Vivian Nguyen,Vivian Nguyen,,,
E10,71,24-Mar-23,36.06,Vivian Nguyen,Vivian Nguyen,,,
E10,72,24-Mar-23,30.07,Vivian Nguyen,Vivian Nguyen,1,no bag,
E10,73,24-Mar-23,46.68,Vivian Nguyen,Vivian Nguyen,,,
E10,74,24-Mar-23,35.13,Vivian Nguyen,Vivian Nguyen,,,
E10,75,24-Mar-23,37.31,Vivian Nguyen,Vivian Nguyen,,,
E10,76,24-Mar-23,35.17,Vivian Nguyen,Vivian Nguyen,,,
E10,77,24-Mar-23,30.05,Vivian Nguyen,Vivian Nguyen,,,
E10,78,24-Mar-23,39.73,Vivian Nguyen,Vivian Nguyen,,,
E10,79,24-Mar-23,32.75,Vivian Nguyen,Vivian Nguyen,,,
E10,80,24-Mar-23,30.25,Vivian Nguyen,Vivian Nguyen,,,
E10,81,24-Mar-23,32.22,Vivian Nguyen,Vivian Nguyen,,,
E10,82,24-Mar-23,30.23,Vivian Nguyen,Vivian Nguyen,,,
E10,83,24-Mar-23,34.39,Vivian Nguyen,Vivian Nguyen,,,
E10,84,24-Mar-23,29.56,Vivian Nguyen,Vivian Nguyen,,,
E10,85,24-Mar-23,32.85,Vivian Nguyen,Vivian Nguyen,,,
E10,86,24-Mar-23,30.07,Vivian Nguyen,Vivian Nguyen,1,no bag,
E10,87,24-Mar-23,30.07,Vivian Nguyen,Vivian Nguyen,1,no bag,
E10,88,24-Mar-23,31.84,Vivian Nguyen,Vivian Nguyen,,,
E10,89,24-Mar-23,32.63,Vivian Nguyen,Vivian Nguyen,,,
E10,90,24-Mar-23,34.73,Vivian Nguyen,Vivian Nguyen,,,
E10,91,24-Mar-23,50.79,Vivian Nguyen,Vivian Nguyen,,,
E10,92,24-Mar-23,34.83,Vivian Nguyen,Vivian Nguyen,,,
E10,93,24-Mar-23,35.41,Vivian Nguyen,Vivian Nguyen,,,
E10,94,24-Mar-23,39.17,Vivian Nguyen,Vivian Nguyen,,,
E10,95,24-Mar-23,33.22,Vivian Nguyen,Vivian Nguyen,,,
E10,96,24-Mar-23,45.34,Vivian Nguyen,Vivian Nguyen,,,
E10,97,24-Mar-23,35.9,Vivian Nguyen,Vivian Nguyen,,,
E10,98,24-Mar-23,46.74,Vivian Nguyen,Vivian Nguyen,,,
E10,99,24-Mar-23,34.55,Vivian Nguyen,Vivian Nguyen,,,
E10,100,24-Mar-23,30.91,Vivian Nguyen,Vivian Nguyen,,E10 box 51 - 100 empty bag = 30.07g,
E10,101,24-Mar-23,49.73,Vivian Nguyen,Vivian Nguyen,,,
E10,102,24-Mar-23,29.64,Vivian Nguyen,Vivian Nguyen,1,no bag,
E10,103,24-Mar-23,45.59,Vivian Nguyen,Vivian Nguyen,,,
E10,104,24-Mar-23,41.27,Vivian Nguyen,Vivian Nguyen,,,
E10,105,24-Mar-23,41.99,Vivian Nguyen,Vivian Nguyen,,,
E10,106,24-Mar-23,31.78,Vivian Nguyen,Vivian Nguyen,,,
E10,107,24-Mar-23,30.93,Vivian Nguyen,Vivian Nguyen,,,
E10,108,24-Mar-23,43.27,Vivian Nguyen,Vivian Nguyen,,,
E10,109,24-Mar-23,30.98,Vivian Nguyen,Vivian Nguyen,,,
E10,110,24-Mar-23,33.2,Vivian Nguyen,Vivian Nguyen,,,
E10,111,24-Mar-23,33.43,Vivian Nguyen,Vivian Nguyen,,,
E10,112,24-Mar-23,37.16,Vivian Nguyen,Vivian Nguyen,,,
E10,113,24-Mar-23,35.96,Vivian Nguyen,Vivian Nguyen,,,
E10,114,24-Mar-23,35.32,Vivian Nguyen,Vivian Nguyen,,,
E10,115,24-Mar-23,34.01,Vivian Nguyen,Vivian Nguyen,,,
E10,116,24-Mar-23,41.69,Vivian Nguyen,Vivian Nguyen,,,
E10,117,24-Mar-23,33.87,Vivian Nguyen,Vivian Nguyen,,,
E10,118,24-Mar-23,35.28,Vivian Nguyen,Vivian Nguyen,,,
E10,119,24-Mar-23,35.33,Vivian Nguyen,Vivian Nguyen,,,
E10,120,24-Mar-23,29.64,Vivian Nguyen,Vivian Nguyen,1,no bag,
E10,121,24-Mar-23,37.5,Vivian Nguyen,Vivian Nguyen,,,
E10,122,24-Mar-23,33.88,Vivian Nguyen,Vivian Nguyen,,,
E10,123,24-Mar-23,61.18,Vivian Nguyen,Vivian Nguyen,,,
E10,124,24-Mar-23,60.8,Vivian Nguyen,Vivian Nguyen,,,
E10,125,24-Mar-23,50.9,Vivian Nguyen,Vivian Nguyen,,,
E10,126,24-Mar-23,39.37,Vivian Nguyen,Vivian Nguyen,,,
E10,127,24-Mar-23,31.32,Vivian Nguyen,Vivian Nguyen,,,
E10,128,24-Mar-23,30.97,Vivian Nguyen,Vivian Nguyen,,,
E10,129,24-Mar-23,30.47,Vivian Nguyen,Vivian Nguyen,,,
E10,130,24-Mar-23,34.69,Vivian Nguyen,Vivian Nguyen,,,
E10,131,24-Mar-23,32.02,Vivian Nguyen,Vivian Nguyen,,,
E10,132,27-Mar-23,37.47,Vivian Nguyen,Vivian Nguyen,,,
E10,133,27-Mar-23,65.08,Vivian Nguyen,Vivian Nguyen,,,
E10,134,27-Mar-23,32.9,Vivian Nguyen,Vivian Nguyen,,,
E10,135,27-Mar-23,39.62,Vivian Nguyen,Vivian Nguyen,,,
E10,136,27-Mar-23,33.64,Vivian Nguyen,Vivian Nguyen,,,
E10,137,27-Mar-23,38.04,Vivian Nguyen,Vivian Nguyen,,,
E10,138,27-Mar-23,49.63,Vivian Nguyen,Vivian Nguyen,,,
E10,139,27-Mar-23,47.44,Vivian Nguyen,Vivian Nguyen,,,
E10,140,27-Mar-23,30.71,Vivian Nguyen,Vivian Nguyen,,,
E10,141,27-Mar-23,34.85,Vivian Nguyen,Vivian Nguyen,,,
E10,142,27-Mar-23,38.69,Vivian Nguyen,Vivian Nguyen,,,
E10,143,27-Mar-23,33.09,Vivian Nguyen,Vivian Nguyen,,,
E10,144,27-Mar-23,29.64,Vivian Nguyen,Vivian Nguyen,1,no bag,
E10,145,27-Mar-23,37.9,Vivian Nguyen,Vivian Nguyen,,,
E10,146,27-Mar-23,34.67,Vivian Nguyen,Vivian Nguyen,,,
E10,147,27-Mar-23,37.15,Vivian Nguyen,Vivian Nguyen,,,
E10,148,27-Mar-23,33.44,Vivian Nguyen,Vivian Nguyen,,,
E10,149,27-Mar-23,31.26,Vivian Nguyen,Vivian Nguyen,,,
E10,150,27-Mar-23,30.7,Vivian Nguyen,Vivian Nguyen,,"E10 101 - 150, empty bag = 29.64g",
E10,151,27-Mar-23,30.28,Vivian Nguyen,Vivian Nguyen,,,
E10,152,27-Mar-23,31.93,Vivian Nguyen,Vivian Nguyen,,,
E10,153,27-Mar-23,67.67,Vivian Nguyen,Vivian Nguyen,,,
E10,154,27-Mar-23,33.48,Vivian Nguyen,Vivian Nguyen,,,
E10,155,27-Mar-23,38.67,Vivian Nguyen,Vivian Nguyen,,,
E10,156,27-Mar-23,34.84,Vivian Nguyen,Vivian Nguyen,,,
E10,157,27-Mar-23,39.9,Vivian Nguyen,Vivian Nguyen,,,
E10,158,27-Mar-23,37.41,Vivian Nguyen,Vivian Nguyen,,,
E10,159,27-Mar-23,30.06,Vivian Nguyen,Vivian Nguyen,,,
E10,160,27-Mar-23,30.22,Vivian Nguyen,Vivian Nguyen,,,
E10,161,27-Mar-23,48.83,Vivian Nguyen,Vivian Nguyen,,,
E10,162,27-Mar-23,42.81,Vivian Nguyen,Vivian Nguyen,,,
E10,163,27-Mar-23,35.92,Vivian Nguyen,Vivian Nguyen,,,
E10,164,27-Mar-23,31.72,Vivian Nguyen,Vivian Nguyen,,,
E10,165,27-Mar-23,30.36,Vivian Nguyen,Vivian Nguyen,,,
E10,166,27-Mar-23,34.01,Vivian Nguyen,Vivian Nguyen,,,
E10,167,27-Mar-23,31.45,Vivian Nguyen,Vivian Nguyen,,,
E10,168,27-Mar-23,29.15,Vivian Nguyen,Vivian Nguyen,,,
E10,169,27-Mar-23,30.61,Vivian Nguyen,Vivian Nguyen,,,
E10,170,27-Mar-23,30.43,Vivian Nguyen,Vivian Nguyen,,,
E10,171,27-Mar-23,29.92,Vivian Nguyen,Vivian Nguyen,,,
E10,172,27-Mar-23,29.45,Vivian Nguyen,Vivian Nguyen,1,no bag,
E10,173,27-Mar-23,57.47,Vivian Nguyen,Vivian Nguyen,,,
E10,174,27-Mar-23,32.13,Vivian Nguyen,Vivian Nguyen,,,
E10,175,27-Mar-23,40.93,Vivian Nguyen,Vivian Nguyen,,,
E10,176,27-Mar-23,31.13,Vivian Nguyen,Vivian Nguyen,,,
E10,177,27-Mar-23,35.06,Vivian Nguyen,Vivian Nguyen,,,
E10,178,27-Mar-23,31.26,Vivian Nguyen,Vivian Nguyen,,,
E10,179,27-Mar-23,34.06,Vivian Nguyen,Vivian Nguyen,,,
E10,180,27-Mar-23,35.24,Vivian Nguyen,Vivian Nguyen,,,
E10,181,27-Mar-23,45.39,Vivian Nguyen,Vivian Nguyen,,,
E10,182,27-Mar-23,29.45,Vivian Nguyen,Vivian Nguyen,1,no bag,
E10,183,27-Mar-23,36.32,Vivian Nguyen,Vivian Nguyen,,,
E10,184,27-Mar-23,34.14,Vivian Nguyen,Vivian Nguyen,,,
E10,185,27-Mar-23,34.86,Vivian Nguyen,Vivian Nguyen,,,
E10,186,27-Mar-23,33.86,Vivian Nguyen,Vivian Nguyen,,,
E10,187,27-Mar-23,35.55,Vivian Nguyen,Vivian Nguyen,,,
E10,188,27-Mar-23,31.2,Vivian Nguyen,Vivian Nguyen,,,
E10,189,27-Mar-23,32.86,Vivian Nguyen,Vivian Nguyen,,,
E10,190,27-Mar-23,33.12,Vivian Nguyen,Vivian Nguyen,,,
E10,191,27-Mar-23,32.34,Vivian Nguyen,Vivian Nguyen,,,
E10,192,27-Mar-23,35.55,Vivian Nguyen,Vivian Nguyen,,,
E10,193,27-Mar-23,46.8,Vivian Nguyen,Vivian Nguyen,,,
E10,194,27-Mar-23,36.28,Vivian Nguyen,Vivian Nguyen,,,
E10,195,27-Mar-23,37.79,Vivian Nguyen,Vivian Nguyen,,,
E10,196,27-Mar-23,30.71,Vivian Nguyen,Vivian Nguyen,,,
E10,197,27-Mar-23,41.32,Vivian Nguyen,Vivian Nguyen,,,
E10,198,27-Mar-23,40.63,Vivian Nguyen,Vivian Nguyen,,,
E10,199,27-Mar-23,31.11,Vivian Nguyen,Vivian Nguyen,,,
E10,200,27-Mar-23,30.89,Vivian Nguyen,Vivian Nguyen,,,
E10,201,27-Mar-23,48.74,Vivian Nguyen,Vivian Nguyen,,"E10 151 - 201, empty bag = 29.45g",