Block ,Pos,Date,Measurer,Egg,Larv,Adt,Wvl,OH,U,D
E3,1,29-Jun,Emily,,,Y,Y,1,4,3
E3,2,29-Jun,Emily,,,Y,,1,1,4
E3,3,29-Jun,Emily,,Y,Y,,1,3,1
E3,4,29-Jun,Emily,,,,,1,1,4
E3,5,29-Jun,Emily,,,,,1,0,1
E3,6,29-Jun,Emily,,,,,,,
E3,7,29-Jun,Emily,,,,,0,1,0
E3,8,29-Jun,Emily,,,,Y,1,4,2
E3,9,29-Jun,Emily,,,,,1,0,4
E3,10,29-Jun,Emily,,,,,1,2,5
E3,11,29-Jun,Emily,,,,,1,1,1
E3,12,29-Jun,Emily,,,,,0,1,0
E3,13,29-Jun,Emily,,,Y,,1,1,5
E3,14,29-Jun,Emily,,,,,1,5,2
E3,15,29-Jun,Emily,,,,,1,4,1
E3,16,29-Jun,Emily,,,,,1,0,2
E3,17,29-Jun,Emily,,,,,1,0,1
E3,18,29-Jun,Emily,,,,Y,1,4,2
E3,19,29-Jun,Emily,,,,,2,0,2
E3,20,29-Jun,Emily,,,,,2,2,2
E3,21,29-Jun,Emily,,,,,3,1,1
E3,22,29-Jun,Emily,,,,,3,0,2
E3,23,29-Jun,Emily,,,,,1,1,1
E3,24,29-Jun,Emily,,,,,0,1,0
E3,25,29-Jun,Emily,,Y,Y,,1,0,7
E3,26,29-Jun,Emily,,,,,1,0,1
E3,27,29-Jun,Emily,,Y,,,3,0,1
E3,28,29-Jun,Emily,,,,,0,2,0
E3,29,29-Jun,Emily,,,,,1,1,1
E3,30,29-Jun,Emily,,,,,0,1,0
E3,31,29-Jun,Emily,,,,,1,1,1
E3,32,29-Jun,Emily,,,,,0,1,0
E3,33,29-Jun,Emily,,,,,1,1,1
E3,34,29-Jun,Emily,,,,,0,2,0
E3,35,29-Jun,Emily,,,,,2,0,2
E3,36,29-Jun,Emily,,,,,2,1,3
E3,37,29-Jun,Emily,,,,,3,1,1
E3,38,29-Jun,Emily,,,,,1,5,3
E3,39,29-Jun,Emily,,,,,1,2,1
E3,40,29-Jun,Emily,,,,,2,0,3
E3,41,29-Jun,Emily,,,,,3,0,2
E3,42,29-Jun,Emily,,,,,2,0,3
E3,43,29-Jun,Emily,,,,,1,2,4
E3,44,29-Jun,Emily,,,,,1,0,1
E3,45,29-Jun,Emily,,,,,1,0,5
E3,46,29-Jun,Emily,,,,,1,0,1
E3,47,29-Jun,Emily,,,,,0,1,0
E3,48,29-Jun,Emily,,,,,3,0,2
E3,49,29-Jun,Emily,,,,,2,0,6
E3,50,29-Jun,Emily,,,,,2,0,2
E3,51,29-Jun,Emily,,,,,1,0,2
E3,52,29-Jun,Emily,,,,,1,0,1
E3,53,29-Jun,Emily,,,,,1,1,1
E3,54,29-Jun,Emily,,,,,1,1,1
E3,55,29-Jun,Emily,,,,,1,0,2
E3,56,29-Jun,Emily,,,,,2,1,3
E3,57,29-Jun,Emily,,,,,1,1,1
E3,58,29-Jun,Emily,,,,,1,0,2
E3,59,29-Jun,Emily,,,,,1,0,1
E3,60,29-Jun,Emily,,,,,1,0,5
E3,61,29-Jun,Emily,,,,,0,3,0
E3,62,29-Jun,Emily,,,,,0,1,0
E3,63,29-Jun,Emily,,,,,1,0,2
E3,64,29-Jun,Emily,,,,,3,0,3
E3,65,29-Jun,Emily,,,,,1,0,1
E3,66,29-Jun,Emily,,,,,1,0,1
E3,67,29-Jun,Emily,,,,,0,1,0
E3,68,29-Jun,Emily,,,,,0,2,0
E3,69,29-Jun,Emily,,,,,1,1,2
E3,70,29-Jun,Emily,,,,,2,0,2
E3,71,29-Jun,Emily,,,,,3,0,2
E3,72,29-Jun,Emily,,,,,2,0,1
E3,73,29-Jun,Emily,,,,,1,1,1
E3,74,29-Jun,Emily,,,,,3,0,1
E3,75,29-Jun,Emily,,,,,1,0,2
E3,76,29-Jun,Emily,,,,,1,0,2
E3,77,29-Jun,Emily,,,,,1,0,1
E3,78,29-Jun,Emily,,,,,1,3,2
E3,79,29-Jun,Emily,,,,,1,1,1
E3,80,29-Jun,Emily,,,,,2,0,4
E3,81,29-Jun,Emily,,,,,1,0,2
E3,82,29-Jun,Emily,,,,,2,1,2
E3,83,29-Jun,Emily,,,,,1,0,1
E3,84,29-Jun,Emily,,,,,2,1,1
E3,85,29-Jun,Emily,,,,,2,0,2
E3,86,29-Jun,Emily,,,,,1,0,1
E3,87,29-Jun,Emily,,,,,1,0,1
E3,88,29-Jun,Emily,,,,,0,3,0
E3,89,29-Jun,Emily,,,,,1,1,1
E3,90,29-Jun,Emily,,,,,1,0,1
E3,91,29-Jun,Emily,,,,,,,
E3,92,29-Jun,Emily,,,Y,,1,0,1
E3,93,29-Jun,Emily,,,,,1,0,3
E3,94,29-Jun,Emily,,,,,0,1,0
E3,95,29-Jun,Emily,,,,,1,0,4
E3,96,29-Jun,Emily,,,,Y,1,1,1
E3,97,29-Jun,Emily,,,,,1,0,1
E3,98,29-Jun,Emily,,,,,1,0,4
E3,99,29-Jun,Emily,,,,,1,0,2
E3,100,29-Jun,Emily,,,Y,,3,2,5
E3,101,29-Jun,Emily,,,,,1,1,3
E3,102,29-Jun,Emily,,,,,1,0,2
E3,103,29-Jun,Emily,,,,,1,0,10
E3,104,29-Jun,Emily,,,,,0,1,0
E3,105,29-Jun,Emily,,,,,1,5,2
E3,106,29-Jun,Emily,,,,,1,0,6
E3,107,29-Jun,Emily,,,,,1,0,1
E3,108,29-Jun,Emily,,,,,1,0,1
E3,109,29-Jun,Emily,,,,,2,0,1
E3,110,29-Jun,Emily,,,Y,,2,2,2
E3,111,29-Jun,Emily,,,,,1,0,5
E3,112,29-Jun,Emily,,,,,1,2,3
E3,113,29-Jun,Emily,,,,,1,5,3
E3,114,29-Jun,Emily,,,,,1,0,3
E3,115,29-Jun,Emily,,,,,1,0,2
E3,116,29-Jun,Emily,,,,,2,1,2
E3,117,29-Jun,Emily,,,,,1,0,8
E3,118,29-Jun,Emily,,,,,2,0,1
E3,119,29-Jun,Emily,,,,,1,0,1
E3,120,29-Jun,Emily,,,,,1,1,2
E3,121,29-Jun,Emily,,,,,1,0,4
E3,122,29-Jun,Emily,,,,,2,0,2
E3,123,29-Jun,Emily,,,,,1,2,2
E3,124,29-Jun,Emily,,,,,1,2,2
E3,125,29-Jun,Emily,,,,,1,2,2
E3,126,29-Jun,Emily,,,,,1,1,3
E3,127,29-Jun,Emily,,,,,1,0,1
E3,128,29-Jun,Emily,,,,,1,2,1
E3,129,29-Jun,Emily,,,,,1,4,6
E3,130,29-Jun,Emily,,,,,1,0,1
E3,131,29-Jun,Emily,,,Y,,1,0,8
E3,132,29-Jun,Emily,,,,,2,0,1
E3,133,29-Jun,Emily,,,,,1,2,7
E3,134,29-Jun,Emily,,,,,1,0,3
E3,135,29-Jun,Emily,,,,,1,0,6
E3,136,29-Jun,Emily,,,,,1,0,3
E3,137,29-Jun,Emily,,,,,1,1,2
E3,138,29-Jun,Emily,,,,,1,2,3
E3,139,29-Jun,Emily,,,,,1,1,1
E3,140,29-Jun,Emily,,,,,2,0,1
E3,141,29-Jun,Emily,,,Y,,3,0,5
E3,142,29-Jun,Emily,,,,,1,0,1
E3,143,29-Jun,Emily,,,,,2,0,5
E3,144,29-Jun,Emily,,,,,1,1,2
E3,145,29-Jun,Emily,,,,Y,1,0,3
E3,146,29-Jun,Emily,,,,,3,0,2
E3,147,29-Jun,Emily,,,,,2,0,3
E3,148,29-Jun,Emily,,,,,2,0,3
E3,149,29-Jun,Emily,,,,,3,0,3
E3,150,29-Jun,Emily,,,,,2,0,5
E3,151,29-Jun,Emily,,,,,1,0,4
E3,152,29-Jun,Emily,,,,,1,0,2
E3,153,29-Jun,Emily,,,,,1,0,4
E3,154,29-Jun,Emily,,,,,1,1,2
E3,155,29-Jun,Emily,,,,,1,0,2
E3,156,29-Jun,Emily,,,,,2,0,6
E3,157,29-Jun,Emily,,,Y,,2,0,3
E3,158,29-Jun,Emily,,,,,2,2,7
E3,159,29-Jun,Emily,,,,,3,0,2
E3,160,29-Jun,Emily,,,,,2,0,5
E3,161,29-Jun,Emily,,,,,3,0,7
E3,162,29-Jun,Emily,,,,,3,0,2
E3,163,29-Jun,Emily,,,,,3,0,3
E3,164,29-Jun,Emily,,,,,1,1,1
E3,165,29-Jun,Emily,,,,,2,0,8
E3,166,29-Jun,Emily,,,,,3,0,8
E3,167,29-Jun,Emily,,,,,1,0,1
E3,168,29-Jun,Emily,,,,,1,0,5
E3,169,29-Jun,Emily,,,,,2,0,1
E3,170,29-Jun,Emily,,,,,2,0,2
E3,171,29-Jun,Emily,,,,,1,0,6
E3,172,29-Jun,Emily,,,,,1,0,9
E3,173,29-Jun,Emily,,,,,2,0,7
E3,174,29-Jun,Emily,,,,,1,2,3
E3,175,29-Jun,Emily,,,,,2,2,3
E3,176,29-Jun,Emily,,,Y,,2,0,3
E3,177,29-Jun,Emily,,,,,0,3,0
E3,178,29-Jun,Emily,,,,,2,0,2
E3,179,29-Jun,Emily,,,,,1,0,1
E3,180,29-Jun,Emily,,,,,1,0,1
E3,181,29-Jun,Emily,,,,,1,0,5
E3,182,29-Jun,Emily,,,,,0,1,0
E3,183,29-Jun,Emily,,,,,1,3,8
E3,184,29-Jun,Emily,,,,,1,0,4
E3,185,29-Jun,Emily,,,,,2,0,2
E3,186,29-Jun,Emily,,,,,1,0,3
E3,187,29-Jun,Emily,,,,,1,0,4
E3,188,29-Jun,Emily,,,,,0,4,0
E3,189,29-Jun,Emily,,,,,1,0,1
E3,190,29-Jun,Emily,,,,,1,0,4
E3,191,29-Jun,Emily,,,,,1,0,1
E3,192,29-Jun,Emily,,,,,2,0,1
E3,193,29-Jun,Emily,,,,,1,0,6
E3,194,29-Jun,Emily,,,,,2,0,4
E3,195,29-Jun,Emily,,,,,1,0,2
E3,196,29-Jun,Emily,,,,,2,0,8
E3,197,29-Jun,Emily,,,,,2,0,4
E3,198,29-Jun,Emily,,,Y,,1,0,2
E3,199,29-Jun,Emily,,,,,2,0,7
E3,200,29-Jun,Emily,,,,,1,0,4
E4,1,29-Jun,Matthew,NA,,,,,,
E4,2,29-Jun,Matthew,NA,,,,,,
E4,3,29-Jun,Matthew,,,Y,,5,0,6
E4,4,29-Jun,Matthew,,,,,5,0,3
E4,5,29-Jun,Matthew,,,Y,,5,0,1
E4,6,29-Jun,Matthew,,,,,5,0,1
E4,7,29-Jun,Matthew,,,,,5,0,6
E4,8,29-Jun,Matthew,,,,,5,0,1
E4,9,29-Jun,Matthew,,,,Y,5,0,2
E4,10,29-Jun,Matthew,,,Y,,5,0,1
E4,11,29-Jun,Matthew,,,,,5,0,2
E4,12,29-Jun,Matthew,,,,,5,0,1
E4,13,29-Jun,Matthew,,,,Y,5,0,7
E4,14,29-Jun,Matthew,,,,,5,0,5
E4,15,29-Jun,Matthew,,,Y,,5,0,1
E4,16,29-Jun,Matthew,,,,Y,5,0,2
E4,17,29-Jun,Matthew,,,,,5,0,5
E4,18,29-Jun,Matthew,,,,,5,0,5
E4,19,29-Jun,Matthew,,Y,,,5,0,4
E4,20,29-Jun,Matthew,,,,,5,0,6
E4,21,29-Jun,Matthew,,,,,5,0,1
E4,22,29-Jun,Matthew,,,Y,,5,0,1
E4,23,29-Jun,Matthew,,,Y,,5,0,1
E4,24,29-Jun,Matthew,,,,,5,0,1
E4,25,29-Jun,Matthew,,,,,5,0,1
E4,26,29-Jun,Matthew,,,Y,,5,0,3
E4,27,29-Jun,Matthew,,,,,5,0,5
E4,28,29-Jun,Matthew,,,,Y,5,0,4
E4,29,29-Jun,Matthew,,,,,5,0,1
E4,30,29-Jun,Matthew,,Y,,,5,0,2
E4,31,29-Jun,Matthew,,,,,5,0,1
E4,32,29-Jun,Matthew,,,,Y,5,0,3
E4,33,29-Jun,Matthew,,,,,5,0,7
E4,34,29-Jun,Matthew,,,,,5,0,2
E4,35,29-Jun,Matthew,,,Y,,5,0,3
E4,36,29-Jun,Matthew,,,Y,,5,0,6
E4,37,29-Jun,Matthew,,,,,5,0,2
E4,38,29-Jun,Matthew,,,,,5,0,6
E4,39,29-Jun,Matthew,,,,,4,0,7
E4,40,29-Jun,Matthew,,Y,,,4,0,2
E4,41,29-Jun,Matthew,,,,,4,0,3
E4,42,29-Jun,Matthew,,,Y,,4,0,2
E4,43,29-Jun,Matthew,,,,,5,0,3
E4,44,29-Jun,Matthew,,,,,5,0,1
E4,45,29-Jun,Matthew,,,,,5,0,1
E4,46,29-Jun,Matthew,,,,,4,0,3
E4,47,29-Jun,Matthew,,,Y,,5,0,1
E4,48,29-Jun,Matthew,,,,,5,0,2
E4,49,29-Jun,Matthew,,,Y,,5,0,1
E4,50,29-Jun,Matthew,,,,,5,0,3
E4,51,29-Jun,Matthew,,Y,,,5,0,4
E4,52,29-Jun,Matthew,,,Y,,5,0,2
E4,53,29-Jun,Matthew,,,Y,,5,0,2
E4,54,29-Jun,Matthew,,,,,5,0,4
E4,55,29-Jun,Matthew,,Y,,,5,0,6
E4,56,29-Jun,Matthew,,,Y,,5,0,5
E4,57,29-Jun,Matthew,,,,,5,0,3
E4,58,29-Jun,Matthew,,,,,5,0,7
E4,59,29-Jun,Matthew,,,,,5,0,2
E4,60,29-Jun,Matthew,,,,,5,0,3
E4,61,29-Jun,Matthew,,,,,5,0,1
E4,62,29-Jun,Matthew,,,,,5,0,2
E4,63,29-Jun,Matthew,,,Y,,5,0,1
E4,64,29-Jun,Matthew,,,Y,,5,0,1
E4,65,29-Jun,Matthew,,,,,5,0,1
E4,66,29-Jun,Matthew,,,,,5,0,3
E4,67,29-Jun,Matthew,,,,,5,0,1
E4,68,29-Jun,Matthew,NA,,,,,,
E4,69,29-Jun,Matthew,,,,,5,0,1
E4,70,29-Jun,Matthew,,,,,5,0,1
E4,71,29-Jun,Matthew,,,Y,,5,0,5
E4,72,29-Jun,Matthew,,,Y,,5,0,1
E4,73,29-Jun,Matthew,,,,,5,0,7
E4,74,29-Jun,Matthew,,,Y,,5,0,1
E4,75,29-Jun,Matthew,,,,,5,0,3
E4,76,29-Jun,Matthew,NA,,,,,,
E4,77,29-Jun,Matthew,NA,,,,,,
E4,78,29-Jun,Matthew,,,Y,,5,0,6
E4,79,29-Jun,Matthew,,,,,5,0,1
E4,80,29-Jun,Matthew,,,,,5,0,2
E4,81,29-Jun,Matthew,,,,,5,0,1
E4,82,29-Jun,Matthew,,,,,5,0,1
E4,83,29-Jun,Matthew,,,,,5,0,4
E4,84,29-Jun,Matthew,,,,,5,0,1
E4,85,29-Jun,Matthew,NA,,,,,,
E4,86,29-Jun,Matthew,,,Y,,5,0,3
E4,87,29-Jun,Matthew,NA,,,,,,
E4,88,29-Jun,Matthew,,,,,3,1,0
E4,89,29-Jun,Matthew,,,Y,,5,0,2
E4,90,29-Jun,Matthew,,,,,5,0,1
E4,91,29-Jun,Matthew,,,,,5,0,2
E4,92,29-Jun,Matthew,,,Y,,5,0,4
E4,93,29-Jun,Matthew,,,,,5,0,2
E4,94,29-Jun,Matthew,,,,,5,0,1
E4,95,29-Jun,Matthew,,,,,5,0,4
E4,96,29-Jun,Matthew,,,,,5,0,1
E4,97,29-Jun,Matthew,,,Y,,5,0,3
E4,98,29-Jun,Matthew,,,,,5,0,2
E4,99,29-Jun,Matthew,,,,,5,0,8
E4,100,29-Jun,Matthew,,,,,3,0,3
E4,101,29-Jun,Matthew,,,,,5,0,1
E4,102,29-Jun,Matthew,,,,,4,0,3
E4,103,29-Jun,Matthew,,,,,5,0,1
E4,104,29-Jun,Matthew,,,,,5,0,1
E4,105,29-Jun,Matthew,,,Y,,4,0,3
E4,106,29-Jun,Matthew,,,,,5,0,3
E4,107,29-Jun,Matthew,,,,,5,0,2
E4,108,29-Jun,Matthew,,,,,5,0,1
E4,109,29-Jun,Matthew,,,,,5,0,1
E4,110,29-Jun,Matthew,,,Y,,5,0,1
E4,111,29-Jun,Matthew,,,,,5,0,1
E4,112,29-Jun,Matthew,,,,,5,0,3
E4,113,29-Jun,Matthew,,,,,5,0,4
E4,114,29-Jun,Matthew,,,,,5,0,6
E4,115,29-Jun,Matthew,,,,,5,0,2
E4,116,29-Jun,Matthew,,,,,5,0,4
E4,117,29-Jun,Matthew,,,,,5,0,1
E4,118,29-Jun,Matthew,NA,,,,,,
E4,119,29-Jun,Matthew,NA,,,,,,
E4,120,29-Jun,Matthew,,,,,5,0,3
E4,121,29-Jun,Matthew,,,,,5,0,2
E4,122,29-Jun,Matthew,,,,,5,0,2
E4,123,29-Jun,Matthew,,,,,5,0,3
E4,124,29-Jun,Matthew,,,,,5,0,3
E4,125,29-Jun,Matthew,,,,,5,0,2
E4,126,29-Jun,Matthew,NA,,,,,,
E4,127,29-Jun,Matthew,,,,,5,0,7
E4,128,29-Jun,Matthew,,,,,5,0,6
E4,129,29-Jun,Matthew,,,Y,,5,0,1
E4,130,29-Jun,Matthew,,,,,5,0,4
E4,131,29-Jun,Matthew,,,,,5,0,5
E4,132,29-Jun,Matthew,,,,,5,0,2
E4,133,29-Jun,Matthew,,,,,5,0,1
E4,134,29-Jun,Matthew,,,,,5,0,4
E4,135,29-Jun,Matthew,,,Y,,4,0,3
E4,136,29-Jun,Matthew,,,,,5,0,1
E4,137,29-Jun,Matthew,,,,,5,0,3
E4,138,29-Jun,Matthew,,,,,5,0,3
E4,139,29-Jun,Matthew,,,Y,,5,0,1
E4,140,29-Jun,Matthew,,,,,5,0,3
E4,141,29-Jun,Matthew,,,,,5,0,7
E4,142,29-Jun,Matthew,,,,,5,0,3
E4,143,29-Jun,Matthew,,,,,5,0,3
E4,144,29-Jun,Matthew,,,,,5,0,1
E4,145,29-Jun,Matthew,,,,,5,0,1
E4,146,29-Jun,Matthew,,,,,5,0,2
E4,147,29-Jun,Matthew,,,,,5,0,2
E4,148,29-Jun,Matthew,,,,,5,0,2
E4,149,29-Jun,Matthew,,,,,4,2,2
E4,150,29-Jun,Matthew,,,,,5,0,3
E4,151,29-Jun,Matthew,,,,Y,5,0,1
E4,152,29-Jun,Matthew,,,,,5,0,2
E4,153,29-Jun,Matthew,,,Y,,5,0,4
E4,154,29-Jun,Matthew,,,,,4,0,2
E4,155,29-Jun,Matthew,,,,,5,0,3
E4,156,29-Jun,Matthew,,,,,5,0,3
E4,157,29-Jun,Matthew,,,,,5,0,2
E4,158,29-Jun,Matthew,,,,,5,0,4
E4,159,29-Jun,Matthew,,,,,5,0,1
E4,160,29-Jun,Matthew,,,,,5,0,1
E4,161,29-Jun,Matthew,,,,,5,0,4
E4,162,29-Jun,Matthew,,,,,5,0,2
E4,163,29-Jun,Matthew,,,,Y,5,0,1
E4,164,29-Jun,Matthew,,,,,5,0,2
E4,165,29-Jun,Matthew,,,,,5,0,7
E4,166,29-Jun,Matthew,,,,,5,0,2
E4,167,29-Jun,Matthew,,,,,5,0,8
E4,168,29-Jun,Matthew,,,,,5,0,3
E4,169,29-Jun,Matthew,,,,Y,5,0,1
E4,170,29-Jun,Matthew,,,,,5,0,1
E4,171,29-Jun,Matthew,,,,,5,0,1
E4,172,29-Jun,Matthew,,,,,5,0,2
E4,173,29-Jun,Matthew,,,,,5,0,3
E4,174,29-Jun,Matthew,,,,,5,0,1
E4,175,29-Jun,Matthew,,,,,5,0,5
E4,176,29-Jun,Matthew,,,,,5,0,2
E4,177,29-Jun,Matthew,,,Y,,5,0,2
E4,178,29-Jun,Matthew,,,,,5,0,1
E4,179,29-Jun,Matthew,,,,,5,0,2
E4,180,29-Jun,Matthew,NA,,,,,,
E4,181,29-Jun,Matthew,,,Y,,5,0,6
E4,182,29-Jun,Matthew,,,,,5,0,2
E4,183,29-Jun,Matthew,,,,,5,0,5
E4,184,29-Jun,Matthew,,,,,5,0,3
E4,185,29-Jun,Matthew,,,,,5,0,5
E4,186,29-Jun,Matthew,NA,,,,,,
E4,187,29-Jun,Matthew,,,,,5,0,2
E4,188,29-Jun,Matthew,,,,,5,0,3
E4,189,29-Jun,Matthew,NA,,,,,,
E4,190,29-Jun,Matthew,,,,,5,0,6
E4,191,29-Jun,Matthew,,,,,5,0,1
E4,192,29-Jun,Matthew,,,,,5,0,8
E4,193,29-Jun,Matthew,,,,,5,0,3
E4,194,29-Jun,Matthew,,,Y,,5,0,2
E4,195,29-Jun,Matthew,,,,,5,0,1
E4,196,29-Jun,Matthew,,,,,5,0,1
E4,197,29-Jun,Matthew,,,,,5,0,6
E4,198,29-Jun,Matthew,,,,,5,0,1
E4,199,29-Jun,Matthew,,,,,5,0,6
E4,200,29-Jun,Matthew,,,,,5,0,6
E4,201,29-Jun,Matthew,,,,,5,0,2
E5,1,29-Jun,Mia,,,,,4,0,4
E5,2,29-Jun,Mia,,,,,4,0,2
E5,3,29-Jun,Mia,,,,,4,0,2
E5,4,29-Jun,Mia,,,,,5,0,2
E5,5,29-Jun,Mia,,,,,3,0,1
E5,6,29-Jun,Mia,,,,,4,0,8
E5,7,29-Jun,Mia,,,,,,,
E5,8,29-Jun,Mia,,,,,4,0,9
E5,9,29-Jun,Mia,,,,,4,0,6
E5,10,29-Jun,Mia,,,,,5,0,2
E5,11,29-Jun,Mia,,,,,4,0,5
E5,12,29-Jun,Mia,,,,,4,0,4
E5,13,29-Jun,Mia,,,,,4,0,5
E5,14,29-Jun,Mia,,,,,5,0,3
E5,15,29-Jun,Mia,,,,,3,0,2
E5,16,29-Jun,Mia,,,,,5,0,2
E5,17,29-Jun,Mia,,,,,4,0,3
E5,18,29-Jun,Mia,,,,,4,0,2
E5,19,29-Jun,Mia,,,,,5,0,4
E5,20,29-Jun,Mia,,,,,5,0,3
E5,21,29-Jun,Mia,,,,,5,0,3
E5,22,29-Jun,Mia,,,,,5,0,2
E5,23,29-Jun,Mia,,,,,4,0,2
E5,24,29-Jun,Mia,,,,,5,0,3
E5,25,29-Jun,Mia,,,,,3,0,7
E5,26,29-Jun,Mia,,,,,5,,3
E5,27,29-Jun,Mia,,,,,5,,1
E5,28,29-Jun,Mia,,,,,3,,4
E5,29,29-Jun,Mia,,,,,5,,3
E5,30,29-Jun,Mia,,,,,,,
E5,31,29-Jun,Mia,,,,,5,,3
E5,32,29-Jun,Mia,,,,,,,
E5,33,29-Jun,Mia,,,,,5,,2
E5,34,29-Jun,Mia,,,,,4,,5
E5,35,29-Jun,Mia,,,,,4,,3
E5,36,29-Jun,Mia,,,,,5,,2
E5,37,29-Jun,Mia,,,,,3,,3
E5,38,29-Jun,Mia,,,Y,,3,,3
E5,39,29-Jun,Mia,,,,,5,,1
E5,40,29-Jun,Mia,,,,,3,,2
E5,41,29-Jun,Mia,,,,,4,,2
E5,42,29-Jun,Mia,Y,,,,4,,8
E5,43,29-Jun,Mia,,,,,5,,1
E5,44,29-Jun,Mia,,,,,4,,1
E5,45,29-Jun,Mia,,,,,,,
E5,46,29-Jun,Mia,Y,,Y,Y,4,0,7
E5,47,29-Jun,Mia,,,,,4,0,2
E5,48,29-Jun,Mia,,,,,5,0,3
E5,49,29-Jun,Mia,,,,,4,0,4
E5,50,29-Jun,Mia,,,Y,,4,0,2
E5,51,29-Jun,Mia,,,Y,,4,0,4
E5,52,29-Jun,Mia,,,,,5,0,5
E5,53,29-Jun,Mia,,,,,,,
E5,54,29-Jun,Mia,,,,,5,0,4
E5,55,29-Jun,Mia,,,,,5,0,2
E5,56,29-Jun,Mia,,,,,4,0,3
E5,57,29-Jun,Mia,,,,,4,0,6
E5,58,29-Jun,Mia,,,,,4,0,2
E5,59,29-Jun,Mia,,,,,4,0,3
E5,60,29-Jun,Mia,,,,,4,0,3
E5,61,29-Jun,Mia,,,,,5,0,3
E5,62,29-Jun,Mia,,,,,,,
E5,63,29-Jun,Mia,,,Y,Y,4,0,4
E5,64,29-Jun,Mia,,Y,,,4,0,5
E5,65,29-Jun,Mia,,,,,,,
E5,66,29-Jun,Mia,,,,,5,0,1
E5,67,29-Jun,Mia,,,,,,,
E5,68,29-Jun,Mia,,,,,3,0,4
E5,69,29-Jun,Mia,,,,,5,0,3
E5,70,29-Jun,Mia,,,,,,,
E5,71,29-Jun,Mia,,,,,5,0,5
E5,72,29-Jun,Mia,,,,,5,0,2
E5,73,29-Jun,Mia,,,,,5,0,4
E5,74,29-Jun,Mia,,Y,Y,Y,4,0,4
E5,75,29-Jun,Mia,,,,,4,0,1
E5,76,29-Jun,Mia,,,,,4,0,1
E5,77,29-Jun,Mia,,,,,,,
E5,78,29-Jun,Mia,,,,,,,
E5,79,29-Jun,Mia,,,,,5,0,1
E5,80,29-Jun,Mia,,Y,Y,Y,4,0,3
E5,81,29-Jun,Mia,,,,,,,
E5,82,29-Jun,Mia,,,,,3,0,4
E5,83,29-Jun,Mia,,,,,,,
E5,84,29-Jun,Mia,,,,,,,
E5,85,29-Jun,Mia,,,,,4,0,3
E5,86,29-Jun,Mia,,,,,4,0,3
E5,87,29-Jun,Mia,,,,,4,0,2
E5,88,29-Jun,Mia,,,,,4,0,6
E5,89,29-Jun,Mia,,,,,,,
E5,90,29-Jun,Mia,,,,,5,0,4
E5,91,29-Jun,Mia,,,,,5,0,2
E5,92,29-Jun,Mia,,,,,5,0,5
E5,93,29-Jun,Mia,,,,,5,0,3
E5,94,29-Jun,Mia,,,,,,,
E5,95,29-Jun,Mia,,,,,5,0,2
E5,96,29-Jun,Mia,Y,Y,Y,,4,0,5
E5,97,29-Jun,Mia,,,,,5,0,3
E5,98,29-Jun,Mia,,,,,5,0,2
E5,99,29-Jun,Mia,Y,Y,Y,,4,0,7
E5,100,29-Jun,Mia,,,,,4,0,4
E5,101,29-Jun,Mia,,Y,Y,,5,0,3
E5,102,29-Jun,Mia,,,,,5,0,1
E5,103,29-Jun,Mia,,Y,Y,,4,0,7
E5,104,29-Jun,Mia,,,,,,,
E5,105,29-Jun,Mia,,,,,5,0,3
E5,106,29-Jun,Mia,,,,,,,
E5,107,29-Jun,Mia,,,,,5,0,1
E5,108,29-Jun,Mia,,,,,,,
E5,109,29-Jun,Mia,,,,,5,0,3
E5,110,29-Jun,Mia,,,,,,,
E5,111,29-Jun,Mia,,,Y,,3,0,3
E5,112,29-Jun,Mia,,,,,5,0,1
E5,113,29-Jun,Mia,,,,,3,0,1
E5,114,29-Jun,Mia,,,,,5,0,1
E5,115,29-Jun,Mia,,,,,5,0,1
E5,116,29-Jun,Mia,,,,,4,0,2
E5,117,29-Jun,Mia,,,,,5,0,1
E5,118,29-Jun,Mia,,Y,,,4,0,7
E5,119,29-Jun,Mia,,,,,5,0,3
E5,120,29-Jun,Mia,,,Y,,3,0,3
E5,121,29-Jun,Mia,,,,,5,0,2
E5,122,29-Jun,Mia,,,,,5,0,4
E5,123,29-Jun,Mia,,,,,4,0,4
E5,124,29-Jun,Mia,,,,,5,0,3
E5,125,29-Jun,Mia,,,,,5,0,2
E5,126,29-Jun,Mia,Y,Y,,,4,0,3
E5,127,29-Jun,Mia,,,,,5,0,3
E5,128,29-Jun,Mia,Y,Y,Y,,4,0,4
E5,129,29-Jun,Mia,,,,,5,0,3
E5,130,29-Jun,Mia,,Y,,,5,0,4
E5,131,29-Jun,Mia,,,,,5,0,1
E5,132,29-Jun,Mia,,,,,5,0,2
E5,133,29-Jun,Mia,,,,,,,
E5,134,29-Jun,Mia,,,,,5,0,2
E5,135,29-Jun,Mia,,,,,,,
E5,136,29-Jun,Mia,,Y,Y,,4,0,2
E5,137,29-Jun,Mia,,,,,4,0,1
E5,138,29-Jun,Mia,,,,,4,0,3
E5,139,29-Jun,Mia,,,Y,Y,5,0,4
E5,140,29-Jun,Mia,Y,Y,,,5,0,1
E5,141,29-Jun,Mia,,,,,5,0,2
E5,142,29-Jun,Mia,,,,,4,0,10
E5,143,29-Jun,Mia,,,Y,Y,4,0,3
E5,144,29-Jun,Mia,,,,Y,4,0,3
E5,145,29-Jun,Mia,,,,Y,4,0,6
E5,146,29-Jun,Mia,,,,,,,
E5,147,29-Jun,Mia,Y,Y,Y,,4,0,3
E5,148,29-Jun,Mia,,,,,4,0,9
E5,149,29-Jun,Mia,,,,,4,0,2
E5,150,29-Jun,Mia,,,,,3,0,2
E5,151,29-Jun,Mia,,,,,3,0,2
E5,152,29-Jun,Mia,,,,,5,0,5
E5,153,29-Jun,Mia,,,,,5,0,4
E5,154,29-Jun,Mia,,,,,5,0,1
E5,155,29-Jun,Mia,,,,,4,0,3
E5,156,29-Jun,Mia,Y,,,,4,0,6
E5,157,29-Jun,Mia,,,,,4,0,2
E5,158,29-Jun,Mia,Y,,,,4,0,2
E5,159,29-Jun,Mia,Y,,,,3,0,3
E5,160,29-Jun,Mia,,,,,4,0,3
E5,161,29-Jun,Mia,,,,,4,0,4
E5,162,29-Jun,Mia,,,,,3,0,3
E5,163,29-Jun,Mia,,,Y,,4,0,4
E5,164,29-Jun,Mia,,,,,5,0,3
E5,165,29-Jun,Mia,,,,,4,0,3
E5,166,29-Jun,Mia,,,,,,,
E5,167,29-Jun,Mia,Y,,,,4,0,2
E5,168,29-Jun,Mia,Y,Y,,,4,0,1
E5,169,29-Jun,Mia,,,,,,,
E5,170,29-Jun,Mia,,,,Y,4,0,3
E5,171,29-Jun,Mia,Y,,,Y,4,0,2
E5,172,29-Jun,Mia,,,,,4,0,1
E5,173,29-Jun,Mia,,,,,3,0,2
E5,174,29-Jun,Mia,,,,,4,0,2
E5,175,29-Jun,Mia,,,,,5,0,1
E5,176,29-Jun,Mia,,,,,4,0,1
E5,177,29-Jun,Mia,,,,,4,0,3
E5,178,29-Jun,Mia,,,,,4,0,1
E5,179,29-Jun,Mia,,,,,4,0,1
E5,180,29-Jun,Mia,,Y,,Y,4,0,4
E5,181,29-Jun,Mia,,,,,4,0,3
E5,182,29-Jun,Mia,,,,,4,0,4
E5,183,29-Jun,Mia,,,,,3,0,4
E5,184,29-Jun,Mia,,,,,4,6,3
E5,185,29-Jun,Mia,,,,,4,0,4
E5,186,29-Jun,Mia,,,,,5,0,6
E5,187,29-Jun,Mia,,,,,3,0,3
E5,188,29-Jun,Mia,,,,,4,0,3
E5,189,29-Jun,Mia,,,,,4,0,1
E5,190,29-Jun,Mia,,,,,,,
E5,191,29-Jun,Mia,,,,,5,0,4
E5,192,29-Jun,Mia,,,,,4,0,1
E5,193,29-Jun,Mia,,,,,3,0,7
E5,194,29-Jun,Mia,,,,,5,0,1
E5,195,29-Jun,Mia,,,,,,,
E5,196,29-Jun,Mia,,,,,4,0,2
E5,197,29-Jun,Mia,,,,,3,0,4
E5,198,29-Jun,Mia,,,,,3,0,3
E5,199,29-Jun,Mia,,,,,5,0,5
E5,200,29-Jun,Mia,Y,,,,3,0,4
E6,1,29-Jun,Matthew,,,,,,,
E6,2,29-Jun,Matthew,,,,,,,
E6,3,29-Jun,Matthew,,,,,1,3,6
E6,4,29-Jun,Matthew,NA,,,,,,
E6,5,29-Jun,Matthew,,,,,1,2,3
E6,6,29-Jun,Matthew,,,Y,,1,1,6
E6,7,29-Jun,Matthew,,,,,1,0,7
E6,8,29-Jun,Matthew,,,,,2,0,8
E6,9,29-Jun,Matthew,,,,,1,0,9
E6,10,29-Jun,Matthew,NA,,,,,,
E6,11,29-Jun,Matthew,,,,,1,0,9
E6,12,29-Jun,Matthew,,,,,2,0,5
E6,13,29-Jun,Matthew,,,,,2,0,6
E6,14,29-Jun,Matthew,,,,,1,0,7
E6,15,29-Jun,Matthew,,,,,1,0,8
E6,16,29-Jun,Matthew,,,,,1,0,3
E6,17,29-Jun,Matthew,,,,,1,0,4
E6,18,29-Jun,Matthew,,,,,1,0,4
E6,19,29-Jun,Matthew,,,,,2,0,4
E6,20,29-Jun,Matthew,,,Y,,1,0,6
E6,21,29-Jun,Matthew,,,,,1,1,8
E6,22,29-Jun,Matthew,,,,,1,0,6
E6,23,29-Jun,Matthew,,,,,1,0,1
E6,24,29-Jun,Matthew,,,,,2,0,3
E6,25,29-Jun,Matthew,,,,,2,0,5
E6,26,29-Jun,Matthew,,,,,1,0,7
E6,27,29-Jun,Matthew,,,,,1,0,5
E6,28,29-Jun,Matthew,,,,,0,6,0
E6,29,29-Jun,Matthew,,,,,1,0,8
E6,30,29-Jun,Matthew,,,,,1,0,6
E6,31,29-Jun,Matthew,,,,,1,0,5
E6,32,29-Jun,Matthew,,,,,1,0,3
E6,33,29-Jun,Matthew,,,,,2,0,4
E6,34,29-Jun,Matthew,,,,Y,2,0,6
E6,35,29-Jun,Matthew,,,,,2,0,7
E6,36,29-Jun,Matthew,,,,,1,0,3
E6,37,29-Jun,Matthew,,,,,1,0,3
E6,38,29-Jun,Matthew,,,,,3,0,2
E6,39,29-Jun,Matthew,,,,,2,0,5
E6,40,29-Jun,Matthew,,,,,1,0,6
E6,41,29-Jun,Matthew,,,,,1,0,4
E6,42,29-Jun,Matthew,,,,,2,0,6
E6,43,29-Jun,Matthew,,,,,3,0,3
E6,44,29-Jun,Matthew,,,,,2,0,5
E6,45,29-Jun,Matthew,,,,,1,0,3
E6,46,29-Jun,Matthew,,,,,3,0,4
E6,47,29-Jun,Matthew,,,,,1,0,1
E6,48,29-Jun,Matthew,,,,,2,0,2
E6,49,29-Jun,Matthew,,,,,1,0,2
E6,50,29-Jun,Matthew,,,,,1,0,2
E6,51,29-Jun,Matthew,,,,,2,0,6
E6,52,29-Jun,Matthew,,,,,1,0,5
E6,53,29-Jun,Matthew,,,,,2,0,6
E6,54,29-Jun,Matthew,,,,,1,0,7
E6,55,29-Jun,Matthew,NA,,,,,,
E6,56,29-Jun,Matthew,,,,,1,0,6
E6,57,29-Jun,Matthew,,,,,1,0,5
E6,58,29-Jun,Matthew,,,,,1,0,3
E6,59,29-Jun,Matthew,,,,,2,0,4
E6,60,29-Jun,Matthew,,,,,2,0,6
E6,61,29-Jun,Matthew,,,,,2,0,9
E6,62,29-Jun,Matthew,,,,,1,0,11
E6,63,29-Jun,Matthew,,,,,2,0,3
E6,64,29-Jun,Matthew,NA,,,,,,
E6,65,29-Jun,Matthew,,,,,2,0,7
E6,66,29-Jun,Matthew,,,,,2,0,6
E6,67,29-Jun,Matthew,,,,,3,0,1
E6,68,29-Jun,Matthew,,,Y,,2,0,6
E6,69,29-Jun,Matthew,,,,,3,0,2
E6,70,29-Jun,Matthew,,,,,2,0,7
E6,71,29-Jun,Matthew,,,,,1,0,5
E6,72,29-Jun,Matthew,,,,,2,0,3
E6,73,29-Jun,Matthew,,,,,2,0,1
E6,74,29-Jun,Matthew,NA,,,,,,
E6,75,29-Jun,Matthew,,,,,2,0,3
E6,76,29-Jun,Matthew,,,,,1,0,2
E6,77,29-Jun,Matthew,,,,,2,0,2
E6,78,29-Jun,Matthew,,,,,3,0,3
E6,79,29-Jun,Matthew,,,,Y,2,0,7
E6,80,29-Jun,Matthew,,,,,1,0,3
E6,81,29-Jun,Matthew,,,,,2,0,8
E6,82,29-Jun,Matthew,,,,,1,0,3
E6,83,29-Jun,Matthew,,,,,2,0,6
E6,84,29-Jun,Matthew,,,,,1,0,5
E6,85,29-Jun,Matthew,,,,,3,0,2
E6,86,29-Jun,Matthew,,,,,2,0,8
E6,87,29-Jun,Matthew,,,,,1,0,5
E6,88,29-Jun,Matthew,,,,,2,0,5
E6,89,29-Jun,Matthew,,,,,2,0,6
E6,90,29-Jun,Matthew,,,,,1,0,5
E6,91,29-Jun,Matthew,,,,,1,0,2
E6,92,29-Jun,Matthew,,,,Y,1,0,5
E6,93,29-Jun,Matthew,,,,,1,0,2
E6,94,29-Jun,Matthew,,,,,2,0,6
E6,95,29-Jun,Matthew,,,,,1,0,4
E6,96,29-Jun,Matthew,,,,,2,0,5
E6,97,29-Jun,Matthew,,,,,3,0,3
E6,98,29-Jun,Matthew,,,,,2,0,2
E6,99,29-Jun,Matthew,,,,,1,0,3
E6,100,29-Jun,Matthew,,,,,2,0,7
E6,101,29-Jun,Matthew,,,,,1,0,6
E6,102,29-Jun,Matthew,,,,,1,0,4
E6,103,29-Jun,Matthew,NA,,,,,,
E6,104,29-Jun,Matthew,,,,,2,0,5
E6,105,29-Jun,Matthew,,,,,3,0,4
E6,106,29-Jun,Matthew,,,,Y,2,0,5
E6,107,29-Jun,Matthew,,,,,1,0,4
E6,108,29-Jun,Matthew,,,,,2,0,6
E6,109,29-Jun,Matthew,,,,,1,0,5
E6,110,29-Jun,Matthew,,,Y,Y,2,0,7
E6,111,29-Jun,Matthew,,,,,2,0,4
E6,112,29-Jun,Matthew,,,,,2,0,3
E6,113,29-Jun,Matthew,,,,,1,0,8
E6,114,29-Jun,Matthew,,,,,2,0,5
E6,115,29-Jun,Matthew,,,,,3,0,2
E6,116,29-Jun,Matthew,,Y,Y,,1,0,1
E6,117,29-Jun,Matthew,,,,,2,0,6
E6,118,29-Jun,Matthew,,,,,2,0,5
E6,119,29-Jun,Matthew,,,,,1,0,7
E6,120,29-Jun,Matthew,,,,Y,2,0,5
E6,121,29-Jun,Matthew,,,,,2,0,3
E6,122,29-Jun,Matthew,,,,,3,0,2
E6,123,29-Jun,Matthew,,,,,2,0,2
E6,124,29-Jun,Matthew,,,,,1,0,1
E6,125,29-Jun,Matthew,,,,,1,0,3
E6,126,29-Jun,Matthew,,,,,2,0,6
E6,127,29-Jun,Matthew,,,,,3,0,4
E6,128,29-Jun,Matthew,,,,,2,0,3
E6,129,29-Jun,Matthew,,,,,1,0,2
E6,130,29-Jun,Matthew,,,,,3,0,2
E6,131,29-Jun,Matthew,,,,,1,0,3
E6,132,29-Jun,Matthew,,,,,1,0,8
E6,133,29-Jun,Matthew,,,,,2,0,4
E6,134,29-Jun,Matthew,,,,,1,1,2
E6,135,29-Jun,Matthew,,,,,2,0,2
E6,136,29-Jun,Matthew,,,,,2,0,4
E6,137,29-Jun,Matthew,,,,,2,0,1
E6,138,29-Jun,Matthew,,,,,1,0,4
E6,139,29-Jun,Matthew,NA,,,,,,
E6,140,29-Jun,Matthew,,Y,Y,,1,0,5
E6,141,29-Jun,Matthew,,,,,1,0,3
E6,142,29-Jun,Matthew,,,,,2,0,2
E6,143,29-Jun,Matthew,,,,,1,0,4
E6,144,29-Jun,Matthew,,,,,2,0,6
E6,145,29-Jun,Matthew,,,,,2,0,5
E6,146,29-Jun,Matthew,,,,,2,0,1
E6,147,29-Jun,Matthew,,,,,1,0,3
E6,148,29-Jun,Matthew,,,,,1,0,1
E6,149,29-Jun,Matthew,,,,,2,0,4
E6,150,29-Jun,Matthew,,,,,2,0,3
E6,151,29-Jun,Matthew,,,,,2,0,4
E6,152,29-Jun,Matthew,,,,,3,0,2
E6,153,29-Jun,Matthew,,,,,1,0,5
E6,154,29-Jun,Matthew,,,,Y,1,0,3
E6,155,29-Jun,Matthew,,,,Y,1,0,2
E6,156,29-Jun,Matthew,,,,,1,0,2
E6,157,29-Jun,Matthew,,,,,1,0,2
E6,158,29-Jun,Matthew,,,,,1,0,1
E6,159,29-Jun,Matthew,,,,,2,0,6
E6,160,29-Jun,Matthew,,,,,1,0,1
E6,161,29-Jun,Matthew,,,,,1,0,2
E6,162,29-Jun,Matthew,,,,,3,0,1
E6,163,29-Jun,Matthew,,,,,1,0,1
E6,164,29-Jun,Matthew,,,,,2,0,1
E6,165,29-Jun,Matthew,,,,Y,3,0,2
E6,166,29-Jun,Matthew,,,,,2,0,1
E6,167,29-Jun,Matthew,,,,,1,0,2
E6,168,29-Jun,Matthew,,,,,2,0,5
E6,169,29-Jun,Matthew,,,,,1,0,3
E6,170,29-Jun,Matthew,,,,,1,0,4
E6,171,29-Jun,Matthew,,,,,1,0,1
E6,172,29-Jun,Matthew,,,,,3,0,2
E6,173,29-Jun,Matthew,,,,,3,0,1
E6,174,29-Jun,Matthew,,,,,2,1,1
E6,175,29-Jun,Matthew,,,,,2,0,2
E6,176,29-Jun,Matthew,,,,Y,2,0,2
E6,177,29-Jun,Matthew,,,,,2,0,2
E6,178,29-Jun,Matthew,,,,,1,0,2
E6,179,29-Jun,Matthew,,,,,1,0,4
E6,180,29-Jun,Matthew,,,,,2,0,3
E6,181,29-Jun,Matthew,,,,,2,0,4
E6,182,29-Jun,Matthew,,,,,1,0,6
E6,183,29-Jun,Matthew,,,,,1,0,3
E6,184,29-Jun,Matthew,,,,,2,0,2
E6,185,29-Jun,Matthew,,,,,2,0,3
E6,186,29-Jun,Matthew,,,,,2,0,2
E6,187,29-Jun,Matthew,,,,Y,1,0,7
E6,188,29-Jun,Matthew,,,,,1,1,2
E6,189,29-Jun,Matthew,,,,,2,0,4
E6,190,29-Jun,Matthew,,,,,3,0,4
E6,191,29-Jun,Matthew,,,,,1,0,2
E6,192,29-Jun,Matthew,,,,,2,0,2
E6,193,29-Jun,Matthew,,,,,1,0,2
E6,194,29-Jun,Matthew,NA,,,,,,
E6,195,29-Jun,Matthew,,,,,1,0,5
E6,196,29-Jun,Matthew,,,,,1,1,4
E6,197,29-Jun,Matthew,,,,,3,0,3
E6,198,29-Jun,Matthew,,,,,1,0,3
E6,199,29-Jun,Matthew,,,,,2,0,2
E6,200,29-Jun,Matthew,,,,,3,0,3
E9,1,29-Jun,Emily,,,,,5,0,9
E9,2,29-Jun,Emily,,,,,5,0,3
E9,3,29-Jun,Emily,,,,,5,0,5
E9,4,29-Jun,Emily,,,,,5,0,5
E9,5,29-Jun,Emily,,,,,5,0,2
E9,6,29-Jun,Emily,,Y,,,5,0,5
E9,7,29-Jun,Emily,,,,,5,0,5
E9,8,29-Jun,Emily,,,,,5,0,3
E9,9,29-Jun,Emily,,,,,5,0,2
E9,10,29-Jun,Emily,,,,,5,0,7
E9,11,29-Jun,Emily,,Y,,,4,0,6
E9,12,29-Jun,Emily,,,,,5,0,2
E9,13,29-Jun,Emily,,Y,,,5,0,6
E9,14,29-Jun,Emily,,,,,5,0,4
E9,15,29-Jun,Emily,,,,,NA,NA,NA
E9,16,29-Jun,Emily,,Y,,,5,0,7
E9,17,29-Jun,Emily,,,,,5,0,4
E9,18,29-Jun,Emily,,,,,5,0,3
E9,19,29-Jun,Emily,,,,,5,0,4
E9,20,29-Jun,Emily,,,,,5,0,3
E9,21,29-Jun,Emily,,,,,NA,NA,NA
E9,22,29-Jun,Emily,,,,,5,0,2
E9,23,29-Jun,Emily,,,,,5,0,4
E9,24,29-Jun,Emily,,,,,5,0,1
E9,25,29-Jun,Emily,,,,,5,0,5
E9,26,29-Jun,Emily,,,,,5,0,3
E9,27,29-Jun,Emily,,,,,5,0,3
E9,28,29-Jun,Emily,,,,,5,0,5
E9,29,29-Jun,Emily,,,,,5,0,4
E9,30,29-Jun,Emily,,,,,5,0,6
E9,31,29-Jun,Emily,,,,,5,0,4
E9,32,29-Jun,Emily,,,,,5,0,1
E9,33,29-Jun,Emily,,,Y,,5,0,5
E9,34,29-Jun,Emily,,Y,,,4,0,6
E9,35,29-Jun,Emily,,,,,5,0,6
E9,36,29-Jun,Emily,,Y,,,4,0,6
E9,37,29-Jun,Emily,,,,,NA,NA,NA
E9,38,29-Jun,Emily,,,,,5,0,3
E9,39,29-Jun,Emily,,,,,NA,NA,NA
E9,40,29-Jun,Emily,,,,,4,0,6
E9,41,29-Jun,Emily,,,,,3,0,6
E9,42,29-Jun,Emily,,,,,5,0,3
E9,43,29-Jun,Emily,,,,,4,0,1
E9,44,29-Jun,Emily,,,,,4,0,3
E9,45,29-Jun,Emily,,,,,NA,NA,NA
E9,46,29-Jun,Emily,,,,,5,0,1
E9,47,29-Jun,Emily,,,,,4,0,3
E9,48,29-Jun,Emily,,,,,5,0,4
E9,49,29-Jun,Emily,,,,,3,0,1
E9,50,29-Jun,Emily,,,,,5,0,5
E9,51,29-Jun,Emily,,,,,4,0,2
E9,52,29-Jun,Emily,,,,,4,0,5
E9,53,29-Jun,Emily,,,,,5,0,2
E9,54,29-Jun,Emily,,,,,5,0,3
E9,55,29-Jun,Emily,,,,,4,0,5
E9,56,29-Jun,Emily,,Y,,,3,0,7
E9,57,29-Jun,Emily,,,,,5,0,1
E9,58,29-Jun,Emily,,,,,NA,NA,NA
E9,59,29-Jun,Emily,,Y,,,5,0,2
E9,60,29-Jun,Emily,,,,,5,0,3
E9,61,29-Jun,Emily,,,,,3,0,8
E9,62,29-Jun,Emily,,,,,5,0,6
E9,63,29-Jun,Emily,,,,,4,0,8
E9,64,29-Jun,Emily,,,,,5,0,2
E9,65,29-Jun,Emily,,,,,5,0,5
E9,66,29-Jun,Emily,,,,,NA,NA,NA
E9,67,29-Jun,Emily,,,,,5,0,7
E9,68,29-Jun,Emily,,,,,5,0,3
E9,69,29-Jun,Emily,,,,,5,0,3
E9,70,29-Jun,Emily,,,,,5,0,2
E9,71,29-Jun,Emily,,,,,4,0,9
E9,72,29-Jun,Emily,,,,,NA,NA,NA
E9,73,29-Jun,Emily,,,,,3,0,4
E9,74,29-Jun,Emily,,,,,4,0,5
E9,75,29-Jun,Emily,,,,,NA,NA,NA
E9,76,29-Jun,Emily,,,,,NA,NA,NA
E9,77,29-Jun,Emily,,,,,5,0,3
E9,78,29-Jun,Emily,,,,,5,0,3
E9,79,29-Jun,Emily,,,,,NA,NA,NA
E9,80,29-Jun,Emily,,,,,5,0,4
E9,81,29-Jun,Emily,,,,,5,0,5
E9,82,29-Jun,Emily,,,,,5,0,4
E9,83,29-Jun,Emily,,,,,5,0,5
E9,84,29-Jun,Emily,,,,,5,0,9
E9,85,29-Jun,Emily,,,,,5,0,5
E9,86,29-Jun,Emily,,,,,3,0,19
E9,87,29-Jun,Emily,,,,,5,0,6
E9,88,29-Jun,Emily,,,,,5,0,9
E9,89,29-Jun,Emily,,,,,4,0,10
E9,90,29-Jun,Emily,,,,,5,0,7
E9,91,29-Jun,Emily,,,,,2,0,4
E9,92,29-Jun,Emily,,,,,5,0,2
E9,93,29-Jun,Emily,,,,,4,0,4
E9,94,29-Jun,Emily,,,,,3,0,10
E9,95,29-Jun,Emily,,,,,4,0,6
E9,96,29-Jun,Emily,,,,,3,0,4
E9,97,29-Jun,Emily,,,,,4,0,5
E9,98,29-Jun,Emily,,,,,4,0,9
E9,99,29-Jun,Emily,,,,,4,0,1
E9,100,29-Jun,Emily,,,,,4,0,5
E9,101,29-Jun,Emily,,,,,5,0,5
E9,102,29-Jun,Emily,,,,,5,0,7
E9,103,29-Jun,Emily,,,,,5,0,9
E9,104,29-Jun,Emily,,,,,5,0,5
E9,105,29-Jun,Emily,,,,,5,0,3
E9,106,29-Jun,Emily,,,,,5,0,9
E9,107,29-Jun,Emily,,,,,4,0,4
E9,108,29-Jun,Emily,,Y,,,5,0,6
E9,109,29-Jun,Emily,,,,,5,0,5
E9,110,29-Jun,Emily,,Y,,,5,0,4
E9,111,29-Jun,Emily,,,,,5,0,1
E9,112,29-Jun,Emily,,,,,5,0,4
E9,113,29-Jun,Emily,,,,,5,0,3
E9,114,29-Jun,Emily,,,Y,,4,0,2
E9,115,29-Jun,Emily,,,Y,,5,0,7
E9,116,29-Jun,Emily,,,Y,,5,0,2
E9,117,29-Jun,Emily,,,,,5,0,9
E9,118,29-Jun,Emily,,,,,5,0,6
E9,119,29-Jun,Emily,,,,,NA,NA,NA
E9,120,29-Jun,Emily,,,,,5,0,7
E9,121,29-Jun,Emily,,,,,5,0,3
E9,122,29-Jun,Emily,,,,,5,0,5
E9,123,29-Jun,Emily,,,,,5,0,2
E9,124,29-Jun,Emily,,,,,5,0,4
E9,125,29-Jun,Emily,,,,,5,0,3
E9,126,29-Jun,Emily,,,,,5,0,4
E9,127,29-Jun,Emily,,,,,5,0,6
E9,128,29-Jun,Emily,,,,,4,0,6
E9,129,29-Jun,Emily,,,,,5,0,2
E9,130,29-Jun,Emily,,,,,5,0,2
E9,131,29-Jun,Emily,,,,,5,0,4
E9,132,29-Jun,Emily,,,,,5,0,6
E9,133,29-Jun,Emily,,,,,NA,NA,NA
E9,134,29-Jun,Emily,,,,,NA,NA,NA
E9,135,29-Jun,Emily,,,,,NA,NA,NA
E9,136,29-Jun,Emily,,,,,5,0,2
E9,137,29-Jun,Emily,,,,,NA,NA,NA
E9,138,29-Jun,Emily,,,,,5,0,6
E9,139,29-Jun,Emily,,,,,NA,NA,NA
E9,140,29-Jun,Emily,,,,,5,0,12
E9,141,29-Jun,Emily,,,,,NA,NA,NA
E9,142,29-Jun,Emily,,,,,NA,NA,NA
E9,143,29-Jun,Emily,,,,,4,0,6
E9,144,29-Jun,Emily,,,,,4,0,6
E9,145,29-Jun,Emily,,Y,,,4,0,14
E9,146,29-Jun,Emily,,,,,5,0,4
E9,147,29-Jun,Emily,,,,,5,0,3
E9,148,29-Jun,Emily,,,,,NA,NA,NA
E9,149,29-Jun,Emily,,,,,5,0,1
E9,150,29-Jun,Emily,,,,,5,0,0
E9,151,29-Jun,Emily,,,,,5,0,2
E9,152,29-Jun,Emily,,,,,5,0,4
E9,153,29-Jun,Emily,,,,,5,0,1
E9,154,29-Jun,Emily,,,,,5,0,1
E9,155,29-Jun,Emily,,,,,5,0,5
E9,156,29-Jun,Emily,,,,,5,0,5
E9,157,29-Jun,Emily,,,,,NA,NA,NA
E9,158,29-Jun,Emily,,,,,5,0,5
E9,159,29-Jun,Emily,,,,,NA,NA,NA
E9,160,29-Jun,Emily,,,,,5,0,6
E9,161,29-Jun,Emily,,,,,5,0,3
E9,162,29-Jun,Emily,,,,,4,0,2
E9,163,29-Jun,Emily,,,,,5,0,5
E9,164,29-Jun,Emily,,,,,5,0,5
E9,165,29-Jun,Emily,,Y,,,5,0,5
E9,166,29-Jun,Emily,,,,,5,0,9
E9,167,29-Jun,Emily,,,,,5,0,1
E9,168,29-Jun,Emily,,Y,,,5,0,8
E9,169,29-Jun,Emily,,,,,5,0,3
E9,170,29-Jun,Emily,,,,,5,0,3
E9,171,29-Jun,Emily,,,,,5,0,2
E9,172,29-Jun,Emily,,,,,5,0,4
E9,173,29-Jun,Emily,,Y,,,5,0,5
E9,174,29-Jun,Emily,,,,,5,0,4
E9,175,29-Jun,Emily,,,,,5,0,8
E9,176,29-Jun,Emily,,,,,NA,NA,NA
E9,177,29-Jun,Emily,,,,,5,0,4
E9,178,29-Jun,Emily,,,,,5,0,4
E9,179,29-Jun,Emily,,Y,,,5,0,3
E9,180,29-Jun,Emily,,Y,,,4,0,7
E9,181,29-Jun,Emily,,Y,,,5,0,2
E9,182,29-Jun,Emily,,,,,5,0,5
E9,183,29-Jun,Emily,,,,,5,0,4
E9,184,29-Jun,Emily,,,,,5,0,5
E9,185,29-Jun,Emily,,,,,5,0,7
E9,186,29-Jun,Emily,,,,,5,0,2
E9,187,29-Jun,Emily,,,,,5,0,3
E9,188,29-Jun,Emily,,,,,5,0,6
E9,189,29-Jun,Emily,,,,,5,0,3
E9,190,29-Jun,Emily,,Y,,,5,0,4
E9,191,29-Jun,Emily,,,,,NA,NA,NA
E9,192,29-Jun,Emily,,,,,5,0,3
E9,193,29-Jun,Emily,,,,,5,0,4
E9,194,29-Jun,Emily,,,,,NA,NA,NA
E9,195,29-Jun,Emily,,Y,,,5,0,4
E9,196,29-Jun,Emily,,Y,,,5,0,2
E9,197,29-Jun,Emily,,,,,5,0,3
E9,198,29-Jun,Emily,,,,,5,0,3
E9,199,29-Jun,Emily,,,,,5,0,3
E9,200,29-Jun,Emily,,,,,5,0,2
E9,201,29-Jun,Emily,,Y,,,4,0,4
E9,202,29-Jun,Emily,,Y,,,5,0,8
E10,1,29-Jun,Mia,,,,,3,0,9
E10,2,29-Jun,Mia,,,,,2,1,3
E10,3,29-Jun,Mia,Y,,,,2,3,11
E10,4,29-Jun,Mia,,,,,1,1,1
E10,5,29-Jun,Mia,,,,,1,1,2
E10,6,29-Jun,Mia,,,,,2,1,1
E10,7,29-Jun,Mia,,,,,2,1,2
E10,8,29-Jun,Mia,,,,,3,0,4
E10,9,29-Jun,Mia,,,,,1,2,0
E10,10,29-Jun,Mia,,,,,2,0,3
E10,11,29-Jun,Mia,,,,,2,3,1
E10,12,29-Jun,Mia,,,,,NA,NA,NA
E10,13,29-Jun,Mia,,,,,2,0,3
E10,14,29-Jun,Mia,,,,,1,0,2
E10,15,29-Jun,Mia,,,,,2,0,3
E10,16,29-Jun,Mia,,,,Y,2,0,3
E10,17,29-Jun,Mia,,,,,1,3,1
E10,18,29-Jun,Mia,,,,,1,0,2
E10,19,29-Jun,Mia,,,,,2,0,5
E10,20,29-Jun,Mia,,,,,3,0,3
E10,21,29-Jun,Mia,,,,,1,1,2
E10,22,29-Jun,Mia,,,,,2,0,5
E10,23,29-Jun,Mia,,,,,3,0,2
E10,24,29-Jun,Mia,,,,,2,0,1
E10,25,29-Jun,Mia,,,,,2,2,5
E10,26,29-Jun,Mia,,,,,1,0,3
E10,27,29-Jun,Mia,,,,,2,0,2
E10,28,29-Jun,Mia,Y,,,,1,0,2
E10,29,29-Jun,Mia,,,,,2,0,1
E10,30,29-Jun,Mia,Y,,,,2,0,7
E10,31,29-Jun,Mia,,,,,1,2,3
E10,32,29-Jun,Mia,Y,,,,2,0,4
E10,33,29-Jun,Mia,Y,,,,1,1,3
E10,34,29-Jun,Mia,Y,,,,1,1,5
E10,35,29-Jun,Mia,,,,,2,0,6
E10,36,29-Jun,Mia,,,,,2,0,2
E10,37,29-Jun,Mia,Y,,,,2,1,1
E10,38,29-Jun,Mia,,,,,1,3,1
E10,39,29-Jun,Mia,,,,,1,0,2
E10,40,29-Jun,Mia,Y,,,,2,0,2
E10,41,29-Jun,Mia,,,,,3,0,2
E10,42,29-Jun,Mia,,,,Y,3,0,2
E10,43,29-Jun,Mia,,,,,1,0,3
E10,44,29-Jun,Mia,,,,,1,1,1
E10,45,29-Jun,Mia,,,,,2,0,2
E10,46,29-Jun,Mia,,,,,2,2,4
E10,47,29-Jun,Mia,,,,,1,1,1
E10,48,29-Jun,Mia,,,,,2,1,3
E10,49,29-Jun,Mia,,,,,2,0,2
E10,50,29-Jun,Mia,,,,,2,0,1
E10,51,29-Jun,Mia,,,,,1,0,4
E10,52,29-Jun,Mia,,,,,1,0,4
E10,53,29-Jun,Mia,,,,,1,0,5
E10,54,29-Jun,Mia,,,,,1,2,1
E10,55,29-Jun,Mia,,,,,1,0,2
E10,56,29-Jun,Mia,,,,,1,3,11
E10,57,29-Jun,Mia,,,,,2,0,3
E10,58,29-Jun,Mia,,,,,2,0,5
E10,59,29-Jun,Mia,,,,,1,0,7
E10,60,29-Jun,Mia,,,,,2,0,3
E10,61,29-Jun,Mia,,,,,2,0,3
E10,62,29-Jun,Mia,,,,,1,0,1
E10,63,29-Jun,Mia,,,,,3,0,6
E10,64,29-Jun,Mia,,,,,2,0,4
E10,65,29-Jun,Mia,,,,,2,0,7
E10,66,29-Jun,Mia,,,,,1,1,2
E10,67,29-Jun,Mia,,,,,2,0,3
E10,68,29-Jun,Mia,,,,,2,0,7
E10,69,29-Jun,Mia,,,,,1,0,3
E10,70,29-Jun,Mia,,,,,2,1,1
E10,71,29-Jun,Mia,,,,,1,2,5
E10,72,29-Jun,Mia,,,,,1,0,2
E10,73,29-Jun,Mia,,,,,2,0,6
E10,74,29-Jun,Mia,,,,,1,2,3
E10,75,29-Jun,Mia,,,,,1,2,2
E10,76,29-Jun,Mia,,,,,1,0,6
E10,77,29-Jun,Mia,,,,,2,0,1
E10,78,29-Jun,Mia,,,,,3,2,2
E10,79,29-Jun,Mia,,,,,2,1,3
E10,80,29-Jun,Mia,,,,,3,1,3
E10,81,29-Jun,Mia,,,,,2,1,3
E10,82,29-Jun,Mia,,,,,2,1,3
E10,83,29-Jun,Mia,,,,,2,1,1
E10,84,29-Jun,Mia,,,,,2,2,1
E10,85,29-Jun,Mia,,,,,1,0,2
E10,86,29-Jun,Mia,,,,,1,0,1
E10,87,29-Jun,Mia,,,,,2,0,1
E10,88,29-Jun,Mia,,,,,1,0,4
E10,89,29-Jun,Mia,,,,,1,1,2
E10,90,29-Jun,Mia,,,,,1,0,2
E10,91,29-Jun,Mia,,,,,1,4,3
E10,92,29-Jun,Mia,,,,,1,1,2
E10,93,29-Jun,Mia,,,,,2,0,1
E10,94,29-Jun,Mia,,,,,1,1,4
E10,95,29-Jun,Mia,,,,,1,0,4
E10,96,29-Jun,Mia,,,,,2,0,3
E10,97,29-Jun,Mia,,,,,3,0,1
E10,98,29-Jun,Mia,,,,,2,0,5
E10,99,29-Jun,Mia,,,,,1,0,6
E10,100,29-Jun,Mia,,,,,1,0,2
E10,101,29-Jun,Mia,,,,,1,2,11
E10,102,29-Jun,Mia,,,,,1,1,3
E10,103,29-Jun,Mia,,,,,2,2,3
E10,104,29-Jun,Mia,,,,,1,2,5
E10,105,29-Jun,Mia,,,,,2,0,4
E10,106,29-Jun,Mia,,,,,2,0,4
E10,107,29-Jun,Mia,,,,,1,2,2
E10,108,29-Jun,Mia,,,,,1,2,5
E10,109,29-Jun,Mia,,,,Y,1,1,2
E10,110,29-Jun,Mia,,,,,1,5,2
E10,111,29-Jun,Mia,,,,,2,0,3
E10,112,29-Jun,Mia,,,,,1,1,3
E10,113,29-Jun,Mia,,,,,1,2,3
E10,114,29-Jun,Mia,,,,,1,1,1
E10,115,29-Jun,Mia,,,,,2,0,3
E10,116,29-Jun,Mia,Y,,,,1,1,4
E10,117,29-Jun,Mia,,,,,2,1,1
E10,118,29-Jun,Mia,,,,,2,0,3
E10,119,29-Jun,Mia,,,,,2,0,4
E10,120,29-Jun,Mia,,,,,1,1,2
E10,121,29-Jun,Mia,,,,,1,1,3
E10,122,29-Jun,Mia,,,,,2,0,3
E10,123,29-Jun,Mia,,,,,2,0,5
E10,124,29-Jun,Mia,,,,,1,1,4
E10,125,29-Jun,Mia,,,,,2,0,4
E10,126,29-Jun,Mia,,,,,1,0,5
E10,127,29-Jun,Mia,,,,,1,0,4
E10,128,29-Jun,Mia,,,,,1,2,3
E10,129,29-Jun,Mia,,,,,1,2,3
E10,130,29-Jun,Mia,,,,,2,2,3
E10,131,29-Jun,Mia,,,,,2,0,3
E10,132,29-Jun,Mia,,,,,1,0,3
E10,133,29-Jun,Mia,Y,,,,2,5,10
E10,134,29-Jun,Mia,,,,,1,0,2
E10,135,29-Jun,Mia,,,,,2,0,9
E10,136,29-Jun,Mia,,,,,1,0,3
E10,137,29-Jun,Mia,,,,,2,0,6
E10,138,29-Jun,Mia,,,,,1,0,10
E10,139,29-Jun,Mia,,,,,1,1,1
E10,140,29-Jun,Mia,,,,,2,0,2
E10,141,29-Jun,Mia,,,,,2,1,6
E10,142,29-Jun,Mia,,,,,1,2,4
E10,143,29-Jun,Mia,,,,,1,0,4
E10,144,29-Jun,Mia,,,,,2,0,3
E10,145,29-Jun,Mia,,,,,1,0,4
E10,146,29-Jun,Mia,,,,,1,1,10
E10,147,29-Jun,Mia,,,,,1,0,6
E10,148,29-Jun,Mia,,,,,1,0,1
E10,149,29-Jun,Mia,,,,,1,0,3
E10,150,29-Jun,Mia,,,,,0,3,1
E10,151,29-Jun,Mia,,,,,2,0,1
E10,152,29-Jun,Mia,,,,,1,0,1
E10,153,29-Jun,Mia,,,,,1,0,9
E10,154,29-Jun,Mia,,,,,1,3,13
E10,155,29-Jun,Mia,,,,,1,0,3
E10,156,29-Jun,Mia,,,,,1,1,2
E10,157,29-Jun,Mia,,,,,1,1,2
E10,158,29-Jun,Mia,,,,,2,0,5
E10,159,29-Jun,Mia,,,,,1,0,1
E10,160,29-Jun,Mia,,,,,3,0,4
E10,161,29-Jun,Mia,,,,,1,5,2
E10,162,29-Jun,Mia,,,,,2,0,3
E10,163,29-Jun,Mia,,,,,3,0,3
E10,164,29-Jun,Mia,,,,,2,1,2
E10,165,29-Jun,Mia,,,,,2,0,4
E10,166,29-Jun,Mia,,,,,2,0,3
E10,167,29-Jun,Mia,,,,,1,2,2
E10,168,29-Jun,Mia,,,,,1,1,2
E10,169,29-Jun,Mia,,,,,1,1,1
E10,170,29-Jun,Mia,,,,,1,0,1
E10,171,29-Jun,Mia,,,,Y,0,1,2
E10,172,29-Jun,Mia,,,,,NA,NA,NA
E10,173,29-Jun,Mia,,,,,1,2,3
E10,174,29-Jun,Mia,,,,,1,1,2
E10,175,29-Jun,Mia,,,,,1,2,3
E10,176,29-Jun,Mia,,,,,0,1,0
E10,177,29-Jun,Mia,,,,,1,0,2
E10,178,29-Jun,Mia,,,,,3,2,11
E10,179,29-Jun,Mia,,,,,2,0,6
E10,180,29-Jun,Mia,,,,,1,0,1
E10,181,29-Jun,Mia,,,,,1,0,5
E10,182,29-Jun,Mia,,,,,1,0,1
E10,183,29-Jun,Mia,,,,,2,0,4
E10,184,29-Jun,Mia,Y,,,,1,0,5
E10,185,29-Jun,Mia,,,,,1,0,3
E10,186,29-Jun,Mia,,,,,1,0,3
E10,187,29-Jun,Mia,,,,,2,0,2
E10,188,29-Jun,Mia,,,,,2,0,5
E10,189,29-Jun,Mia,,,,,2,0,3
E10,190,29-Jun,Mia,Y,,,,2,0,2
E10,191,29-Jun,Mia,,,,,2,0,5
E10,192,29-Jun,Mia,,,,,2,0,3
E10,193,29-Jun,Mia,,,,,3,0,7
E10,194,29-Jun,Mia,,,,,1,0,1
E10,195,29-Jun,Mia,,,,,1,0,9
E10,196,29-Jun,Mia,,,,,1,0,2
E10,197,29-Jun,Mia,,,,,1,0,7
E10,198,29-Jun,Mia,,,,,1,0,3
E10,199,29-Jun,Mia,,,,,2,1,3
E10,200,29-Jun,Mia,Y,,,,1,1,13
E10,201,29-Jun,Mia,,,,,2,0,6
,,,,,,,,,,
,,,,,,,,,,
,,,,,,,,,,
,,,,,,,,,,
,,,,,,,,,,