Block,Pos,Date,Weight (g),Measured_by,Entered_by,Missing,Notes
E3,1,2023-01-13,83.88,Olivia Bain and Charles Last,Charles Last and Olivia Bain,,
E3,2,2023-01-13,66.85,Olivia Bain and Charles Last,Charles Last and Olivia Bain,,
E3,3,2023-01-13,49.7,Olivia Bain and Charles Last,Charles Last and Olivia Bain,,
E3,4,2023-01-13,46.06,Olivia Bain and Charles Last,Charles Last and Olivia Bain,,
E3,5,2023-01-13,45.22,Olivia Bain and Charles Last,Charles Last and Olivia Bain,,
E3,6,2023-01-13,33.86,Olivia Bain and Charles Last,Charles Last and Olivia Bain,,
E3,7,2023-01-13,41.33,Olivia Bain and Charles Last,Charles Last and Olivia Bain,,
E3,8,2023-01-13,88.67,Olivia Bain and Charles Last,Charles Last and Olivia Bain,,
E3,9,2023-01-13,40.28,Olivia Bain and Charles Last,Charles Last and Olivia Bain,,
E3,10,2023-01-13,63.42,Olivia Bain and Charles Last,Charles Last and Olivia Bain,,
E3,11,2023-01-13,36.9,Olivia Bain and Charles Last,Charles Last and Olivia Bain,,
E3,12,2023-01-13,32.37,Olivia Bain and Charles Last,Charles Last and Olivia Bain,1,
E3,13,2023-01-13,54.99,Olivia Bain and Charles Last,Charles Last and Olivia Bain,,
E3,14,2023-01-13,47.32,Olivia Bain and Charles Last,Charles Last and Olivia Bain,,
E3,15,2023-01-13,58.31,Olivia Bain and Charles Last,Charles Last and Olivia Bain,,
E3,16,2023-01-13,52.58,Olivia Bain and Charles Last,Charles Last and Olivia Bain,,
E3,17,2023-01-13,43.71,Olivia Bain and Charles Last,Charles Last and Olivia Bain,,
E3,18,2023-01-13,72.43,Olivia Bain and Charles Last,Charles Last and Olivia Bain,,
E3,19,2023-01-13,41.95,Olivia Bain and Charles Last,Charles Last and Olivia Bain,,
E3,20,2023-01-13,57.25,Olivia Bain and Charles Last,Charles Last and Olivia Bain,,
E3,21,2023-01-13,36.76,Olivia Bain and Charles Last,Charles Last and Olivia Bain,,
E3,22,2023-01-13,42.64,Olivia Bain and Charles Last,Charles Last and Olivia Bain,,
E3,23,2023-01-13,62.34,Olivia Bain and Charles Last,Charles Last and Olivia Bain,,
E3,24,2023-01-13,37.25,Olivia Bain and Charles Last,Charles Last and Olivia Bain,,
E3,25,2023-01-13,65.96,Olivia Bain and Charles Last,Charles Last and Olivia Bain,,
E3,26,2023-01-13,37.97,Olivia Bain and Charles Last,Charles Last and Olivia Bain,,
E3,27,2023-01-13,35.65,Olivia Bain and Charles Last,Charles Last and Olivia Bain,,
E3,28,2023-01-13,106.38,Olivia Bain and Charles Last,Charles Last and Olivia Bain,,
E3,29,2023-01-13,38.82,Olivia Bain and Charles Last,Charles Last and Olivia Bain,,
E3,30,2023-01-13,46.88,Olivia Bain and Charles Last,Charles Last and Olivia Bain,,
E3,31,2023-01-13,37.88,Olivia Bain and Charles Last,Charles Last and Olivia Bain,,
E3,32,2023-01-13,43.51,Olivia Bain and Charles Last,Charles Last and Olivia Bain,,
E3,33,2023-01-13,107.5,Olivia Bain and Charles Last,Charles Last and Olivia Bain,,
E3,34,2023-01-13,37.29,Olivia Bain and Charles Last,Charles Last and Olivia Bain,,
E3,35,2023-01-13,47.77,Olivia Bain and Charles Last,Charles Last and Olivia Bain,,
E3,36,2023-01-13,53.79,Olivia Bain and Charles Last,Charles Last and Olivia Bain,,
E3,37,2023-01-13,33.83,Olivia Bain and Charles Last,Charles Last and Olivia Bain,,
E3,38,2023-01-13,60.4,Olivia Bain and Charles Last,Charles Last and Olivia Bain,,
E3,39,2023-01-13,42.51,Olivia Bain and Charles Last,Charles Last and Olivia Bain,,
E3,40,2023-01-13,53.71,Olivia Bain and Charles Last,Charles Last and Olivia Bain,,
E3,41,2023-01-13,42.78,Olivia Bain and Charles Last,Charles Last and Olivia Bain,,
E3,42,2023-01-13,49.62,Olivia Bain and Charles Last,Charles Last and Olivia Bain,,
E3,43,2023-01-13,43.45,Olivia Bain and Charles Last,Charles Last and Olivia Bain,,
E3,44,2023-01-13,24.62,Olivia Bain and Charles Last,Charles Last and Olivia Bain,,
E3,45,2023-01-13,50.23,Olivia Bain and Charles Last,Charles Last and Olivia Bain,,
E3,46,2023-01-13,37.48,Olivia Bain and Charles Last,Charles Last and Olivia Bain,,
E3,47,2023-01-13,41.62,Olivia Bain and Charles Last,Charles Last and Olivia Bain,,
E3,48,2023-01-13,42.8,Olivia Bain and Charles Last,Charles Last and Olivia Bain,,
E3,49,2023-01-13,49.36,Olivia Bain and Charles Last,Charles Last and Olivia Bain,,
E3,50,2023-01-13,36.04,Olivia Bain and Charles Last,Charles Last and Olivia Bain,,
E3,51,2023-01-16,33.99,Olivia Bain and Charles Last,Olivia Bain and Charles Last,,
E3,52,2023-01-16,52.93,Olivia Bain and Charles Last,Olivia Bain and Charles Last,,
E3,53,2023-01-16,44.72,Olivia Bain and Charles Last,Olivia Bain and Charles Last,,
E3,54,2023-01-16,60.07,Olivia Bain and Charles Last,Olivia Bain and Charles Last,,
E3,55,2023-01-16,39.7,Olivia Bain and Charles Last,Olivia Bain and Charles Last,,
E3,56,2023-01-16,42.72,Olivia Bain and Charles Last,Olivia Bain and Charles Last,,
E3,57,2023-01-16,36.66,Olivia Bain and Charles Last,Olivia Bain and Charles Last,,
E3,58,2023-01-16,76.73,Olivia Bain and Charles Last,Olivia Bain and Charles Last,,
E3,59,2023-01-16,35.09,Olivia Bain and Charles Last,Olivia Bain and Charles Last,,
E3,60,2023-01-16,51.61,Olivia Bain and Charles Last,Olivia Bain and Charles Last,,
E3,61,2023-01-16,62.95,Olivia Bain and Charles Last,Olivia Bain and Charles Last,,
E3,62,2023-01-16,35.03,Olivia Bain and Charles Last,Olivia Bain and Charles Last,,
E3,63,2023-01-16,68.47,Olivia Bain and Charles Last,Olivia Bain and Charles Last,,
E3,64,2023-01-16,36.39,Olivia Bain and Charles Last,Olivia Bain and Charles Last,,
E3,65,2023-01-16,62.01,Olivia Bain and Charles Last,Olivia Bain and Charles Last,,
E3,66,2023-01-16,47.64,Olivia Bain and Charles Last,Olivia Bain and Charles Last,,
E3,67,2023-01-16,35.72,Olivia Bain and Charles Last,Olivia Bain and Charles Last,,
E3,68,2023-01-16,32.71,Olivia Bain and Charles Last,Olivia Bain and Charles Last,1,
E3,69,2023-01-16,62.98,Olivia Bain and Charles Last,Olivia Bain and Charles Last,,
E3,70,2023-01-16,60.74,Olivia Bain and Charles Last,Olivia Bain and Charles Last,,
E3,71,2023-01-16,35.58,Olivia Bain and Charles Last,Olivia Bain and Charles Last,,
E3,72,2023-01-16,34.2,Olivia Bain and Charles Last,Olivia Bain and Charles Last,,
E3,73,2023-01-16,54.73,Olivia Bain and Charles Last,Olivia Bain and Charles Last,,
E3,74,2023-01-16,45.23,Olivia Bain and Charles Last,Olivia Bain and Charles Last,,
E3,75,2023-01-16,36.91,Olivia Bain and Charles Last,Olivia Bain and Charles Last,,
E3,76,2023-01-16,65.8,Olivia Bain and Charles Last,Olivia Bain and Charles Last,,
E3,77,2023-01-16,37.4,Olivia Bain and Charles Last,Olivia Bain and Charles Last,,
E3,78,2023-01-16,85.05,Olivia Bain and Charles Last,Olivia Bain and Charles Last,,
E3,79,2023-01-16,45.57,Olivia Bain and Charles Last,Olivia Bain and Charles Last,,
E3,80,2023-01-16,75.06,Olivia Bain and Charles Last,Olivia Bain and Charles Last,,
E3,81,2023-01-16,50.79,Olivia Bain and Charles Last,Olivia Bain and Charles Last,,
E3,82,2023-01-16,47.98,Olivia Bain and Charles Last,Olivia Bain and Charles Last,,
E3,83,2023-01-16,32.26,Olivia Bain and Charles Last,Olivia Bain and Charles Last,1,
E3,84,2023-01-16,36.23,Olivia Bain and Charles Last,Olivia Bain and Charles Last,,
E3,85,2023-01-16,35.66,Olivia Bain and Charles Last,Olivia Bain and Charles Last,,
E3,86,2023-01-16,40.4,Olivia Bain and Charles Last,Olivia Bain and Charles Last,,
E3,87,2023-01-16,34.71,Olivia Bain and Charles Last,Olivia Bain and Charles Last,,
E3,88,2023-01-16,39.7,Olivia Bain and Charles Last,Olivia Bain and Charles Last,,
E3,89,2023-01-16,32.69,Olivia Bain and Charles Last,Olivia Bain and Charles Last,1,
E3,90,2023-01-16,41.58,Olivia Bain and Charles Last,Olivia Bain and Charles Last,,
E3,91,2023-01-16,32.45,Olivia Bain and Charles Last,Olivia Bain and Charles Last,1,
E3,92,2023-01-16,40.08,Olivia Bain and Charles Last,Olivia Bain and Charles Last,,
E3,93,2023-01-16,39.93,Olivia Bain and Charles Last,Olivia Bain and Charles Last,,
E3,94,2023-01-16,33.2,Olivia Bain and Charles Last,Olivia Bain and Charles Last,,
E3,95,2023-01-16,50.27,Olivia Bain and Charles Last,Olivia Bain and Charles Last,,
E3,96,2023-01-16,120.78,Olivia Bain and Charles Last,Olivia Bain and Charles Last,,
E3,97,2023-01-16,34.4,Olivia Bain and Charles Last,Olivia Bain and Charles Last,,
E3,98,2023-01-16,83.72,Olivia Bain and Charles Last,Olivia Bain and Charles Last,,
E3,99,2023-01-16,36.96,Olivia Bain and Charles Last,Olivia Bain and Charles Last,,
E3,100,2023-01-16,44.37,Olivia Bain and Charles Last,Olivia Bain and Charles Last,,
E3,101,2023-01-16,41.52,Olivia Bain and Charles Last,Olivia Bain and Charles Last,,
E3,102,2023-01-16,39.48,Olivia Bain and Charles Last,Olivia Bain and Charles Last,,
E3,103,2023-01-16,78.32,Olivia Bain and Charles Last,Olivia Bain and Charles Last,,
E3,104,2023-01-16,49.88,Olivia Bain and Charles Last,Olivia Bain and Charles Last,,
E3,105,2023-01-16,78.15,Olivia Bain and Charles Last,Olivia Bain and Charles Last,,
E3,106,2023-01-16,53.53,Olivia Bain and Charles Last,Olivia Bain and Charles Last,,
E3,107,2023-01-16,33.31,Olivia Bain and Charles Last,Olivia Bain and Charles Last,,
E3,108,2023-01-16,33.28,Olivia Bain and Charles Last,Olivia Bain and Charles Last,,
E3,109,2023-01-16,40.1,Olivia Bain and Charles Last,Olivia Bain and Charles Last,,
E3,110,2023-01-16,41.27,Olivia Bain and Charles Last,Olivia Bain and Charles Last,,
E3,111,2023-01-16,76.28,Olivia Bain and Charles Last,Olivia Bain and Charles Last,,
E3,112,2023-01-16,46.21,Olivia Bain and Charles Last,Olivia Bain and Charles Last,,
E3,113,2023-01-16,59.97,Olivia Bain and Charles Last,Olivia Bain and Charles Last,,
E3,114,2023-01-16,43.58,Olivia Bain and Charles Last,Olivia Bain and Charles Last,,
E3,115,2023-01-16,49.49,Olivia Bain and Charles Last,Olivia Bain and Charles Last,,
E3,116,2023-01-16,47.94,Olivia Bain and Charles Last,Olivia Bain and Charles Last,,
E3,117,2023-01-16,62.1,Olivia Bain and Charles Last,Olivia Bain and Charles Last,,
E3,118,2023-01-16,50.61,Olivia Bain and Charles Last,Olivia Bain and Charles Last,,
E3,119,2023-01-16,36.81,Olivia Bain and Charles Last,Olivia Bain and Charles Last,,
E3,120,2023-01-16,40.98,Olivia Bain and Charles Last,Olivia Bain and Charles Last,,
E3,121,2023-01-16,63.75,Olivia Bain and Charles Last,Olivia Bain and Charles Last,,
E3,122,2023-01-16,34.78,Olivia Bain and Charles Last,Olivia Bain and Charles Last,,
E3,123,2023-01-16,34.97,Olivia Bain and Charles Last,Olivia Bain and Charles Last,,
E3,124,2023-01-16,42.62,Olivia Bain and Charles Last,Olivia Bain and Charles Last,,
E3,125,2023-01-16,44.4,Olivia Bain and Charles Last,Olivia Bain and Charles Last,,
E3,126,2023-01-16,68.83,Olivia Bain and Charles Last,Olivia Bain and Charles Last,,
E3,127,2023-01-16,40.2,Olivia Bain and Charles Last,Olivia Bain and Charles Last,,
E3,128,2023-01-16,43.64,Olivia Bain and Charles Last,Olivia Bain and Charles Last,,
E3,129,2023-01-16,47.45,Olivia Bain and Charles Last,Olivia Bain and Charles Last,,
E3,130,2023-01-16,53.24,Olivia Bain and Charles Last,Olivia Bain and Charles Last,,
E3,131,2023-01-16,35.86,Olivia Bain and Charles Last,Olivia Bain and Charles Last,,
E3,132,2023-01-16,34.31,Olivia Bain and Charles Last,Olivia Bain and Charles Last,,
E3,133,2023-01-16,72.42,Olivia Bain and Charles Last,Olivia Bain and Charles Last,,
E3,134,2023-01-16,40.57,Olivia Bain and Charles Last,Olivia Bain and Charles Last,,
E3,135,2023-01-16,55.55,Olivia Bain and Charles Last,Olivia Bain and Charles Last,,
E3,136,2023-01-16,51.46,Olivia Bain and Charles Last,Olivia Bain and Charles Last,,
E3,137,2023-01-16,52.09,Olivia Bain and Charles Last,Olivia Bain and Charles Last,,
E3,138,2023-01-16,64.02,Olivia Bain and Charles Last,Olivia Bain and Charles Last,,
E3,139,2023-01-16,42.2,Olivia Bain and Charles Last,Olivia Bain and Charles Last,,
E3,140,2023-01-16,54.37,Olivia Bain and Charles Last,Olivia Bain and Charles Last,,
E3,141,2023-01-16,72.06,Olivia Bain and Charles Last,Olivia Bain and Charles Last,,
E3,142,2023-01-16,34.17,Olivia Bain and Charles Last,Olivia Bain and Charles Last,,
E3,143,2023-01-16,49.39,Olivia Bain and Charles Last,Olivia Bain and Charles Last,,
E3,144,2023-01-16,47.41,Olivia Bain and Charles Last,Olivia Bain and Charles Last,,
E3,145,2023-01-16,66.78,Olivia Bain and Charles Last,Olivia Bain and Charles Last,,
E3,146,2023-01-16,44.49,Olivia Bain and Charles Last,Olivia Bain and Charles Last,,
E3,147,2023-01-16,35.19,Olivia Bain and Charles Last,Olivia Bain and Charles Last,,
E3,148,2023-01-16,40.39,Olivia Bain and Charles Last,Olivia Bain and Charles Last,,
E3,149,2023-01-16,38.84,Olivia Bain and Charles Last,Olivia Bain and Charles Last,,
E3,150,2023-01-16,76.82,Olivia Bain and Charles Last,Olivia Bain and Charles Last,,
E3,151,2023-01-16,88.66,Olivia Bain and Charles Last,Olivia Bain and Charles Last,,
E3,152,2023-01-16,37.44,Olivia Bain and Charles Last,Olivia Bain and Charles Last,,
E3,153,2023-01-16,43.18,Olivia Bain and Charles Last,Olivia Bain and Charles Last,,
E3,154,2023-01-16,36.49,Olivia Bain and Charles Last,Olivia Bain and Charles Last,,
E3,155,2023-01-16,32.64,Olivia Bain and Charles Last,Olivia Bain and Charles Last,,
E3,156,2023-01-16,70.45,Olivia Bain and Charles Last,Olivia Bain and Charles Last,,
E3,157,2023-01-16,44.29,Olivia Bain and Charles Last,Olivia Bain and Charles Last,,
E3,158,2023-01-16,48.66,Olivia Bain and Charles Last,Olivia Bain and Charles Last,,
E3,159,2023-01-16,41.32,Olivia Bain and Charles Last,Olivia Bain and Charles Last,,
E3,160,2023-01-16,41.17,Olivia Bain and Charles Last,Olivia Bain and Charles Last,,
E3,161,2023-01-16,88.6,Olivia Bain and Charles Last,Olivia Bain and Charles Last,,
E3,162,2023-01-16,37.53,Olivia Bain and Charles Last,Olivia Bain and Charles Last,,
E3,163,2023-01-16,45.44,Olivia Bain and Charles Last,Olivia Bain and Charles Last,,
E3,164,2023-01-16,47.6,Olivia Bain and Charles Last,Olivia Bain and Charles Last,,
E3,165,2023-01-16,76.54,Olivia Bain and Charles Last,Olivia Bain and Charles Last,,
E3,166,2023-01-16,68.96,Olivia Bain and Charles Last,Olivia Bain and Charles Last,,
E3,167,2023-01-16,32.47,Olivia Bain and Charles Last,Olivia Bain and Charles Last,1,
E3,168,2023-01-16,54.92,Olivia Bain and Charles Last,Olivia Bain and Charles Last,,
E3,169,2023-01-16,33.56,Olivia Bain and Charles Last,Olivia Bain and Charles Last,,
E3,170,2023-01-16,37.47,Olivia Bain and Charles Last,Olivia Bain and Charles Last,,
E3,171,2023-01-16,52.91,Olivia Bain and Charles Last,Olivia Bain and Charles Last,,
E3,172,2023-01-16,78.46,Olivia Bain and Charles Last,Olivia Bain and Charles Last,,
E3,173,2023-01-16,62.25,Olivia Bain and Charles Last,Olivia Bain and Charles Last,,
E3,174,2023-01-16,34.83,Olivia Bain and Charles Last,Olivia Bain and Charles Last,,
E3,175,2023-01-16,52.46,Olivia Bain and Charles Last,Olivia Bain and Charles Last,,
E3,176,2023-01-16,45.47,Olivia Bain and Charles Last,Olivia Bain and Charles Last,,
E3,177,2023-01-16,36.81,Olivia Bain and Charles Last,Olivia Bain and Charles Last,,
E3,178,2023-01-16,55.71,Olivia Bain and Charles Last,Olivia Bain and Charles Last,,
E3,179,2023-01-16,39.59,Olivia Bain and Charles Last,Olivia Bain and Charles Last,,
E3,180,2023-01-16,61.41,Olivia Bain and Charles Last,Olivia Bain and Charles Last,,
E3,181,2023-01-16,40.11,Olivia Bain and Charles Last,Olivia Bain and Charles Last,,
E3,182,2023-01-16,33.1,Olivia Bain and Charles Last,Olivia Bain and Charles Last,1,
E3,183,2023-01-16,59.14,Olivia Bain and Charles Last,Olivia Bain and Charles Last,,
E3,184,2023-01-16,59.84,Olivia Bain and Charles Last,Olivia Bain and Charles Last,,
E3,185,2023-01-16,39.15,Olivia Bain and Charles Last,Olivia Bain and Charles Last,,
E3,186,2023-01-16,37.33,Olivia Bain and Charles Last,Olivia Bain and Charles Last,,
E3,187,2023-01-16,42.2,Olivia Bain and Charles Last,Olivia Bain and Charles Last,,
E3,188,2023-01-16,44.18,Olivia Bain and Charles Last,Olivia Bain and Charles Last,,
E3,189,2023-01-16,34.98,Olivia Bain and Charles Last,Olivia Bain and Charles Last,,
E3,190,2023-01-16,43.91,Olivia Bain and Charles Last,Olivia Bain and Charles Last,,
E3,191,2023-01-16,33.19,Olivia Bain and Charles Last,Olivia Bain and Charles Last,1,
E3,192,2023-01-16,39.6,Olivia Bain and Charles Last,Olivia Bain and Charles Last,,
E3,193,2023-01-16,57.62,Olivia Bain and Charles Last,Olivia Bain and Charles Last,,
E3,194,2023-01-16,72.7,Olivia Bain and Charles Last,Olivia Bain and Charles Last,,
E3,195,2023-01-16,53.43,Olivia Bain and Charles Last,Olivia Bain and Charles Last,,
E3,196,2023-01-16,68.66,Olivia Bain and Charles Last,Olivia Bain and Charles Last,,
E3,197,2023-01-16,50.09,Olivia Bain and Charles Last,Olivia Bain and Charles Last,,
E3,198,2023-01-16,37.84,Olivia Bain and Charles Last,Olivia Bain and Charles Last,,
E3,199,2023-01-16,81.43,Olivia Bain and Charles Last,Olivia Bain and Charles Last,,
E3,200,2023-01-16,60.58,Olivia Bain and Charles Last,Olivia Bain and Charles Last,,
E4,1,2023-04-03,32.51,Vivian Nguyen,Gabrielle Janfield,1,
E4,2,2023-04-03,32.90,Vivian Nguyen,Gabrielle Janfield,1,
E4,3,2023-04-03,65.01,Vivian Nguyen,Gabrielle Janfield,,
E4,4,2023-04-03,64.95,Vivian Nguyen,Gabrielle Janfield,,
E4,5,2023-04-03,46.82,Vivian Nguyen,Gabrielle Janfield,,
E4,6,2023-04-03,33.96,Vivian Nguyen,Gabrielle Janfield,,
E4,7,2023-04-03,41.49,Vivian Nguyen,Gabrielle Janfield,,
E4,8,2023-04-03,33.06,Vivian Nguyen,Gabrielle Janfield,1,no fruit 
E4,9,2023-04-03,37.16,Vivian Nguyen,Gabrielle Janfield,,
E4,10,2023-04-03,36.57,Vivian Nguyen,Gabrielle Janfield,,
E4,11,2023-04-03,49.27,Vivian Nguyen,Gabrielle Janfield,,
E4,12,2023-04-03,47.73,Vivian Nguyen,Gabrielle Janfield,,
E4,13,2023-04-03,52.39,Vivian Nguyen,Gabrielle Janfield,,
E4,14,2023-04-05,45.47,Vivian Nguyen,Gabrielle Janfield,,weight w/o pollinator bag: 45.47g; pollinator bag: 5.41g
E4,15,2023-04-05,35.26,Kris Sanchez,Gabrielle Janfield,,
E4,16,2023-04-05,42.12,Vivian Nguyen,Gabrielle Janfield,,
E4,17,2023-04-05,50.55,Kris Sanchez,Gabrielle Janfield,,
E4,18,2023-04-05,49.08,Vivian Nguyen,Gabrielle Janfield,,
E4,19,2023-04-05,43.26,Kris Sanchez,Gabrielle Janfield,,
E4,20,2023-04-05,41.99,Vivian Nguyen,Gabrielle Janfield,,
E4,21,2023-04-05,44.78,Kris Sanchez,Gabrielle Janfield,,
E4,22,2023-04-05,36.85,Kris Sanchez,Gabrielle Janfield,,
E4,23,2023-04-05,37.78,Vivian Nguyen,Gabrielle Janfield,,
E4,24,2023-04-05,40.36,Kris Sanchez,Gabrielle Janfield,,
E4,25,2023-04-05,35.01,Vivian Nguyen,Gabrielle Janfield,,
E4,26,2023-04-05,36.15,Vivian Nguyen,Gabrielle Janfield,,
E4,27,2023-04-05,41.95,Kris Sanchez,Gabrielle Janfield,,
E4,28,2023-04-05,69.54,Vivian Nguyen,Gabrielle Janfield,,
E4,29,2023-04-05,33.98,Kris Sanchez,Gabrielle Janfield,,
E4,30,2023-04-05,47.41,Kris Sanchez,Gabrielle Janfield,,
E4,31,2023-04-05,32.87,Vivian Nguyen,Gabrielle Janfield,1,
E4,32,2023-04-05,38.55,Vivian Nguyen,Gabrielle Janfield,,
E4,33,2023-04-05,46.09,Vivian Nguyen,Gabrielle Janfield,,
E4,34,2023-04-05,52.43,Kris Sanchez,Gabrielle Janfield,,
E4,35,2023-04-05,45.79,Vivian Nguyen,Gabrielle Janfield,,
E4,36,2023-04-05,44.49,Vivian Nguyen,Gabrielle Janfield,,
E4,37,2023-04-05,38.60,Kris Sanchez,Gabrielle Janfield,,
E4,38,2023-04-05,56.68,Vivian Nguyen,Gabrielle Janfield,,
E4,39,2023-04-05,34.17,Kris Sanchez,Gabrielle Janfield,,
E4,40,2023-04-05,36.35,Vivian Nguyen,Gabrielle Janfield,,
E4,41,2023-04-05,35.71,Kris Sanchez,Gabrielle Janfield,,
E4,42,2023-04-05,35.55,Vivian Nguyen,Gabrielle Janfield,,
E4,43,2023-04-05,44.86,Kris Sanchez,Gabrielle Janfield,,
E4,44,2023-04-05,40.95,Vivian Nguyen,Gabrielle Janfield,,
E4,45,2023-04-05,39.46,Vivian Nguyen,Gabrielle Janfield,,
E4,46,2023-04-05,45.26,Vivian Nguyen,Gabrielle Janfield,,
E4,47,2023-04-05,33.07,Kris Sanchez,Gabrielle Janfield,1,no fruit 
E4,48,2023-04-05,35.08,Vivian Nguyen,Gabrielle Janfield,,
E4,49,2023-04-05,39.03,Kris Sanchez,Gabrielle Janfield,,
E4,50,2023-04-05,37.01,Vivian Nguyen,Gabrielle Janfield,,
E4,51,2023-04-27,40.06,Gabrielle Janfield,Gabrielle Janfield,,
E4,52,2023-04-27,49.67,Gabrielle Janfield,Gabrielle Janfield,,
E4,53,2023-04-27,35.44,Gabrielle Janfield,Gabrielle Janfield,,
E4,54,2023-04-27,36.52,Gabrielle Janfield,Gabrielle Janfield,,
E4,55,2023-04-27,40.75,Gabrielle Janfield,Gabrielle Janfield,,
E4,56,2023-04-27,33.24,Gabrielle Janfield,Gabrielle Janfield,,
E4,57,2023-04-27,36.24,Gabrielle Janfield,Gabrielle Janfield,,
E4,58,2023-04-27,33.66,Gabrielle Janfield,Gabrielle Janfield,,
E4,59,2023-04-27,34.12,Gabrielle Janfield,Gabrielle Janfield,,
E4,60,2023-04-27,32.78,Gabrielle Janfield,Gabrielle Janfield,,
E4,61,2023-04-27,33.66,Gabrielle Janfield,Gabrielle Janfield,,
E4,62,2023-04-27,40.78,Gabrielle Janfield,Gabrielle Janfield,,
E4,63,2023-04-27,57.94,Gabrielle Janfield,Gabrielle Janfield,,
E4,64,2023-04-27,33.12,Gabrielle Janfield,Gabrielle Janfield,,
E4,65,2023-04-27,36.97,Gabrielle Janfield,Gabrielle Janfield,,
E4,66,2023-04-27,36.15,Gabrielle Janfield,Gabrielle Janfield,,
E4,67,2023-04-27,33.36,Gabrielle Janfield,Gabrielle Janfield,,
E4,68,2023-04-27,39.30,Gabrielle Janfield,Gabrielle Janfield,,
E4,69,2023-04-27,36.18,Gabrielle Janfield,Gabrielle Janfield,,
E4,70,2023-04-27,38.00,Gabrielle Janfield,Gabrielle Janfield,,
E4,71,2023-04-27,39.84,Gabrielle Janfield,Gabrielle Janfield,,
E4,72,2023-04-27,35.23,Gabrielle Janfield,Gabrielle Janfield,,
E4,73,2023-04-27,55.41,Gabrielle Janfield,Gabrielle Janfield,,
E4,74,2023-04-27,35.23,Gabrielle Janfield,Gabrielle Janfield,,
E4,75,2023-04-27,40.76,Gabrielle Janfield,Gabrielle Janfield,,
E4,76,2023-04-27,33.19,Gabrielle Janfield,Gabrielle Janfield,1,"no fruit, says ""missing"" on bag"
E4,77,2023-04-27,32.94,Gabrielle Janfield,Gabrielle Janfield,1,"no fruit, says ""missing"" on bag"
E4,78,2023-04-27,34.20,Gabrielle Janfield,Gabrielle Janfield,,
E4,79,2023-04-27,34.15,Gabrielle Janfield,Gabrielle Janfield,,
E4,80,2023-04-27,33.33,Gabrielle Janfield,Gabrielle Janfield,,
E4,81,2023-04-27,37.46,Gabrielle Janfield,Gabrielle Janfield,,
E4,82,2023-04-27,33.42,Gabrielle Janfield,Gabrielle Janfield,,
E4,83,2023-04-27,44.98,Gabrielle Janfield,Gabrielle Janfield,,
E4,84,2023-04-27,35.97,Gabrielle Janfield,Gabrielle Janfield,,
E4,85,2023-04-27,36.78,Gabrielle Janfield,Gabrielle Janfield,,
E4,86,2023-04-27,36.28,Gabrielle Janfield,Gabrielle Janfield,,
E4,87,2023-04-27,36.43,Gabrielle Janfield,Gabrielle Janfield,,
E4,88,2023-04-27,35.08,Gabrielle Janfield,Gabrielle Janfield,,
E4,89,2023-04-27,48.01,Gabrielle Janfield,Gabrielle Janfield,,
E4,90,2023-04-27,39.26,Gabrielle Janfield,Gabrielle Janfield,,
E4,91,2023-04-27,46.17,Gabrielle Janfield,Gabrielle Janfield,,
E4,92,2023-04-27,34.38,Gabrielle Janfield,Gabrielle Janfield,,
E4,93,2023-04-27,44.44,Gabrielle Janfield,Gabrielle Janfield,,
E4,94,2023-04-27,34.55,Gabrielle Janfield,Gabrielle Janfield,,
E4,95,2023-04-27,34.44,Gabrielle Janfield,Gabrielle Janfield,,
E4,96,2023-04-27,41.31,Gabrielle Janfield,Gabrielle Janfield,,
E4,97,2023-04-27,42.39,Gabrielle Janfield,Gabrielle Janfield,,
E4,98,2023-04-27,33.27,Gabrielle Janfield,Gabrielle Janfield,1,"no fruits, says ""no fruits"" on bag"
E4,99,2023-04-27,46.20,Gabrielle Janfield,Gabrielle Janfield,,
E4,100,2023-04-27,60.29,Gabrielle Janfield,Gabrielle Janfield,,
E4,101,2023-04-27,47.96,Gabrielle Janfield,Gabrielle Janfield,,
E4,102,2023-04-27,48.51,Gabrielle Janfield,Gabrielle Janfield,,
E4,103,2023-04-27,79.29,Gabrielle Janfield,Gabrielle Janfield,,
E4,104,2023-04-27,46.12,Gabrielle Janfield,Gabrielle Janfield,,
E4,105,2023-04-27,39.25,Gabrielle Janfield,Gabrielle Janfield,,
E4,106,2023-04-27,37.53,Gabrielle Janfield,Gabrielle Janfield,,
E4,107,2023-04-27,37.88,Gabrielle Janfield,Gabrielle Janfield,,
E4,108,2023-04-27,52.27,Gabrielle Janfield,Gabrielle Janfield,,
E4,109,2023-04-27,33.40,Gabrielle Janfield,Gabrielle Janfield,1,"no fruits, says ""no fruits"" on bag"
E4,110,2023-04-27,33.48,Gabrielle Janfield,Gabrielle Janfield,,
E4,111,2023-04-27,41.80,Gabrielle Janfield,Gabrielle Janfield,,
E4,112,2023-04-27,64.35,Gabrielle Janfield,Gabrielle Janfield,,
E4,113,2023-04-27,46.58,Gabrielle Janfield,Gabrielle Janfield,,
E4,114,2023-04-27,33.26,Gabrielle Janfield,Gabrielle Janfield,,
E4,115,2023-04-27,45.41,Gabrielle Janfield,Gabrielle Janfield,,
E4,116,2023-04-27,32.57,Gabrielle Janfield,Gabrielle Janfield,1,"no fruits, says ""no fruits"" on bag"
E4,117,2023-04-27,36.29,Gabrielle Janfield,Gabrielle Janfield,,
E4,118,2023-04-27,45.18,Gabrielle Janfield,Gabrielle Janfield,,
E4,119,2023-04-27,33.64,Gabrielle Janfield,Gabrielle Janfield,,
E4,120,2023-04-27,44.86,Gabrielle Janfield,Gabrielle Janfield,,
E4,121,2023-04-27,49.49,Gabrielle Janfield,Gabrielle Janfield,,
E4,122,2023-04-27,33.03,Gabrielle Janfield,Gabrielle Janfield,1,"""no fruits"""
E4,123,2023-04-27,33.61,Gabrielle Janfield,Gabrielle Janfield,,
E4,124,2023-04-27,41.27,Gabrielle Janfield,Gabrielle Janfield,,
E4,125,2023-04-27,34.76,Gabrielle Janfield,Gabrielle Janfield,,
E4,126,2023-04-27,55.13,Gabrielle Janfield,Gabrielle Janfield,,
E4,127,2023-04-27,39.96,Gabrielle Janfield,Gabrielle Janfield,,
E4,128,2023-04-27,70.42,Gabrielle Janfield,Gabrielle Janfield,,
E4,129,2023-04-27,37.56,Gabrielle Janfield,Gabrielle Janfield,,
E4,130,2023-04-27,33.20,Gabrielle Janfield,Gabrielle Janfield,1,"""no fruits"""
E4,131,2023-04-27,52.52,Gabrielle Janfield,Gabrielle Janfield,,
E4,132,2023-04-27,45.31,Gabrielle Janfield,Gabrielle Janfield,,
E4,133,2023-04-27,33.03,Gabrielle Janfield,Gabrielle Janfield,1,"""no fruits"""
E4,134,2023-04-27,39.06,Gabrielle Janfield,Gabrielle Janfield,,
E4,135,2023-04-27,40.40,Gabrielle Janfield,Gabrielle Janfield,,
E4,136,2023-04-27,51.53,Gabrielle Janfield,Gabrielle Janfield,,
E4,137,2023-04-27,32.55,Gabrielle Janfield,Gabrielle Janfield,1,"""no fruits"""
E4,138,2023-04-27,42.75,Gabrielle Janfield,Gabrielle Janfield,,
E4,139,2023-04-27,35.92,Gabrielle Janfield,Gabrielle Janfield,,
E4,140,2023-04-27,69.24,Gabrielle Janfield,Gabrielle Janfield,,
E4,141,2023-04-27,37.97,Gabrielle Janfield,Gabrielle Janfield,,
E4,142,2023-04-27,39.35,Gabrielle Janfield,Gabrielle Janfield,,
E4,143,2023-04-27,62.75,Gabrielle Janfield,Gabrielle Janfield,,
E4,144,2023-04-27,33.29,Gabrielle Janfield,Gabrielle Janfield,,
E4,145,2023-04-27,32.05,Gabrielle Janfield,Gabrielle Janfield,1,"""no fruits"""
E4,146,2023-04-27,38.68,Gabrielle Janfield,Gabrielle Janfield,,
E4,147,2023-04-27,38.03,Gabrielle Janfield,Gabrielle Janfield,,
E4,148,2023-04-27,52.93,Gabrielle Janfield,Gabrielle Janfield,,
E4,149,2023-04-27,37.41,Gabrielle Janfield,Gabrielle Janfield,,
E4,150,2023-04-27,36.48,Gabrielle Janfield,Gabrielle Janfield,,
E4,151,2023-04-27,41.44,Gabrielle Janfield,Gabrielle Janfield,,
E4,152,2023-04-27,38.24,Gabrielle Janfield,Gabrielle Janfield,,
E4,153,2023-04-27,33.99,Gabrielle Janfield,Gabrielle Janfield,,
E4,154,2023-04-27,40.78,Gabrielle Janfield,Gabrielle Janfield,,
E4,155,2023-04-27,33.02,Gabrielle Janfield,Gabrielle Janfield,1,"no fruits, ""missing"" on bag"
E4,156,2023-04-27,32.77,Gabrielle Janfield,Gabrielle Janfield,1,"no fruits, ""missing"" on bag"
E4,157,2023-04-27,35.51,Gabrielle Janfield,Gabrielle Janfield,,
E4,158,2023-04-27,63.71,Gabrielle Janfield,Gabrielle Janfield,,
E4,159,2023-04-27,33.13,Gabrielle Janfield,Gabrielle Janfield,,"""tiny fruit"" on bag"
E4,160,2023-04-27,41.06,Gabrielle Janfield,Gabrielle Janfield,,
E4,161,2023-04-27,40.66,Gabrielle Janfield,Gabrielle Janfield,,
E4,162,2023-04-27,39.31,Gabrielle Janfield,Gabrielle Janfield,,
E4,163,2023-04-27,37.77,Gabrielle Janfield,Gabrielle Janfield,,
E4,164,2023-04-27,35.84,Gabrielle Janfield,Gabrielle Janfield,,
E4,165,2023-04-27,39.67,Gabrielle Janfield,Gabrielle Janfield,,
E4,166,2023-04-27,45.43,Gabrielle Janfield,Gabrielle Janfield,,
E4,167,2023-04-27,37.63,Gabrielle Janfield,Gabrielle Janfield,,
E4,168,2023-04-27,38.01,Gabrielle Janfield,Gabrielle Janfield,,
E4,169,2023-04-27,40.24,Gabrielle Janfield,Gabrielle Janfield,,
E4,170,2023-04-27,54.84,Gabrielle Janfield,Gabrielle Janfield,,
E4,171,2023-04-27,38.93,Gabrielle Janfield,Gabrielle Janfield,,
E4,172,2023-04-27,33.55,Gabrielle Janfield,Gabrielle Janfield,,
E4,173,2023-04-27,43.75,Gabrielle Janfield,Gabrielle Janfield,,
E4,174,2023-04-27,38.10,Gabrielle Janfield,Gabrielle Janfield,,
E4,175,2023-04-27,91.64,Gabrielle Janfield,Gabrielle Janfield,,
E4,176,2023-04-27,34.08,Gabrielle Janfield,Gabrielle Janfield,,
E4,177,2023-04-27,48.25,Gabrielle Janfield,Gabrielle Janfield,,
E4,178,2023-04-27,34.85,Gabrielle Janfield,Gabrielle Janfield,,
E4,179,2023-04-27,39.58,Gabrielle Janfield,Gabrielle Janfield,,
E4,180,2023-04-27,33.01,Gabrielle Janfield,Gabrielle Janfield,1,"no fruits, ""missing"" on bag"
E4,181,2023-04-27,48.78,Gabrielle Janfield,Gabrielle Janfield,,"""pollinator bag"" on bag"
E4,182,2023-04-27,35.42,Gabrielle Janfield,Gabrielle Janfield,,"""pollinator bag"" on bag"
E4,183,2023-04-27,56.48,Gabrielle Janfield,Gabrielle Janfield,,
E4,184,2023-04-27,40.56,Gabrielle Janfield,Gabrielle Janfield,,
E4,185,2023-04-27,59.20,Gabrielle Janfield,Gabrielle Janfield,,
E4,186,2023-04-27,33.09,Gabrielle Janfield,Gabrielle Janfield,1,"""no fruits"""
E4,187,2023-04-27,50.64,Gabrielle Janfield,Gabrielle Janfield,,
E4,188,2023-04-27,70.72,Gabrielle Janfield,Gabrielle Janfield,,
E4,189,2023-04-27,33.57,Gabrielle Janfield,Gabrielle Janfield,,
E4,190,2023-04-27,37.09,Gabrielle Janfield,Gabrielle Janfield,,
E4,191,2023-04-27,40.37,Gabrielle Janfield,Gabrielle Janfield,,
E4,192,2023-04-27,37.84,Gabrielle Janfield,Gabrielle Janfield,,
E4,193,2023-04-27,41.20,Gabrielle Janfield,Gabrielle Janfield,,
E4,194,2023-04-27,51.20,Gabrielle Janfield,Gabrielle Janfield,,
E4,195,2023-04-27,40.20,Gabrielle Janfield,Gabrielle Janfield,,
E4,196,2023-04-27,57.15,Gabrielle Janfield,Gabrielle Janfield,,"""pollinator bag"""
E4,197,2023-04-27,39.37,Gabrielle Janfield,Gabrielle Janfield,,
E4,198,2023-04-27,32.57,Gabrielle Janfield,Gabrielle Janfield,1,"""no fruits"""
E4,199,2023-04-27,49.89,Gabrielle Janfield,Gabrielle Janfield,,
E4,200,2023-04-27,50.46,Gabrielle Janfield,Gabrielle Janfield,,
E4,201,2023-04-27,32.41,Gabrielle Janfield,Gabrielle Janfield,1,"""no fruits"", empty bag: 32.41g"
E5,1,2023-04-10,44.85,Vivian Nguyen,Gabrielle Janfield,,
E5,2,,36.07,Vivian Nguyen,Gabrielle Janfield,,
E5,3,2023-04-10,36.67,Vivian Nguyen,Gabrielle Janfield,,
E5,4,2023-04-10,35.27,Vivian Nguyen,Gabrielle Janfield,,
E5,5,2023-04-10,35.76,Vivian Nguyen,Gabrielle Janfield,,
E5,6,2023-04-10,50.65,Vivian Nguyen,Gabrielle Janfield,,
E5,7,2023-04-10,31.78,Vivian Nguyen,Gabrielle Janfield,1,
E5,8,2023-04-10,43.63,Vivian Nguyen,Gabrielle Janfield,,
E5,9,2023-04-10,43.56,Vivian Nguyen,Gabrielle Janfield,,
E5,10,2023-04-10,39.19,Vivian Nguyen,Gabrielle Janfield,,
E5,11,2023-04-10,44.43,Vivian Nguyen,Gabrielle Janfield,,
E5,12,2023-04-10,37.95,Vivian Nguyen,Gabrielle Janfield,,
E5,13,2023-04-10,42.34,Vivian Nguyen,Gabrielle Janfield,,
E5,14,2023-04-10,31.99,Vivian Nguyen,Gabrielle Janfield,,
E5,15,2023-04-10,36.38,Vivian Nguyen,Gabrielle Janfield,,
E5,16,2023-04-10,34.30,Vivian Nguyen,Gabrielle Janfield,,
E5,17,2023-04-10,40.56,Vivian Nguyen,Gabrielle Janfield,,
E5,18,2023-04-10,32.98,Vivian Nguyen,Gabrielle Janfield,,
E5,19,2023-04-10,43.47,Vivian Nguyen,Gabrielle Janfield,,
E5,20,2023-04-10,33.59,Vivian Nguyen,Gabrielle Janfield,,
E5,21,2023-04-10,51.36,Vivian Nguyen,Gabrielle Janfield,,
E5,22,2023-04-10,32.83,Vivian Nguyen,Gabrielle Janfield,,
E5,23,2023-04-10,37.83,Vivian Nguyen,Gabrielle Janfield,,
E5,24,2023-04-10,34.95,Vivian Nguyen,Gabrielle Janfield,,
E5,25,2023-04-10,33.95,Vivian Nguyen,Gabrielle Janfield,,
E5,26,2023-04-10,35.20,Vivian Nguyen,Gabrielle Janfield,,
E5,27,2023-04-10,36.06,Vivian Nguyen,Gabrielle Janfield,,
E5,28,2023-04-10,42.52,Vivian Nguyen,Gabrielle Janfield,,
E5,29,2023-04-10,34.25,Vivian Nguyen,Gabrielle Janfield,,
E5,30,2023-04-10,31.83,Vivian Nguyen,Gabrielle Janfield,1,
E5,31,2023-04-10,40.18,Vivian Nguyen,Gabrielle Janfield,,
E5,32,2023-04-10,31.57,Vivian Nguyen,Gabrielle Janfield,1,
E5,33,2023-04-10,38.65,Vivian Nguyen,Gabrielle Janfield,,
E5,34,2023-04-10,39.57,Vivian Nguyen,Gabrielle Janfield,,
E5,35,2023-04-10,40.91,Vivian Nguyen,Gabrielle Janfield,,
E5,36,2023-04-10,34.65,Vivian Nguyen,Gabrielle Janfield,,
E5,37,2023-04-10,36.20,Vivian Nguyen,Gabrielle Janfield,,
E5,38,2023-04-10,32.54,Vivian Nguyen,Gabrielle Janfield,,
E5,39,2023-04-10,41.69,Vivian Nguyen,Gabrielle Janfield,,
E5,40,2023-04-10,37.73,Vivian Nguyen,Gabrielle Janfield,,
E5,41,2023-04-10,34.07,Vivian Nguyen,Gabrielle Janfield,,
E5,42,2023-04-10,33.54,Vivian Nguyen,Gabrielle Janfield,,
E5,43,2023-04-10,31.85,Vivian Nguyen,Gabrielle Janfield,1,
E5,44,2023-04-10,33.85,Vivian Nguyen,Gabrielle Janfield,,
E5,45,2023-04-10,33.03,Vivian Nguyen,Gabrielle Janfield,,
E5,46,2023-04-10,51.10,Vivian Nguyen,Gabrielle Janfield,,
E5,47,2023-04-10,32.54,Vivian Nguyen,Gabrielle Janfield,1,"""NF"""
E5,48,2023-04-10,47.69,Vivian Nguyen,Gabrielle Janfield,,
E5,49,2023-04-10,32.75,Vivian Nguyen,Gabrielle Janfield,1,"NF, empty bag E5 1-50 = 32.67g"
E5,50,2023-04-10,36.16,Vivian Nguyen,Gabrielle Janfield,,
E5,51,2023-04-10,46.10,Vivian Nguyen,Gabrielle Janfield,,
E5,52,2023-04-10,47.02,Vivian Nguyen,Gabrielle Janfield,,
E5,53,2023-04-10,32.46,Vivian Nguyen,Gabrielle Janfield,1,
E5,54,2023-04-10,34.84,Vivian Nguyen,Gabrielle Janfield,,
E5,55,2023-04-10,32.99,Vivian Nguyen,Gabrielle Janfield,,
E5,56,2023-04-10,44.36,Vivian Nguyen,Gabrielle Janfield,,
E5,57,2023-04-10,38.79,Vivian Nguyen,Gabrielle Janfield,,
E5,58,2023-04-10,32.36,Vivian Nguyen,Gabrielle Janfield,1,
E5,59,2023-04-10,36.32,Vivian Nguyen,Gabrielle Janfield,,
E5,60,2023-04-10,37.35,Vivian Nguyen,Gabrielle Janfield,,
E5,61,2023-04-10,42.76,Vivian Nguyen,Gabrielle Janfield,,
E5,62,2023-04-10,34.60,Vivian Nguyen,Gabrielle Janfield,,
E5,63,2023-04-10,34.13,Vivian Nguyen,Gabrielle Janfield,,
E5,64,2023-04-10,39.66,Vivian Nguyen,Gabrielle Janfield,,
E5,65,2023-04-10,31.93,Vivian Nguyen,Gabrielle Janfield,1,
E5,66,2023-04-10,32.43,Vivian Nguyen,Gabrielle Janfield,1,
E5,67,2023-04-10,32.18,Vivian Nguyen,Gabrielle Janfield,1,
E5,68,2023-04-10,33.32,Vivian Nguyen,Gabrielle Janfield,,
E5,69,2023-04-10,43.77,Vivian Nguyen,Gabrielle Janfield,,
E5,70,2023-04-10,32.43,Vivian Nguyen,Gabrielle Janfield,,
E5,71,2023-04-10,52.93,Vivian Nguyen,Gabrielle Janfield,,
E5,72,2023-04-10,37.14,Vivian Nguyen,Gabrielle Janfield,,
E5,73,2023-04-10,39.45,Vivian Nguyen,Gabrielle Janfield,,
E5,74,2023-04-10,32.77,Vivian Nguyen,Gabrielle Janfield,1,NF
E5,75,2023-04-10,46.92,Vivian Nguyen,Gabrielle Janfield,,
E5,76,2023-04-10,38.86,Vivian Nguyen,Gabrielle Janfield,,
E5,77,2023-04-10,37.02,Vivian Nguyen,Gabrielle Janfield,,
E5,78,2023-04-10,32.34,Vivian Nguyen,Gabrielle Janfield,1,
E5,79,2023-04-10,34.02,Vivian Nguyen,Gabrielle Janfield,,
E5,80,2023-04-10,34.50,Vivian Nguyen,Gabrielle Janfield,,
E5,81,2023-04-10,32.29,Vivian Nguyen,Gabrielle Janfield,1,
E5,82,2023-04-10,33.14,Vivian Nguyen,Gabrielle Janfield,,
E5,83,2023-04-10,31.73,Vivian Nguyen,Gabrielle Janfield,1,
E5,84,2023-04-10,31.95,Vivian Nguyen,Gabrielle Janfield,1,
E5,85,2023-04-10,36.06,Vivian Nguyen,Gabrielle Janfield,,
E5,86,2023-04-10,35.27,Vivian Nguyen,Gabrielle Janfield,,
E5,87,2023-04-10,32.91,Vivian Nguyen,Gabrielle Janfield,,
E5,88,2023-04-10,38.83,Vivian Nguyen,Gabrielle Janfield,,
E5,89,2023-04-10,32.25,Vivian Nguyen,Gabrielle Janfield,1,NF
E5,90,2023-04-10,31.43,Vivian Nguyen,Gabrielle Janfield,1,NF
E5,91,2023-04-10,44.21,Vivian Nguyen,Gabrielle Janfield,,
E5,92,2023-04-10,36.12,Vivian Nguyen,Gabrielle Janfield,,
E5,93,2023-04-10,35.97,Vivian Nguyen,Gabrielle Janfield,,
E5,94,2023-04-10,39.01,Vivian Nguyen,Gabrielle Janfield,,
E5,95,2023-04-10,32.06,Vivian Nguyen,Gabrielle Janfield,1,NF
E5,96,2023-04-10,32.52,Vivian Nguyen,Gabrielle Janfield,,
E5,97,2023-04-10,34.27,Vivian Nguyen,Gabrielle Janfield,,
E5,98,2023-04-10,46.83,Vivian Nguyen,Gabrielle Janfield,,
E5,99,2023-04-10,59.53,Vivian Nguyen,Gabrielle Janfield,,
E5,100,2023-04-10,61.24,Vivian Nguyen,Gabrielle Janfield,,E5 51-100 empty bag + debris = 34.02g
E5,101,2023-04-10,54.62,Vivian Nguyen,Gabrielle Janfield,,
E5,102,2023-04-10,32.77,Vivian Nguyen,Gabrielle Janfield,,
E5,103,2023-04-10,76.37,Vivian Nguyen,Gabrielle Janfield,,
E5,104,2023-04-10,31.60,Vivian Nguyen,Gabrielle Janfield,1,
E5,105,2023-04-10,40.77,Vivian Nguyen,Gabrielle Janfield,,
E5,106,2023-04-10,32.33,Vivian Nguyen,Gabrielle Janfield,1,
E5,107,2023-04-10,33.98,Vivian Nguyen,Gabrielle Janfield,,
E5,108,2023-04-10,32.15,Vivian Nguyen,Gabrielle Janfield,1,
E5,109,2023-04-10,41.04,Vivian Nguyen,Gabrielle Janfield,,
E5,110,2023-04-10,32.04,Vivian Nguyen,Gabrielle Janfield,1,
E5,111,2023-04-10,63.48,Vivian Nguyen,Gabrielle Janfield,,
E5,112,2023-04-10,32.24,Vivian Nguyen,Gabrielle Janfield,,
E5,113,2023-04-10,47.99,Vivian Nguyen,Gabrielle Janfield,,
E5,114,2023-04-10,32.65,Vivian Nguyen,Gabrielle Janfield,,
E5,115,2023-04-10,47.26,Vivian Nguyen,Gabrielle Janfield,,
E5,116,2023-04-10,37.14,Vivian Nguyen,Gabrielle Janfield,,
E5,117,2023-04-10,34.37,Vivian Nguyen,Gabrielle Janfield,,
E5,118,2023-04-10,54.65,Vivian Nguyen,Gabrielle Janfield,,
E5,119,2023-04-10,32.04,Vivian Nguyen,Gabrielle Janfield,,
E5,120,2023-04-10,38.17,Vivian Nguyen,Gabrielle Janfield,,
E5,121,2023-04-10,37.53,Vivian Nguyen,Gabrielle Janfield,,
E5,122,2023-04-10,39.79,Vivian Nguyen,Gabrielle Janfield,,
E5,123,2023-04-10,42.16,Vivian Nguyen,Gabrielle Janfield,,
E5,124,2023-04-10,32.68,Vivian Nguyen,Gabrielle Janfield,1,NF
E5,125,2023-04-10,38.34,Vivian Nguyen,Gabrielle Janfield,,
E5,126,2023-04-10,38.28,Vivian Nguyen,Gabrielle Janfield,,
E5,127,2023-04-10,32.66,Vivian Nguyen,Gabrielle Janfield,,
E5,128,2023-04-10,49.30,Vivian Nguyen,Gabrielle Janfield,,
E5,129,2023-04-10,35.70,Vivian Nguyen,Gabrielle Janfield,,
E5,130,2023-04-10,33.68,Vivian Nguyen,Gabrielle Janfield,,
E5,131,2023-04-10,37.69,Vivian Nguyen,Gabrielle Janfield,,
E5,132,2023-04-10,32.56,Vivian Nguyen,Gabrielle Janfield,,
E5,133,2023-04-10,32.44,Vivian Nguyen,Gabrielle Janfield,1,
E5,134,2023-04-10,35.09,Vivian Nguyen,Gabrielle Janfield,,
E5,135,2023-04-10,32.45,Vivian Nguyen,Gabrielle Janfield,1,
E5,136,2023-04-10,40.53,Vivian Nguyen,Gabrielle Janfield,,
E5,137,2023-04-10,49.78,Vivian Nguyen,Gabrielle Janfield,,
E5,138,2023-04-10,36.79,Vivian Nguyen,Gabrielle Janfield,,
E5,139,2023-04-10,36.70,Vivian Nguyen,Gabrielle Janfield,,
E5,140,2023-04-10,32.73,Vivian Nguyen,Gabrielle Janfield,,
E5,141,2023-04-10,33.64,Vivian Nguyen,Gabrielle Janfield,,
E5,142,2023-04-10,37.90,Vivian Nguyen,Gabrielle Janfield,,
E5,143,2023-04-10,35.50,Vivian Nguyen,Gabrielle Janfield,,
E5,144,2023-04-10,35.30,Vivian Nguyen,Gabrielle Janfield,,
E5,145,2023-04-10,43.23,Vivian Nguyen,Gabrielle Janfield,,
E5,146,2023-04-10,32.50,Vivian Nguyen,Gabrielle Janfield,1,
E5,147,2023-04-10,34.33,Vivian Nguyen,Gabrielle Janfield,,
E5,148,2023-04-10,46.75,Vivian Nguyen,Gabrielle Janfield,,
E5,149,2023-04-10,33.10,Vivian Nguyen,Gabrielle Janfield,1,
E5,150,2023-04-10,32.76,Vivian Nguyen,Gabrielle Janfield,,NF / Box E5 101-150 empty bag = 32.76
E5,151,2023-04-10,38.69,Vivian Nguyen,Gabrielle Janfield,,
E5,152,2023-04-10,32.50,Vivian Nguyen,Gabrielle Janfield,,
E5,153,2023-04-10,48.42,Vivian Nguyen,Gabrielle Janfield,,
E5,154,2023-04-10,32.42,Vivian Nguyen,Gabrielle Janfield,,
E5,155,2023-04-10,33.28,Vivian Nguyen,Gabrielle Janfield,,
E5,156,2023-04-10,54.01,Vivian Nguyen,Gabrielle Janfield,,
E5,157,2023-04-10,33.36,Vivian Nguyen,Gabrielle Janfield,,
E5,158,2023-04-10,35.18,Vivian Nguyen,Gabrielle Janfield,,
E5,159,2023-04-10,33.62,Vivian Nguyen,Gabrielle Janfield,,
E5,160,2023-04-10,35.02,Vivian Nguyen,Gabrielle Janfield,,
E5,161,2023-04-10,45.25,Vivian Nguyen,Gabrielle Janfield,,
E5,162,2023-04-10,32.58,Vivian Nguyen,Gabrielle Janfield,1,NF
E5,163,2023-04-10,42.04,Vivian Nguyen,Gabrielle Janfield,,
E5,164,2023-04-10,34.43,Vivian Nguyen,Gabrielle Janfield,,
E5,165,2023-04-10,41.65,Vivian Nguyen,Gabrielle Janfield,,
E5,166,2023-04-10,32.32,Vivian Nguyen,Gabrielle Janfield,1,NF
E5,167,2023-04-10,32.87,Vivian Nguyen,Gabrielle Janfield,1,NF
E5,168,2023-04-10,46.84,Vivian Nguyen,Gabrielle Janfield,,
E5,169,2023-04-10,32.43,Vivian Nguyen,Gabrielle Janfield,1,NF
E5,170,2023-04-10,73.73,Vivian Nguyen,Gabrielle Janfield,,double bag - empty outside bag = 32.36g 
E5,171,2023-04-10,37.63,Vivian Nguyen,Gabrielle Janfield,,
E5,172,2023-04-10,32.40,Vivian Nguyen,Gabrielle Janfield,1,
E5,173,2023-04-10,34.50,Vivian Nguyen,Gabrielle Janfield,,
E5,174,2023-04-10,39.09,Vivian Nguyen,Gabrielle Janfield,,
E5,175,2023-04-10,32.42,Vivian Nguyen,Gabrielle Janfield,1,
E5,176,2023-04-10,34.12,Vivian Nguyen,Gabrielle Janfield,,
E5,177,2023-04-11,32.11,Kris Sanchez,Gabrielle Janfield,1,
E5,178,2023-04-11,32.30,Kris Sanchez,Gabrielle Janfield,1,no fruit
E5,179,2023-04-11,40.90,Kris Sanchez,Gabrielle Janfield,,
E5,180,2023-04-11,38.37,Kris Sanchez,Gabrielle Janfield,,
E5,181,2023-04-11,39.15,Kris Sanchez,Gabrielle Janfield,,
E5,182,2023-04-11,39.96,Kris Sanchez,Gabrielle Janfield,,
E5,183,2023-04-11,56.09,Kris Sanchez,Gabrielle Janfield,,
E5,184,2023-04-11,32.32,Kris Sanchez,Gabrielle Janfield,1,
E5,185,2023-04-11,33.33,Kris Sanchez,Gabrielle Janfield,,
E5,186,2023-04-11,42.39,Kris Sanchez,Gabrielle Janfield,,
E5,187,2023-04-11,32.64,Kris Sanchez,Gabrielle Janfield,,
E5,188,2023-04-11,34.13,Kris Sanchez,Gabrielle Janfield,,
E5,189,2023-04-11,38.20,Kris Sanchez,Gabrielle Janfield,,
E5,190,2023-04-11,32.13,Kris Sanchez,Gabrielle Janfield,1,
E5,191,2023-04-11,59.15,Kris Sanchez,Gabrielle Janfield,,
E5,192,2023-04-11,32.39,Kris Sanchez,Gabrielle Janfield,1,
E5,193,2023-04-11,32.95,Kris Sanchez,Gabrielle Janfield,1,no fruit 
E5,194,2023-04-11,36.42,Kris Sanchez,Gabrielle Janfield,,
E5,195,2023-04-11,31.91,Kris Sanchez,Gabrielle Janfield,1,
E5,196,2023-04-11,34.08,Kris Sanchez,Gabrielle Janfield,,
E5,197,2023-04-11,34.72,Kris Sanchez,Gabrielle Janfield,,
E5,198,2023-04-11,43.56,Kris Sanchez,Gabrielle Janfield,,
E5,199,2023-04-11,49.76,Kris Sanchez,Gabrielle Janfield,,
E5,200,2023-04-11,51.85,Kris Sanchez,Gabrielle Janfield,,
E6,1,2023-01-13,94.86,Olivia Bain and Charles Last,Charles Last,,
E6,2,2023-01-13,34.29,Olivia Bain and Charles Last,Charles Last,,
E6,3,2023-01-13,38.57,Olivia Bain and Charles Last,Charles Last,,
E6,4,2023-01-13,33.37,Olivia Bain and Charles Last,Charles Last,,
E6,5,2023-01-13,56.73,Olivia Bain and Charles Last,Charles Last,,
E6,6,2023-01-13,34.59,Olivia Bain and Charles Last,Charles Last,,
E6,7,2023-01-13,38.19,Olivia Bain and Charles Last,Charles Last,,
E6,8,2023-01-13,35.35,Olivia Bain and Charles Last,Charles Last,,
E6,9,2023-01-13,35.04,Olivia Bain and Charles Last,Charles Last,,
E6,10,2023-01-13,33.15,Olivia Bain and Charles Last,Charles Last,,
E6,11,2023-01-13,56.7,Olivia Bain and Charles Last,Charles Last,,
E6,12,2023-01-13,34.45,Olivia Bain and Charles Last,Charles Last,,
E6,13,2023-01-13,31.11,Olivia Bain and Charles Last,Charles Last,,
E6,14,2023-01-13,40.36,Olivia Bain and Charles Last,Charles Last,,
E6,15,2023-01-13,72.47,Olivia Bain and Charles Last,Charles Last,,
E6,16,2023-01-13,35.08,Olivia Bain and Charles Last,Charles Last,,
E6,17,2023-01-13,43.75,Olivia Bain and Charles Last,Charles Last,,
E6,18,2023-01-13,45.21,Olivia Bain and Charles Last,Charles Last,,
E6,19,2023-01-13,43.65,Olivia Bain and Charles Last,Charles Last,,
E6,20,2023-01-13,33.01,Olivia Bain and Charles Last,Charles Last,1,
E6,21,2023-01-13,44.85,Olivia Bain and Charles Last,Charles Last,,
E6,22,2023-01-13,38.04,Olivia Bain and Charles Last,Charles Last,,
E6,23,2023-01-13,39.4,Olivia Bain and Charles Last,Charles Last,,
E6,24,2023-01-13,34.19,Olivia Bain and Charles Last,Charles Last,,
E6,25,2023-01-13,39.8,Olivia Bain and Charles Last,Charles Last,,
E6,26,2023-01-13,41.4,Olivia Bain and Charles Last,Charles Last,,
E6,27,2023-01-13,38,Olivia Bain and Charles Last,Charles Last,,
E6,28,2023-01-13,55.24,Olivia Bain and Charles Last,Charles Last,,
E6,29,2023-01-13,35.51,Olivia Bain and Charles Last,Charles Last,,
E6,30,2023-01-13,41.82,Olivia Bain and Charles Last,Charles Last,,
E6,31,2023-01-13,44.28,Olivia Bain and Charles Last,Charles Last,,
E6,32,2023-01-13,42.08,Olivia Bain and Charles Last,Charles Last,,
E6,33,2023-01-13,43.47,Olivia Bain and Charles Last,Charles Last,,
E6,34,2023-01-13,35.18,Olivia Bain and Charles Last,Charles Last,,
E6,35,2023-01-13,44.43,Olivia Bain and Charles Last,Charles Last,,
E6,36,2023-01-13,62.72,Olivia Bain and Charles Last,Charles Last,,
E6,37,2023-01-13,37.61,Olivia Bain and Charles Last,Charles Last,,
E6,38,2023-01-13,39.2,Olivia Bain and Charles Last,Charles Last,,
E6,39,2023-01-13,43.25,Olivia Bain and Charles Last,Charles Last,1,
E6,40,2023-01-13,38.58,Olivia Bain and Charles Last,Charles Last,,
E6,41,2023-01-13,33.87,Olivia Bain and Charles Last,Charles Last,,
E6,42,2023-01-13,43.19,Olivia Bain and Charles Last,Charles Last,,
E6,43,2023-01-13,43.32,Olivia Bain and Charles Last,Charles Last,,
E6,44,2023-01-13,36.98,Olivia Bain and Charles Last,Charles Last,,
E6,45,2023-01-13,39.11,Olivia Bain and Charles Last,Charles Last,,
E6,46,2023-01-13,42.04,Olivia Bain and Charles Last,Charles Last,,
E6,47,2023-01-13,36.68,Olivia Bain and Charles Last,Charles Last,,
E6,48,2023-01-13,35.32,Olivia Bain and Charles Last,Charles Last,,
E6,49,2023-01-13,40.9,Olivia Bain and Charles Last,Charles Last,,
E6,50,2023-01-13,62.65,Olivia Bain and Charles Last,Charles Last,,
E6,51,2023-01-13,55.87,Olivia Bain and Charles Last,Charles Last,,
E6,52,2023-01-13,33.66,Olivia Bain and Charles Last,Charles Last,,
E6,53,2023-01-13,40.13,Olivia Bain and Charles Last,Charles Last,,
E6,54,2023-01-13,41.96,Olivia Bain and Charles Last,Charles Last,,
E6,55,2023-01-13,33.41,Olivia Bain and Charles Last,Charles Last,1,
E6,56,2023-01-13,40.02,Olivia Bain and Charles Last,Charles Last,,
E6,57,2023-01-13,35.52,Olivia Bain and Charles Last,Charles Last,,
E6,58,2023-01-13,50.7,Olivia Bain and Charles Last,Charles Last,,
E6,59,2023-01-13,43.84,Olivia Bain and Charles Last,Charles Last,,
E6,60,2023-01-13,41.84,Olivia Bain and Charles Last,Charles Last,,
E6,61,2023-01-13,46.23,Olivia Bain and Charles Last,Charles Last,,
E6,62,2023-01-13,46.34,Olivia Bain and Charles Last,Charles Last,,
E6,63,2023-01-13,46.1,Olivia Bain and Charles Last,Charles Last,,
E6,64,2023-01-13,33,Olivia Bain and Charles Last,Charles Last,1,
E6,65,2023-01-13,41.76,Olivia Bain and Charles Last,Charles Last,,
E6,66,2023-01-13,43.06,Olivia Bain and Charles Last,Charles Last,,
E6,67,2023-01-13,36.87,Olivia Bain and Charles Last,Charles Last,,
E6,68,2023-01-13,48.31,Olivia Bain and Charles Last,Charles Last,,
E6,69,2023-01-13,39.75,Olivia Bain and Charles Last,Charles Last,,
E6,70,2023-01-13,34.48,Olivia Bain and Charles Last,Charles Last,,
E6,71,2023-01-13,47.7,Olivia Bain and Charles Last,Charles Last,,
E6,72,2023-01-13,34.08,Olivia Bain and Charles Last,Charles Last,,
E6,73,2023-01-13,48.74,Olivia Bain and Charles Last,Charles Last,,
E6,74,2023-01-13,32.83,Olivia Bain and Charles Last,Charles Last,1,
E6,75,2023-01-13,39.53,Olivia Bain and Charles Last,Charles Last,,
E6,76,2023-01-13,34.42,Olivia Bain and Charles Last,Charles Last,,
E6,77,2023-01-13,46.42,Olivia Bain and Charles Last,Charles Last,,
E6,78,2023-01-13,41.82,Olivia Bain and Charles Last,Charles Last,,
E6,79,2023-01-13,60.54,Olivia Bain and Charles Last,Charles Last,,
E6,80,2023-01-13,36.42,Olivia Bain and Charles Last,Charles Last,,
E6,81,2023-01-13,31.57,Olivia Bain and Charles Last,Charles Last,,
E6,82,2023-01-13,51.05,Olivia Bain and Charles Last,Charles Last,,
E6,83,2023-01-13,54.87,Olivia Bain and Charles Last,Charles Last,,
E6,84,2023-01-13,34.23,Olivia Bain and Charles Last,Charles Last,,
E6,85,2023-01-13,41.06,Olivia Bain and Charles Last,Charles Last,,
E6,86,2023-01-13,52.34,Olivia Bain and Charles Last,Charles Last,,
E6,87,2023-01-13,37.77,Olivia Bain and Charles Last,Charles Last,,
E6,88,2023-01-13,40.56,Olivia Bain and Charles Last,Charles Last,,
E6,89,2023-01-13,56.11,Olivia Bain and Charles Last,Charles Last,,
E6,90,2023-01-13,48.44,Olivia Bain and Charles Last,Charles Last,,
E6,91,2023-01-13,35.8,Olivia Bain and Charles Last,Charles Last,,
E6,92,2023-01-13,46.11,Olivia Bain and Charles Last,Charles Last,,
E6,93,2023-01-13,35.94,Olivia Bain and Charles Last,Charles Last,,
E6,94,2023-01-13,33.41,Olivia Bain and Charles Last,Charles Last,,
E6,95,2023-01-13,36.6,Olivia Bain and Charles Last,Charles Last,,
E6,96,2023-01-13,43.15,Olivia Bain and Charles Last,Charles Last,,
E6,97,2023-01-13,33.83,Olivia Bain and Charles Last,Charles Last,,
E6,98,2023-01-13,62.84,Olivia Bain and Charles Last,Charles Last,,
E6,99,2023-01-13,86.25,Olivia Bain and Charles Last,Charles Last,,
E6,100,2023-01-13,95.45,Olivia Bain and Charles Last,Charles Last,,
E6,101,2023-01-13,52.55,Olivia Bain and Charles Last,Charles Last,,
E6,102,2023-01-13,37.51,Olivia Bain and Charles Last,Charles Last,,
E6,103,2023-01-13,33.97,Olivia Bain and Charles Last,Charles Last,,
E6,104,2023-01-13,51.3,Olivia Bain and Charles Last,Charles Last,,
E6,105,2023-01-13,61.26,Olivia Bain and Charles Last,Charles Last,,
E6,106,2023-01-13,48.98,Olivia Bain and Charles Last,Charles Last,,
E6,107,2023-01-13,37.01,Olivia Bain and Charles Last,Charles Last,,
E6,108,2023-01-13,58.45,Olivia Bain and Charles Last,Charles Last,,
E6,109,2023-01-13,44.26,Olivia Bain and Charles Last,Charles Last,,
E6,110,2023-01-13,42.82,Olivia Bain and Charles Last,Charles Last,,
E6,111,2023-01-13,51.61,Olivia Bain and Charles Last,Charles Last,,
E6,112,2023-01-13,77.75,Olivia Bain and Charles Last,Charles Last,,
E6,113,2023-01-13,42.16,Olivia Bain and Charles Last,Charles Last,,
E6,114,2023-01-13,49.29,Olivia Bain and Charles Last,Charles Last,,
E6,115,2023-01-13,46.85,Olivia Bain and Charles Last,Charles Last,,
E6,116,2023-01-13,44.85,Olivia Bain and Charles Last,Charles Last,,
E6,117,2023-01-13,37.4,Olivia Bain and Charles Last,Charles Last,,
E6,118,2023-01-13,36.87,Olivia Bain and Charles Last,Charles Last,,
E6,119,2023-01-13,47.15,Olivia Bain and Charles Last,Charles Last,,
E6,120,2023-01-13,59.98,Olivia Bain and Charles Last,Charles Last,,
E6,121,2023-01-13,45.67,Olivia Bain and Charles Last,Charles Last,,
E6,122,2023-01-13,45.3,Olivia Bain and Charles Last,Charles Last,,
E6,123,2023-01-13,88.04,Olivia Bain and Charles Last,Charles Last,,
E6,124,2023-01-13,37.64,Olivia Bain and Charles Last,Charles Last,,
E6,125,2023-01-13,37.37,Olivia Bain and Charles Last,Charles Last,,
E6,126,2023-01-13,34.96,Olivia Bain and Charles Last,Charles Last,,
E6,127,2023-01-13,33.67,Olivia Bain and Charles Last,Charles Last,,
E6,128,2023-01-13,48.04,Olivia Bain and Charles Last,Charles Last,,
E6,129,2023-01-13,35.9,Olivia Bain and Charles Last,Charles Last,,
E6,130,2023-01-13,65.54,Olivia Bain and Charles Last,Charles Last,,
E6,131,2023-01-13,49.63,Olivia Bain and Charles Last,Charles Last,,
E6,132,2023-01-13,51.96,Olivia Bain and Charles Last,Charles Last,,
E6,133,2023-01-13,42.76,Olivia Bain and Charles Last,Charles Last,,
E6,134,2023-01-13,32.73,Olivia Bain and Charles Last,Charles Last,1,
E6,135,2023-01-13,34.38,Olivia Bain and Charles Last,Charles Last,,
E6,136,2023-01-13,39.01,Olivia Bain and Charles Last,Charles Last,,
E6,137,2023-01-13,38.87,Olivia Bain and Charles Last,Charles Last,,
E6,138,2023-01-13,46.89,Olivia Bain and Charles Last,Charles Last,,
E6,139,2023-01-13,32.66,Olivia Bain and Charles Last,Charles Last,1,
E6,140,2023-01-13,46.84,Olivia Bain and Charles Last,Charles Last,,
E6,141,2023-01-13,40.51,Olivia Bain and Charles Last,Charles Last,,
E6,142,2023-01-13,42.48,Olivia Bain and Charles Last,Charles Last,,
E6,143,2023-01-13,50.96,Olivia Bain and Charles Last,Charles Last,,
E6,144,2023-01-13,39.59,Olivia Bain and Charles Last,Charles Last,,
E6,145,2023-01-13,48.53,Olivia Bain and Charles Last,Charles Last,,
E6,146,2023-01-13,36.34,Olivia Bain and Charles Last,Charles Last,,
E6,147,2023-01-13,47.42,Olivia Bain and Charles Last,Charles Last,,
E6,148,2023-01-13,38.91,Olivia Bain and Charles Last,Charles Last,,
E6,149,2023-01-13,35.02,Olivia Bain and Charles Last,Charles Last,,
E6,150,2023-01-13,44.85,Olivia Bain and Charles Last,Charles Last,,
E6,151,2023-01-16,35.63,Olivia Bain and Charles Last,Olivia Bain and Charles Last,,
E6,152,2023-01-16,38.87,Olivia Bain and Charles Last,Olivia Bain and Charles Last,,
E6,153,2023-01-16,58.16,Olivia Bain and Charles Last,Olivia Bain and Charles Last,,
E6,154,2023-01-16,32.5,Olivia Bain and Charles Last,Olivia Bain and Charles Last,1,
E6,155,2023-01-16,70.7,Olivia Bain and Charles Last,Olivia Bain and Charles Last,,
E6,156,2023-01-16,38.34,Olivia Bain and Charles Last,Olivia Bain and Charles Last,,
E6,157,2023-01-16,41.48,Olivia Bain and Charles Last,Olivia Bain and Charles Last,,
E6,158,2023-01-16,35.34,Olivia Bain and Charles Last,Olivia Bain and Charles Last,,
E6,159,2023-01-16,48.71,Olivia Bain and Charles Last,Olivia Bain and Charles Last,,
E6,160,2023-01-16,48.24,Olivia Bain and Charles Last,Olivia Bain and Charles Last,,
E6,161,2023-01-16,37.28,Olivia Bain and Charles Last,Olivia Bain and Charles Last,,
E6,162,2023-01-16,33.1,Olivia Bain and Charles Last,Olivia Bain and Charles Last,,
E6,163,2023-01-16,49.93,Olivia Bain and Charles Last,Olivia Bain and Charles Last,,
E6,164,2023-01-16,37.43,Olivia Bain and Charles Last,Olivia Bain and Charles Last,,
E6,165,2023-01-16,32.8,Olivia Bain and Charles Last,Olivia Bain and Charles Last,,
E6,166,2023-01-16,38.43,Olivia Bain and Charles Last,Olivia Bain and Charles Last,,
E6,167,2023-01-16,38.18,Olivia Bain and Charles Last,Olivia Bain and Charles Last,,
E6,168,2023-01-16,35,Olivia Bain and Charles Last,Olivia Bain and Charles Last,,
E6,169,2023-01-16,46.89,Olivia Bain and Charles Last,Olivia Bain and Charles Last,,
E6,170,2023-01-16,34.96,Olivia Bain and Charles Last,Olivia Bain and Charles Last,,
E6,171,2023-01-16,52.36,Olivia Bain and Charles Last,Olivia Bain and Charles Last,,
E6,172,2023-01-16,62.69,Olivia Bain and Charles Last,Olivia Bain and Charles Last,,
E6,173,2023-01-16,45.44,Olivia Bain and Charles Last,Olivia Bain and Charles Last,,
E6,174,2023-01-16,38.69,Olivia Bain and Charles Last,Olivia Bain and Charles Last,,
E6,175,2023-01-16,45.1,Olivia Bain and Charles Last,Olivia Bain and Charles Last,,
E6,176,2023-01-16,36.88,Olivia Bain and Charles Last,Olivia Bain and Charles Last,,
E6,177,2023-01-16,36.82,Olivia Bain and Charles Last,Olivia Bain and Charles Last,,
E6,178,2023-01-16,40.46,Olivia Bain and Charles Last,Olivia Bain and Charles Last,,
E6,179,2023-01-16,37.77,Olivia Bain and Charles Last,Olivia Bain and Charles Last,,
E6,180,2023-01-16,37.3,Olivia Bain and Charles Last,Olivia Bain and Charles Last,,
E6,181,2023-01-16,38.17,Olivia Bain and Charles Last,Olivia Bain and Charles Last,,
E6,182,2023-01-16,36.79,Olivia Bain and Charles Last,Olivia Bain and Charles Last,,
E6,183,2023-01-16,39.96,Olivia Bain and Charles Last,Olivia Bain and Charles Last,,
E6,184,2023-01-16,37.54,Olivia Bain and Charles Last,Olivia Bain and Charles Last,,
E6,185,2023-01-16,36.63,Olivia Bain and Charles Last,Olivia Bain and Charles Last,,
E6,186,2023-01-16,39.09,Olivia Bain and Charles Last,Olivia Bain and Charles Last,,
E6,187,2023-01-16,34.86,Olivia Bain and Charles Last,Olivia Bain and Charles Last,,
E6,188,2023-01-16,44.07,Olivia Bain and Charles Last,Olivia Bain and Charles Last,,
E6,189,2023-01-16,34.36,Olivia Bain and Charles Last,Olivia Bain and Charles Last,,
E6,190,2023-01-16,43.85,Olivia Bain and Charles Last,Olivia Bain and Charles Last,,
E6,191,2023-01-16,33.06,Olivia Bain and Charles Last,Olivia Bain and Charles Last,,
E6,192,2023-01-16,52.14,Olivia Bain and Charles Last,Olivia Bain and Charles Last,,
E6,193,2023-01-16,37.47,Olivia Bain and Charles Last,Olivia Bain and Charles Last,,
E6,194,2023-01-16,34.58,Olivia Bain and Charles Last,Olivia Bain and Charles Last,,
E6,195,2023-01-16,42.41,Olivia Bain and Charles Last,Olivia Bain and Charles Last,,
E6,196,2023-01-16,41.87,Olivia Bain and Charles Last,Olivia Bain and Charles Last,,
E6,197,2023-01-16,42.8,Olivia Bain and Charles Last,Olivia Bain and Charles Last,,
E6,198,2023-01-16,49.46,Olivia Bain and Charles Last,Olivia Bain and Charles Last,,
E6,199,2023-01-16,38,Olivia Bain and Charles Last,Olivia Bain and Charles Last,,
E6,200,2023-01-16,51.03,Olivia Bain and Charles Last,Olivia Bain and Charles Last,,
E9,1,2023-01-16,33.67,Olivia Bain and Charles Last,Olivia Bain and Charles Last,,
E9,2,2023-01-16,41.17,Olivia Bain and Charles Last,Olivia Bain and Charles Last,,
E9,3,2023-01-16,44.29,Olivia Bain and Charles Last,Olivia Bain and Charles Last,,
E9,4,2023-01-16,40.67,Olivia Bain and Charles Last,Olivia Bain and Charles Last,,
E9,5,2023-01-16,38.45,Olivia Bain and Charles Last,Olivia Bain and Charles Last,,
E9,6,2023-01-16,44.6,Olivia Bain and Charles Last,Olivia Bain and Charles Last,,
E9,7,2023-01-16,43.47,Olivia Bain and Charles Last,Olivia Bain and Charles Last,,
E9,8,2023-01-16,38.07,Olivia Bain and Charles Last,Olivia Bain and Charles Last,,
E9,9,2023-01-16,46.96,Olivia Bain and Charles Last,Olivia Bain and Charles Last,,
E9,10,2023-01-16,41.25,Olivia Bain and Charles Last,Olivia Bain and Charles Last,,
E9,11,2023-01-16,54.79,Olivia Bain and Charles Last,Olivia Bain and Charles Last,,
E9,12,2023-01-16,45.95,Olivia Bain and Charles Last,Olivia Bain and Charles Last,,
E9,13,2023-01-16,32.99,Olivia Bain and Charles Last,Olivia Bain and Charles Last,,
E9,14,2023-01-16,53.56,Olivia Bain and Charles Last,Olivia Bain and Charles Last,,
E9,15,2023-01-16,32.69,Olivia Bain and Charles Last,Olivia Bain and Charles Last,1,
E9,16,2023-01-16,102.26,Olivia Bain and Charles Last,Olivia Bain and Charles Last,,
E9,17,2023-01-16,47.69,Olivia Bain and Charles Last,Olivia Bain and Charles Last,,
E9,18,2023-01-16,35.38,Olivia Bain and Charles Last,Olivia Bain and Charles Last,,
E9,19,2023-01-16,36.36,Olivia Bain and Charles Last,Olivia Bain and Charles Last,,
E9,20,2023-01-16,42.36,Olivia Bain and Charles Last,Olivia Bain and Charles Last,,
E9,21,2023-01-16,32.53,Olivia Bain and Charles Last,Olivia Bain and Charles Last,1,
E9,22,2023-01-16,47.78,Olivia Bain and Charles Last,Olivia Bain and Charles Last,,
E9,23,2023-01-16,42.21,Olivia Bain and Charles Last,Olivia Bain and Charles Last,,
E9,24,2023-01-16,32.35,Olivia Bain and Charles Last,Olivia Bain and Charles Last,1,
E9,25,2023-01-16,40.1,Olivia Bain and Charles Last,Olivia Bain and Charles Last,,
E9,26,2023-01-16,33.49,Olivia Bain and Charles Last,Olivia Bain and Charles Last,,
E9,27,2023-01-16,33.94,Olivia Bain and Charles Last,Olivia Bain and Charles Last,,
E9,28,2023-01-16,37.18,Olivia Bain and Charles Last,Olivia Bain and Charles Last,,
E9,29,2023-01-16,46.68,Olivia Bain and Charles Last,Olivia Bain and Charles Last,,
E9,30,2023-01-16,43.64,Olivia Bain and Charles Last,Olivia Bain and Charles Last,,
E9,31,2023-01-16,38.32,Olivia Bain and Charles Last,Olivia Bain and Charles Last,,
E9,32,2023-01-16,34.66,Olivia Bain and Charles Last,Olivia Bain and Charles Last,,
E9,33,2023-01-16,41.15,Olivia Bain and Charles Last,Olivia Bain and Charles Last,,
E9,34,2023-01-16,42.52,Olivia Bain and Charles Last,Olivia Bain and Charles Last,,
E9,35,2023-01-16,32.75,Olivia Bain and Charles Last,Olivia Bain and Charles Last,,
E9,36,2023-01-16,41.37,Olivia Bain and Charles Last,Olivia Bain and Charles Last,,
E9,37,2023-01-16,32.37,Olivia Bain and Charles Last,Olivia Bain and Charles Last,1,
E9,38,2023-01-16,40.98,Olivia Bain and Charles Last,Olivia Bain and Charles Last,,
E9,39,2023-01-16,32.15,Olivia Bain and Charles Last,Olivia Bain and Charles Last,1,
E9,40,2023-01-16,33.6,Olivia Bain and Charles Last,Olivia Bain and Charles Last,,
E9,41,2023-01-16,34.88,Olivia Bain and Charles Last,Olivia Bain and Charles Last,,
E9,42,2023-01-16,34.9,Olivia Bain and Charles Last,Olivia Bain and Charles Last,,
E9,43,2023-01-16,32.31,Olivia Bain and Charles Last,Olivia Bain and Charles Last,1,
E9,44,2023-01-16,46.01,Olivia Bain and Charles Last,Olivia Bain and Charles Last,,
E9,45,2023-01-16,32.09,Olivia Bain and Charles Last,Olivia Bain and Charles Last,1,
E9,46,2023-01-16,32.01,Olivia Bain and Charles Last,Olivia Bain and Charles Last,1,
E9,47,2023-01-16,32.33,Olivia Bain and Charles Last,Olivia Bain and Charles Last,,
E9,48,2023-01-16,38.75,Olivia Bain and Charles Last,Olivia Bain and Charles Last,,
E9,49,2023-01-16,39.72,Olivia Bain and Charles Last,Olivia Bain and Charles Last,,
E9,50,2023-01-16,39.76,Olivia Bain and Charles Last,Olivia Bain and Charles Last,,
E9,51,2023-01-16,33.1,Olivia Bain and Charles Last,Olivia Bain and Charles Last,,
E9,52,2023-01-16,33.04,Olivia Bain and Charles Last,Olivia Bain and Charles Last,,
E9,53,2023-01-16,31.71,Olivia Bain and Charles Last,Olivia Bain and Charles Last,1,
E9,54,2023-01-16,32.38,Olivia Bain and Charles Last,Olivia Bain and Charles Last,1,
E9,55,2023-01-16,33.52,Olivia Bain and Charles Last,Olivia Bain and Charles Last,,
E9,56,2023-01-16,32.52,Olivia Bain and Charles Last,Olivia Bain and Charles Last,,
E9,57,2023-01-16,32.04,Olivia Bain and Charles Last,Olivia Bain and Charles Last,1,
E9,58,2023-01-16,31.42,Olivia Bain and Charles Last,Olivia Bain and Charles Last,1,
E9,59,2023-01-16,32.17,Olivia Bain and Charles Last,Olivia Bain and Charles Last,,
E9,60,2023-01-16,40.39,Olivia Bain and Charles Last,Olivia Bain and Charles Last,,
E9,61,2023-01-16,63.14,Olivia Bain and Charles Last,Olivia Bain and Charles Last,,
E9,62,2023-01-16,32.3,Olivia Bain and Charles Last,Olivia Bain and Charles Last,,
E9,63,2023-01-16,37.92,Olivia Bain and Charles Last,Olivia Bain and Charles Last,,
E9,64,2023-01-16,35.59,Olivia Bain and Charles Last,Olivia Bain and Charles Last,,
E9,65,2023-01-16,48.18,Olivia Bain and Charles Last,Olivia Bain and Charles Last,,
E9,66,2023-01-16,32.22,Olivia Bain and Charles Last,Olivia Bain and Charles Last,1,
E9,67,2023-01-16,40.9,Olivia Bain and Charles Last,Olivia Bain and Charles Last,,
E9,68,2023-01-16,41.32,Olivia Bain and Charles Last,Olivia Bain and Charles Last,,
E9,69,2023-01-16,31.84,Olivia Bain and Charles Last,Olivia Bain and Charles Last,1,
E9,70,2023-01-16,32.54,Olivia Bain and Charles Last,Olivia Bain and Charles Last,,
E9,71,2023-01-16,56.49,Olivia Bain and Charles Last,Olivia Bain and Charles Last,,
E9,72,2023-01-16,31.98,Olivia Bain and Charles Last,Olivia Bain and Charles Last,1,
E9,73,2023-01-16,31.71,Olivia Bain and Charles Last,Olivia Bain and Charles Last,1,
E9,74,2023-01-16,38.74,Olivia Bain and Charles Last,Olivia Bain and Charles Last,,
E9,75,2023-01-16,31.92,Olivia Bain and Charles Last,Olivia Bain and Charles Last,1,
E9,76,2023-01-16,31.88,Olivia Bain and Charles Last,Olivia Bain and Charles Last,1,
E9,77,2023-01-16,31.77,Olivia Bain and Charles Last,Olivia Bain and Charles Last,,
E9,78,2023-01-16,39.22,Olivia Bain and Charles Last,Olivia Bain and Charles Last,,
E9,79,2023-01-16,31.82,Olivia Bain and Charles Last,Olivia Bain and Charles Last,1,
E9,80,2023-01-16,34.24,Olivia Bain and Charles Last,Olivia Bain and Charles Last,,
E9,81,2023-01-16,35.15,Olivia Bain and Charles Last,Olivia Bain and Charles Last,,
E9,82,2023-01-16,36.68,Olivia Bain and Charles Last,Olivia Bain and Charles Last,,
E9,83,2023-01-16,35.96,Olivia Bain and Charles Last,Olivia Bain and Charles Last,,
E9,84,2023-01-16,43.24,Olivia Bain and Charles Last,Olivia Bain and Charles Last,,
E9,85,2023-01-16,33.58,Olivia Bain and Charles Last,Olivia Bain and Charles Last,,
E9,86,2023-01-16,57.29,Olivia Bain and Charles Last,Olivia Bain and Charles Last,,
E9,87,2023-01-16,48.08,Olivia Bain and Charles Last,Olivia Bain and Charles Last,,
E9,88,2023-01-16,32.4,Olivia Bain and Charles Last,Olivia Bain and Charles Last,,
E9,89,2023-01-16,32.6,Olivia Bain and Charles Last,Olivia Bain and Charles Last,,
E9,90,2023-01-16,47.6,Olivia Bain and Charles Last,Olivia Bain and Charles Last,,
E9,91,2023-01-16,31.81,Olivia Bain and Charles Last,Olivia Bain and Charles Last,,
E9,92,2023-01-16,33.07,Olivia Bain and Charles Last,Olivia Bain and Charles Last,,
E9,93,2023-01-16,33.42,Olivia Bain and Charles Last,Olivia Bain and Charles Last,,
E9,94,2023-01-16,55.43,Olivia Bain and Charles Last,Olivia Bain and Charles Last,,
E9,95,2023-01-16,37.26,Olivia Bain and Charles Last,Olivia Bain and Charles Last,,
E9,96,2023-01-16,64,Olivia Bain and Charles Last,Olivia Bain and Charles Last,,
E9,97,2023-01-16,45.19,Olivia Bain and Charles Last,Olivia Bain and Charles Last,,
E9,98,2023-01-16,75.65,Olivia Bain and Charles Last,Olivia Bain and Charles Last,,
E9,99,2023-01-16,52.52,Olivia Bain and Charles Last,Olivia Bain and Charles Last,,
E9,100,2023-01-16,43.06,Olivia Bain and Charles Last,Olivia Bain and Charles Last,,
E9,101,2023-01-16,45.3,Olivia Bain and Charles Last,Olivia Bain and Charles Last,,
E9,102,2023-01-16,38.19,Olivia Bain and Charles Last,Olivia Bain and Charles Last,,
E9,103,2023-01-16,76.44,Olivia Bain and Charles Last,Olivia Bain and Charles Last,,
E9,104,2023-01-16,54.76,Olivia Bain and Charles Last,Olivia Bain and Charles Last,,
E9,105,2023-01-16,38.71,Olivia Bain and Charles Last,Olivia Bain and Charles Last,,
E9,106,2023-01-16,35.77,Olivia Bain and Charles Last,Olivia Bain and Charles Last,,
E9,107,2023-01-16,37.6,Olivia Bain and Charles Last,Olivia Bain and Charles Last,,
E9,108,2023-01-16,32.7,Olivia Bain and Charles Last,Olivia Bain and Charles Last,,
E9,109,2023-01-16,33.09,Olivia Bain and Charles Last,Olivia Bain and Charles Last,,
E9,110,2023-01-16,32.55,Olivia Bain and Charles Last,Olivia Bain and Charles Last,,
E9,111,2023-01-16,33.54,Olivia Bain and Charles Last,Olivia Bain and Charles Last,,
E9,112,2023-01-16,32.39,Olivia Bain and Charles Last,Olivia Bain and Charles Last,1,
E9,113,2023-01-16,43.96,Olivia Bain and Charles Last,Olivia Bain and Charles Last,,
E9,114,2023-01-16,35.31,Olivia Bain and Charles Last,Olivia Bain and Charles Last,,
E9,115,2023-01-16,37.45,Olivia Bain and Charles Last,Olivia Bain and Charles Last,,
E9,116,2023-01-16,32.41,Olivia Bain and Charles Last,Olivia Bain and Charles Last,1,
E9,117,2023-01-16,51.37,Olivia Bain and Charles Last,Olivia Bain and Charles Last,,
E9,118,2023-01-16,32.95,Olivia Bain and Charles Last,Olivia Bain and Charles Last,1,
E9,119,2023-01-16,32.72,Olivia Bain and Charles Last,Olivia Bain and Charles Last,,
E9,120,2023-01-16,34.15,Olivia Bain and Charles Last,Olivia Bain and Charles Last,,
E9,121,2023-01-16,32.96,Olivia Bain and Charles Last,Olivia Bain and Charles Last,,
E9,122,2023-01-16,32.89,Olivia Bain and Charles Last,Olivia Bain and Charles Last,,
E9,123,2023-01-16,34.99,Olivia Bain and Charles Last,Olivia Bain and Charles Last,,
E9,124,2023-01-16,33.26,Olivia Bain and Charles Last,Olivia Bain and Charles Last,,
E9,125,2023-01-16,35.6,Olivia Bain and Charles Last,Olivia Bain and Charles Last,,
E9,126,2023-01-16,32.97,Olivia Bain and Charles Last,Olivia Bain and Charles Last,1,
E9,127,2023-01-16,33.29,Olivia Bain and Charles Last,Olivia Bain and Charles Last,,
E9,128,2023-01-16,67.39,Olivia Bain and Charles Last,Olivia Bain and Charles Last,,
E9,129,2023-01-16,34.55,Olivia Bain and Charles Last,Olivia Bain and Charles Last,,
E9,130,2023-01-16,34.54,Olivia Bain and Charles Last,Olivia Bain and Charles Last,,
E9,131,2023-01-16,33.33,Olivia Bain and Charles Last,Olivia Bain and Charles Last,,
E9,132,2023-01-16,37.02,Olivia Bain and Charles Last,Olivia Bain and Charles Last,,
E9,133,2023-01-16,32.32,Olivia Bain and Charles Last,Olivia Bain and Charles Last,1,
E9,134,2023-01-16,32.24,Olivia Bain and Charles Last,Olivia Bain and Charles Last,1,
E9,135,2023-01-16,32.52,Olivia Bain and Charles Last,Olivia Bain and Charles Last,1,
E9,136,2023-01-16,32.4,Olivia Bain and Charles Last,Olivia Bain and Charles Last,,
E9,137,2023-01-16,31.76,Olivia Bain and Charles Last,Olivia Bain and Charles Last,1,
E9,138,2023-01-16,34.76,Olivia Bain and Charles Last,Olivia Bain and Charles Last,,
E9,139,2023-01-16,32.52,Olivia Bain and Charles Last,Olivia Bain and Charles Last,1,
E9,140,2023-01-16,57.76,Olivia Bain and Charles Last,Olivia Bain and Charles Last,,
E9,141,2023-01-16,32.03,Olivia Bain and Charles Last,Olivia Bain and Charles Last,1,
E9,142,2023-01-16,32.49,Olivia Bain and Charles Last,Olivia Bain and Charles Last,1,
E9,143,2023-01-16,33.45,Olivia Bain and Charles Last,Olivia Bain and Charles Last,,
E9,144,2023-01-16,33.05,Olivia Bain and Charles Last,Olivia Bain and Charles Last,,
E9,145,2023-01-16,58.7,Olivia Bain and Charles Last,Olivia Bain and Charles Last,,
E9,146,2023-01-16,36.35,Olivia Bain and Charles Last,Olivia Bain and Charles Last,,
E9,147,2023-01-16,32.13,Olivia Bain and Charles Last,Olivia Bain and Charles Last,1,
E9,148,2023-01-16,32.03,Olivia Bain and Charles Last,Olivia Bain and Charles Last,1,
E9,149,2023-01-16,32.44,Olivia Bain and Charles Last,Olivia Bain and Charles Last,,
E9,150,2023-01-16,35.66,Olivia Bain and Charles Last,Olivia Bain and Charles Last,,
E9,151,2023-01-16,32.91,Olivia Bain and Charles Last,Olivia Bain and Charles Last,,
E9,152,2023-01-16,36.31,Olivia Bain and Charles Last,Olivia Bain and Charles Last,,
E9,153,2023-01-16,50.05,Olivia Bain and Charles Last,Olivia Bain and Charles Last,,
E9,154,2023-01-16,35.41,Olivia Bain and Charles Last,Olivia Bain and Charles Last,,
E9,155,2023-01-16,32.6,Olivia Bain and Charles Last,Olivia Bain and Charles Last,1,
E9,156,2023-01-16,38.7,Olivia Bain and Charles Last,Olivia Bain and Charles Last,,
E9,157,2023-01-16,32.37,Olivia Bain and Charles Last,Olivia Bain and Charles Last,,
E9,158,2023-01-16,36.71,Olivia Bain and Charles Last,Olivia Bain and Charles Last,,
E9,159,2023-01-16,32.05,Olivia Bain and Charles Last,Olivia Bain and Charles Last,1,
E9,160,2023-01-16,35.85,Olivia Bain and Charles Last,Olivia Bain and Charles Last,,
E9,161,2023-01-16,33.51,Olivia Bain and Charles Last,Olivia Bain and Charles Last,,
E9,162,2023-01-16,33.4,Olivia Bain and Charles Last,Olivia Bain and Charles Last,,
E9,163,2023-01-16,33.17,Olivia Bain and Charles Last,Olivia Bain and Charles Last,,
E9,164,2023-01-16,32.5,Olivia Bain and Charles Last,Olivia Bain and Charles Last,,
E9,165,2023-01-16,36.12,Olivia Bain and Charles Last,Olivia Bain and Charles Last,,
E9,166,2023-01-16,32.48,Olivia Bain and Charles Last,Olivia Bain and Charles Last,,
E9,167,2023-01-16,32.22,Olivia Bain and Charles Last,Olivia Bain and Charles Last,,
E9,168,2023-01-16,53.68,Olivia Bain and Charles Last,Olivia Bain and Charles Last,,
E9,169,2023-01-16,33.52,Olivia Bain and Charles Last,Olivia Bain and Charles Last,,
E9,170,2023-01-16,34.74,Olivia Bain and Charles Last,Olivia Bain and Charles Last,,
E9,171,2023-01-16,32.71,Olivia Bain and Charles Last,Olivia Bain and Charles Last,,
E9,172,2023-01-16,36.14,Olivia Bain and Charles Last,Olivia Bain and Charles Last,,
E9,173,2023-01-16,81.9,Olivia Bain and Charles Last,Olivia Bain and Charles Last,,
E9,174,2023-01-16,33.41,Olivia Bain and Charles Last,Olivia Bain and Charles Last,,
E9,175,2023-01-16,42.04,Olivia Bain and Charles Last,Olivia Bain and Charles Last,,
E9,176,2023-01-16,32.27,Olivia Bain and Charles Last,Olivia Bain and Charles Last,,
E9,177,2023-01-16,39.03,Olivia Bain and Charles Last,Olivia Bain and Charles Last,,
E9,178,2023-01-16,37.57,Olivia Bain and Charles Last,Olivia Bain and Charles Last,,
E9,179,2023-01-16,37.65,Olivia Bain and Charles Last,Olivia Bain and Charles Last,,
E9,180,2023-01-16,44.85,Olivia Bain and Charles Last,Olivia Bain and Charles Last,,
E9,181,2023-01-16,52.6,Olivia Bain and Charles Last,Olivia Bain and Charles Last,,
E9,182,2023-01-16,41.25,Olivia Bain and Charles Last,Olivia Bain and Charles Last,,
E9,183,2023-01-16,34.65,Olivia Bain and Charles Last,Olivia Bain and Charles Last,,
E9,184,2023-01-16,61.98,Olivia Bain and Charles Last,Olivia Bain and Charles Last,,
E9,185,2023-01-16,50.09,Olivia Bain and Charles Last,Olivia Bain and Charles Last,,
E9,186,2023-01-16,38.54,Olivia Bain and Charles Last,Olivia Bain and Charles Last,,
E9,187,2023-01-16,41.13,Olivia Bain and Charles Last,Olivia Bain and Charles Last,,
E9,188,2023-01-16,43.98,Olivia Bain and Charles Last,Olivia Bain and Charles Last,,
E9,189,2023-01-16,40.54,Olivia Bain and Charles Last,Olivia Bain and Charles Last,,
E9,190,2023-01-16,46.74,Olivia Bain and Charles Last,Olivia Bain and Charles Last,,
E9,191,2023-01-16,31.73,Olivia Bain and Charles Last,Olivia Bain and Charles Last,1,
E9,192,2023-01-16,34.57,Olivia Bain and Charles Last,Olivia Bain and Charles Last,,
E9,193,2023-01-16,35.22,Olivia Bain and Charles Last,Olivia Bain and Charles Last,,
E9,194,2023-01-16,33.49,Olivia Bain and Charles Last,Olivia Bain and Charles Last,,
E9,195,2023-01-16,66.26,Olivia Bain and Charles Last,Olivia Bain and Charles Last,,
E9,196,2023-01-16,38.4,Olivia Bain and Charles Last,Olivia Bain and Charles Last,,
E9,197,2023-01-16,31.56,Olivia Bain and Charles Last,Olivia Bain and Charles Last,,
E9,198,2023-01-16,42.39,Olivia Bain and Charles Last,Olivia Bain and Charles Last,,
E9,199,2023-01-16,33.89,Olivia Bain and Charles Last,Olivia Bain and Charles Last,,
E9,200,2023-01-16,31.65,Olivia Bain and Charles Last,Olivia Bain and Charles Last,1,
E9,201,2023-01-16,65.92,Olivia Bain and Charles Last,Olivia Bain and Charles Last,,
E9,202,2023-01-16,40.93,Olivia Bain and Charles Last,Olivia Bain and Charles Last,,
E10,1,2023-05-05,48.69,Mia Akbar,Mia Akbar,,
E10,2,2023-05-05,41.17,Mia Akbar,Mia Akbar,,
E10,3,2023-05-05,57.18,Mia Akbar,Mia Akbar,,
E10,4,2023-05-05,35.61,Mia Akbar,Mia Akbar,,
E10,5,2023-05-05,62.26,Mia Akbar,Mia Akbar,,
E10,6,2023-05-05,37.31,Mia Akbar,Mia Akbar,,
E10,7,2023-05-05,36.87,Mia Akbar,Mia Akbar,,
E10,8,2023-05-05,56.42,Mia Akbar,Mia Akbar,,
E10,9,2023-05-05,35.76,Mia Akbar,Mia Akbar,,
E10,10,2023-05-05,44.32,Mia Akbar,Mia Akbar,,
E10,11,2023-05-05,40.85,Mia Akbar,Mia Akbar,,
E10,12,2023-05-05,41.04,Mia Akbar,Mia Akbar,,
E10,13,2023-05-05,41.82,Mia Akbar,Mia Akbar,,
E10,14,2023-05-05,42.02,Mia Akbar,Mia Akbar,,
E10,15,2023-05-05,44.16,Mia Akbar,Mia Akbar,,
E10,16,2023-05-05,43.03,Mia Akbar,Mia Akbar,,
E10,17,2023-05-05,42.4,Mia Akbar,Mia Akbar,,
E10,18,2023-05-05,40.15,Mia Akbar,Mia Akbar,,
E10,19,2023-05-05,47.81,Mia Akbar,Mia Akbar,,
E10,20,2023-05-05,42.28,Mia Akbar,Mia Akbar,,
E10,21,2023-05-05,45.22,Mia Akbar,Mia Akbar,,
E10,22,2023-05-05,46.1,Mia Akbar,Mia Akbar,,
E10,23,2023-05-05,40.27,Mia Akbar,Mia Akbar,,
E10,24,2023-05-05,35.81,Mia Akbar,Mia Akbar,,
E10,25,2023-05-05,41,Mia Akbar,Mia Akbar,,
E10,26,2023-05-05,34.84,Mia Akbar,Mia Akbar,,
E10,27,2023-05-05,45.59,Mia Akbar,Mia Akbar,,
E10,28,2023-05-05,33.74,Mia Akbar,Mia Akbar,,
E10,29,2023-05-05,37.7,Mia Akbar,Mia Akbar,,
E10,30,2023-05-05,39.55,Mia Akbar,Mia Akbar,,
E10,31,2023-05-05,39.9,Mia Akbar,Mia Akbar,,
E10,32,2023-05-05,32.95,Mia Akbar,Mia Akbar,1,no fruit
E10,33,2023-05-05,42.73,Mia Akbar,Mia Akbar,,
E10,34,2023-05-05,35.83,Mia Akbar,Mia Akbar,,
E10,35,2023-05-05,76.77,Mia Akbar,Mia Akbar,,
E10,36,2023-05-05,42.06,Mia Akbar,Mia Akbar,,
E10,37,2023-05-05,35.09,Mia Akbar,Mia Akbar,,
E10,38,2023-05-05,39.94,Mia Akbar,Mia Akbar,,
E10,39,2023-05-05,34.02,Mia Akbar,Mia Akbar,,
E10,40,2023-05-05,33.67,Mia Akbar,Mia Akbar,,
E10,41,2023-05-05,35.7,Mia Akbar,Mia Akbar,,
E10,42,2023-05-05,37.83,Mia Akbar,Mia Akbar,,
E10,43,2023-05-05,34.74,Mia Akbar,Mia Akbar,,
E10,44,2023-05-05,35.52,Mia Akbar,Mia Akbar,,
E10,45,2023-05-05,32.87,Mia Akbar,Mia Akbar,1,no fruit
E10,46,2023-05-05,43.17,Mia Akbar,Mia Akbar,,
E10,47,2023-05-05,37.64,Mia Akbar,Mia Akbar,,
E10,48,2023-05-05,42.14,Mia Akbar,Mia Akbar,,
E10,49,2023-05-05,38.23,Mia Akbar,Mia Akbar,,
E10,50,2023-05-05,65.1,Mia Akbar,Mia Akbar,,
E10,51,2023-05-05,84.48,Mia Akbar,Mia Akbar,,
E10,52,2023-05-05,43.55,Mia Akbar,Mia Akbar,,
E10,53,2023-05-05,46.67,Mia Akbar,Mia Akbar,,
E10,54,2023-05-05,37.91,Mia Akbar,Mia Akbar,,
E10,55,2023-05-05,34.39,Mia Akbar,Mia Akbar,,
E10,56,2023-05-05,56.65,Mia Akbar,Mia Akbar,,
E10,57,2023-05-05,35.53,Mia Akbar,Mia Akbar,,
E10,58,2023-05-05,45.78,Mia Akbar,Mia Akbar,,
E10,59,2023-05-05,59.15,Mia Akbar,Mia Akbar,,
E10,60,2023-05-05,40.81,Mia Akbar,Mia Akbar,,
E10,61,2023-05-05,43.22,Mia Akbar,Mia Akbar,,
E10,62,2023-05-05,36.88,Mia Akbar,Mia Akbar,,
E10,63,2023-05-05,62.8,Mia Akbar,Mia Akbar,,
E10,64,2023-05-05,48.18,Mia Akbar,Mia Akbar,,
E10,65,2023-05-05,59.28,Mia Akbar,Mia Akbar,,
E10,66,2023-05-05,38.41,Mia Akbar,Mia Akbar,,
E10,67,2023-05-05,47.2,Mia Akbar,Mia Akbar,,
E10,68,2023-05-05,43.9,Mia Akbar,Mia Akbar,,
E10,69,2023-05-05,34.82,Mia Akbar,Mia Akbar,,
E10,70,2023-05-05,41.33,Mia Akbar,Mia Akbar,,
E10,71,2023-05-05,63.67,Mia Akbar,Mia Akbar,,
E10,72,2023-05-05,37.08,Mia Akbar,Mia Akbar,,
E10,73,2023-05-05,36.19,Mia Akbar,Mia Akbar,,
E10,74,2023-05-05,38.87,Mia Akbar,Mia Akbar,,
E10,75,2023-05-05,44.58,Mia Akbar,Mia Akbar,,
E10,76,2023-05-05,41.17,Mia Akbar,Mia Akbar,,
E10,77,2023-05-05,35.04,Mia Akbar,Mia Akbar,,
E10,78,2023-05-05,48.69,Mia Akbar,Mia Akbar,,
E10,79,2023-05-05,44.34,Mia Akbar,Mia Akbar,,
E10,80,2023-05-05,41.63,Mia Akbar,Mia Akbar,,
E10,81,2023-05-05,39.88,Mia Akbar,Mia Akbar,,
E10,82,2023-05-05,40.79,Mia Akbar,Mia Akbar,,
E10,83,2023-05-05,36.09,Mia Akbar,Mia Akbar,,
E10,84,2023-05-05,36.05,Mia Akbar,Mia Akbar,,
E10,85,2023-05-05,34.83,Mia Akbar,Mia Akbar,,
E10,86,2023-05-05,33.52,Mia Akbar,Mia Akbar,,
E10,87,2023-05-05,33.02,Mia Akbar,Mia Akbar,1,missing
E10,88,2023-05-05,37.33,Mia Akbar,Mia Akbar,,
E10,89,2023-05-05,50.39,Mia Akbar,Mia Akbar,,
E10,90,2023-05-05,42.91,Mia Akbar,Mia Akbar,,
E10,91,2023-05-05,73.45,Mia Akbar,Mia Akbar,,
E10,92,2023-05-05,36.84,Mia Akbar,Mia Akbar,,
E10,93,2023-05-05,38.14,Mia Akbar,Mia Akbar,,
E10,94,2023-05-05,55.72,Mia Akbar,Mia Akbar,,
E10,95,2023-05-05,41.23,Mia Akbar,Mia Akbar,,
E10,96,2023-05-05,45.43,Mia Akbar,Mia Akbar,,
E10,97,2023-05-05,35.64,Mia Akbar,Mia Akbar,,
E10,98,2023-05-05,47.52,Mia Akbar,Mia Akbar,,
E10,99,2023-05-05,49.95,Mia Akbar,Mia Akbar,,
E10,100,2023-05-05,40.22,Mia Akbar,Mia Akbar,,
E10,101,2023-05-05,78.04,Mia Akbar,Mia Akbar,,
E10,102,2023-05-05,41.08,Mia Akbar,Mia Akbar,,
E10,103,2023-05-05,69.22,Mia Akbar,Mia Akbar,,
E10,104,2023-05-05,50.63,Mia Akbar,Mia Akbar,,
E10,105,2023-05-05,56.94,Mia Akbar,Mia Akbar,,
E10,106,2023-05-05,40.92,Mia Akbar,Mia Akbar,,
E10,107,2023-05-05,37.33,Mia Akbar,Mia Akbar,,
E10,108,2023-05-05,58.73,Mia Akbar,Mia Akbar,,
E10,109,2023-05-05,40.95,Mia Akbar,Mia Akbar,,
E10,110,2023-05-05,56.22,Mia Akbar,Mia Akbar,,
E10,111,2023-05-05,46.84,Mia Akbar,Mia Akbar,,
E10,112,2023-05-05,44.42,Mia Akbar,Mia Akbar,,
E10,113,2023-05-05,41.32,Mia Akbar,Mia Akbar,,
E10,114,2023-05-05,38.46,Mia Akbar,Mia Akbar,,
E10,115,2023-05-05,39.61,Mia Akbar,Mia Akbar,,
E10,116,2023-05-05,63.34,Mia Akbar,Mia Akbar,,
E10,117,2023-05-05,39.11,Mia Akbar,Mia Akbar,,
E10,118,2023-05-05,40.11,Mia Akbar,Mia Akbar,,
E10,119,2023-05-05,48.78,Mia Akbar,Mia Akbar,,
E10,120,2023-05-05,35.34,Mia Akbar,Mia Akbar,,
E10,121,2023-05-05,62.63,Mia Akbar,Mia Akbar,,
E10,122,2023-05-05,45.82,Mia Akbar,Mia Akbar,,
E10,123,2023-05-05,66.42,Mia Akbar,Mia Akbar,,
E10,124,2023-05-05,73.76,Mia Akbar,Mia Akbar,,
E10,125,2023-05-05,47.83,Mia Akbar,Mia Akbar,,
E10,126,2023-05-05,53.66,Mia Akbar,Mia Akbar,,
E10,127,2023-05-05,38.04,Mia Akbar,Mia Akbar,,
E10,128,2023-05-05,41.23,Mia Akbar,Mia Akbar,,
E10,129,2023-05-05,50.71,Mia Akbar,Mia Akbar,,
E10,130,2023-05-05,40.64,Mia Akbar,Mia Akbar,,
E10,131,2023-05-05,38.55,Mia Akbar,Mia Akbar,,
E10,132,2023-05-05,41.61,Mia Akbar,Mia Akbar,,
E10,133,2023-05-05,103.9,Mia Akbar,Mia Akbar,,
E10,134,2023-05-05,36.65,Mia Akbar,Mia Akbar,,
E10,135,2023-05-05,50.78,Mia Akbar,Mia Akbar,,
E10,136,2023-05-05,37.64,Mia Akbar,Mia Akbar,,
E10,137,2023-05-05,37.21,Mia Akbar,Mia Akbar,,
E10,138,2023-05-05,57.39,Mia Akbar,Mia Akbar,,
E10,139,2023-05-05,37.8,Mia Akbar,Mia Akbar,,
E10,140,2023-05-05,33.61,Mia Akbar,Mia Akbar,1,no fruit
E10,141,2023-05-05,57.92,Mia Akbar,Mia Akbar,,
E10,142,2023-05-05,50.93,Mia Akbar,Mia Akbar,,
E10,143,2023-05-05,37.64,Mia Akbar,Mia Akbar,,
E10,144,2023-05-05,33.88,Mia Akbar,Mia Akbar,,
E10,145,2023-05-05,44.33,Mia Akbar,Mia Akbar,,
E10,146,2023-05-05,37.69,Mia Akbar,Mia Akbar,,
E10,147,2023-05-05,68.32,Mia Akbar,Mia Akbar,,
E10,148,2023-05-05,46.81,Mia Akbar,Mia Akbar,,
E10,149,2023-05-05,34.75,Mia Akbar,Mia Akbar,,
E10,150,2023-05-05,42.68,Mia Akbar,Mia Akbar,,
E10,151,2023-05-08,47.89,Mia Akbar,Mia Akbar,,
E10,152,2023-05-08,46.36,Mia Akbar,Mia Akbar,,
E10,153,2023-05-08,76.32,Mia Akbar,Mia Akbar,,
E10,154,2023-05-08,34.84,Mia Akbar,Mia Akbar,,
E10,155,2023-05-08,38.98,Mia Akbar,Mia Akbar,,
E10,156,2023-05-08,35.39,Mia Akbar,Mia Akbar,,
E10,157,2023-05-08,40.11,Mia Akbar,Mia Akbar,,
E10,158,2023-05-08,46.92,Mia Akbar,Mia Akbar,,
E10,159,2023-05-08,36.94,Mia Akbar,Mia Akbar,,
E10,160,2023-05-08,37.24,Mia Akbar,Mia Akbar,,
E10,161,2023-05-08,63.96,Mia Akbar,Mia Akbar,,
E10,162,2023-05-08,46.78,Mia Akbar,Mia Akbar,,
E10,163,2023-05-08,44.45,Mia Akbar,Mia Akbar,,
E10,164,2023-05-08,39.5,Mia Akbar,Mia Akbar,,
E10,165,2023-05-08,38.76,Mia Akbar,Mia Akbar,,
E10,166,2023-05-08,42.1,Mia Akbar,Mia Akbar,,
E10,167,2023-05-08,45.7,Mia Akbar,Mia Akbar,,
E10,168,2023-05-08,40.79,Mia Akbar,Mia Akbar,,
E10,169,2023-05-08,37.7,Mia Akbar,Mia Akbar,,
E10,170,2023-05-08,36.23,Mia Akbar,Mia Akbar,,
E10,171,2023-05-08,36.9,Mia Akbar,Mia Akbar,,
E10,172,2023-05-08,33.29,Mia Akbar,Mia Akbar,1,no fruit
E10,173,2023-05-08,65.27,Mia Akbar,Mia Akbar,,
E10,174,2023-05-08,37.64,Mia Akbar,Mia Akbar,,
E10,175,2023-05-08,46.94,Mia Akbar,Mia Akbar,,
E10,176,2023-05-08,41.74,Mia Akbar,Mia Akbar,,
E10,177,2023-05-08,38.73,Mia Akbar,Mia Akbar,,
E10,178,2023-05-08,63.84,Mia Akbar,Mia Akbar,,
E10,179,2023-05-08,47.04,Mia Akbar,Mia Akbar,,
E10,180,2023-05-08,53.94,Mia Akbar,Mia Akbar,,
E10,181,2023-05-08,65.27,Mia Akbar,Mia Akbar,,
E10,182,2023-05-08,35.24,Mia Akbar,Mia Akbar,,
E10,183,2023-05-08,42.01,Mia Akbar,Mia Akbar,,
E10,184,2023-05-08,42.87,Mia Akbar,Mia Akbar,,
E10,185,2023-05-08,41.17,Mia Akbar,Mia Akbar,,
E10,186,2023-05-08,41.8,Mia Akbar,Mia Akbar,,
E10,187,2023-05-08,41.64,Mia Akbar,Mia Akbar,,
E10,188,2023-05-08,43.79,Mia Akbar,Mia Akbar,,
E10,189,2023-05-08,56.92,Mia Akbar,Mia Akbar,,
E10,190,2023-05-08,35.09,Mia Akbar,Mia Akbar,,
E10,191,2023-05-08,42.14,Mia Akbar,Mia Akbar,,
E10,192,2023-05-08,45.27,Mia Akbar,Mia Akbar,,
E10,193,2023-05-08,87.07,Mia Akbar,Mia Akbar,,
E10,194,2023-05-08,63.69,Mia Akbar,Mia Akbar,,
E10,195,2023-05-08,39.46,Mia Akbar,Mia Akbar,,
E10,196,2023-05-08,38.11,Mia Akbar,Mia Akbar,,
E10,197,2023-05-08,61,Mia Akbar,Mia Akbar,,
E10,198,2023-05-08,48.47,Mia Akbar,Mia Akbar,,
E10,199,2023-05-08,45.12,Mia Akbar,Mia Akbar,,
E10,200,2023-05-08,40.84,Mia Akbar,Mia Akbar,,
E10,201,2023-05-08,68.06,Mia Akbar,Mia Akbar,,